{
"type": "FeatureCollection",
"name": "logradouros",
"crs": { "type": "name", "properties": { "name": "urn:ogc:def:crs:OGC:1.3:CRS84" } },
"features": [
{"type":"Feature","properties":{"name":"Rua Enock Ignácio de Oliveira","descricao":"Lei 565 de 05.12.83 (antiga R. 15 de novembro)","codigo":"5","bairro":"NOSSA SENHORA DA PENHA - BOM JESUS - AABB","cep":"56903400"},"geometry":{"type":"LineString","coordinates":[[-38.2947066,-7.991967,0.0],[-38.2947937,-7.9919593,0.0],[-38.2949143,-7.9919423,0.0],[-38.2950107,-7.9919268,0.0],[-38.294766,-7.9923041,0.0],[-38.2945025,-7.9926495,0.0],[-38.294766,-7.9923041,0.0],[-38.2950107,-7.9919268,0.0],[-38.2980278,-7.991212,0.0],[-38.3014979,-7.9903985,0.0],[-38.3025356,-7.9901698,0.0],[-38.3032637,-7.989997,0.0],[-38.3038201,-7.9898348,0.0],[-38.3065928,-7.9890372,0.0]]}},
{"type":"Feature","properties":{"name":"Avenida Afonso Magalhães","descricao":"Lei 229 de 10.02.68 (antiga Av. Santos Dumont)","codigo":"75","bairro":"NOSSA SENHORA DA PENHA - AABB - SÃO CRISTÓVÃO","cep":"56912380"},"geometry":{"type":"LineString","coordinates":[[-38.2947734,-7.9921983,0.0],[-38.294621,-7.9920616,0.0],[-38.2945438,-7.9919249,0.0],[-38.2919174,-7.9899651,0.0],[-38.2914775,-7.9890089,0.0],[-38.2895785,-7.9821878,0.0]]}},
{"type":"Feature","properties":{"name":"Rua Cornélio Soares","descricao":"Lei 56 de 27.08.55 (antiga Rua Coronel Siqueira Campos)","codigo":"3","bairro":"NOSSA SENHORA DA PENHA","cep":"56903440"},"geometry":{"type":"LineString","coordinates":[[-38.2966678,-7.993154,0.0],[-38.2976533,-7.9929636,0.0],[-38.298364,-7.9928103,0.0],[-38.3002867,-7.9924056,0.0],[-38.3022347,-7.9920079,0.0],[-38.3031929,-7.9918094,0.0],[-38.3036807,-7.9916994,0.0],[-38.3041296,-7.991551,0.0]]}},
{"type":"Feature","properties":{"name":"Rua Joaquim Godoy","descricao":"Lei 75 de 30.12.52","codigo":"20","bairro":"NOSSA SENHORA DA PENHA","cep":"56912450"},"geometry":{"type":"LineString","coordinates":[[-38.2974269,-7.9940837,0.0],[-38.2969535,-7.9936016,0.0],[-38.2967651,-7.993407,0.0],[-38.2966276,-7.993239,0.0],[-38.2965083,-7.9923649,0.0],[-38.2964144,-7.9916106,0.0],[-38.2962106,-7.9900992,0.0],[-38.2960389,-7.9891722,0.0]]}},
{"type":"Feature","properties":{"name":"Rua Isnero Inácio de Oliveira ","descricao":"Lei 430 de 12.05.77 (antiga R. 7 de Setembro)","codigo":"16","bairro":"NOSSA SENHORA DA PENHA","cep":"56903450"},"geometry":{"type":"LineString","coordinates":[[-38.2995273,-7.992795,0.0],[-38.2974888,-7.9941151,0.0]]}},
{"type":"Feature","properties":{"name":"Rua Custódio Conrado de Lorena e Sá","descricao":"Lei 594 de 30.04.85","codigo":"1535","bairro":"NOSSA SENHORA DA PENHA - AABB","cep":"56912550"},"geometry":{"type":"LineString","coordinates":[[-38.297474,-7.9941523,0.0],[-38.2971825,-7.9944988,0.0],[-38.2965871,-7.9958269,0.0],[-38.2961016,-7.9964352,0.0],[-38.2953358,-7.9970607,0.0],[-38.2934898,-7.9983841,0.0],[-38.2927532,-7.9989103,0.0],[-38.2915619,-7.9997526,0.0]]}},
{"type":"Feature","properties":{"name":"Rua Irineu Alves de Magalhães","descricao":"","codigo":"156","bairro":"AABB","cep":"56912140"},"geometry":{"type":"LineString","coordinates":[[-38.2938613,-7.9995496,0.0],[-38.2934576,-7.9983783,0.0],[-38.2925926,-7.997017,0.0],[-38.2909243,-7.993835,0.0]]}},
{"type":"Feature","properties":{"name":"Rua Manoel Antônio dos Santos","descricao":"","codigo":"158","bairro":"AABB","cep":"56912225"},"geometry":{"type":"LineString","coordinates":[[-38.2953588,-7.9971196,0.0],[-38.2962922,-7.9983892,0.0]]}},
{"type":"Feature","properties":{"name":"Rua Maria da Glória Nogueira","descricao":"","codigo":"175","bairro":"AABB","cep":"56906530"},"geometry":{"type":"LineString","coordinates":[[-38.2965205,-7.9982807,0.0],[-38.2950587,-7.9993405,0.0]]}},
{"type":"Feature","properties":{"name":"Travessa Maria da Glória Nogueira","descricao":"","codigo":"9188","bairro":"AABB","cep":""},"geometry":{"type":"LineString","coordinates":[[-38.2965406,-7.9982768,0.0],[-38.2970471,-7.998869,0.0]]}},
{"type":"Feature","properties":{"name":"Rua Licácia Simonia de Souza","descricao":"Lei 1205 de 09.10.07","codigo":"822","bairro":"AABB","cep":"56912500"},"geometry":{"type":"LineString","coordinates":[[-38.2970228,-7.9995595,0.0],[-38.2962381,-7.998521,0.0]]}},
{"type":"Feature","properties":{"name":"Praça Adriana Carla de Souza","descricao":"Lei 1206 de 11.12.07","codigo":"861","bairro":"AABB","cep":"56912555"},"geometry":{"type":"LineString","coordinates":[[-38.2971554,-8.0005125,0.0],[-38.2964728,-7.9995776,0.0],[-38.2958761,-7.9988033,0.0],[-38.2964728,-7.9995776,0.0],[-38.2963695,-7.9996546,0.0],[-38.2957808,-7.9988804,0.0]]}},
{"type":"Feature","properties":{"name":"Travessa Licácia Simonia de Souza","descricao":"","codigo":"1437","bairro":"AABB","cep":""},"geometry":{"type":"LineString","coordinates":[[-38.2965264,-7.9995771,0.0],[-38.2970923,-7.9991428,0.0]]}},
{"type":"Feature","properties":{"name":"Rua Rufino Nicolau","descricao":"","codigo":"154","bairro":"AABB","cep":"56912350"},"geometry":{"type":"LineString","coordinates":[[-38.2957398,-7.9966408,0.0],[-38.2947769,-7.9954256,0.0]]}},
{"type":"Feature","properties":{"name":"Rua Geraldo Joaquim dos Santos","descricao":"Lei 885 de 26.02.96","codigo":"307","bairro":"AABB","cep":"56912235"},"geometry":{"type":"LineString","coordinates":[[-38.2962553,-7.9961377,0.0],[-38.295287,-7.9953834,0.0]]}},
{"type":"Feature","properties":{"name":"Rua Manoel Martiniano dos Santos","descricao":"Lei 672 de 28.10.88 (conhecida por Rua Manoel Macário)","codigo":"153","bairro":"AABB","cep":"56912165"},"geometry":{"type":"LineString","coordinates":[[-38.296542,-7.9957584,0.0],[-38.2962214,-7.9955181,0.0],[-38.2954623,-7.9949164,0.0]]}},
{"type":"Feature","properties":{"name":"Rua José Joaquim de Lima","descricao":"Lei 582 de 28.10.84 (Deca Melo)","codigo":"152","bairro":"NOSSA SENHORA DA PENHA - AABB","cep":"56912290"},"geometry":{"type":"LineString","coordinates":[[-38.2958455,-7.99459,0.0],[-38.2954244,-7.9948785,0.0],[-38.2942925,-7.9957223,0.0],[-38.2921038,-7.9973964,0.0],[-38.2882119,-8.0003568,0.0]]}},
{"type":"Feature","properties":{"name":"Travessa Irineu Alves de Magalhães","descricao":"","codigo":"1469","bairro":"AABB","cep":""},"geometry":{"type":"LineString","coordinates":[[-38.2930813,-7.997859,0.0],[-38.2925636,-7.9982494,0.0]]}},
{"type":"Feature","properties":{"name":"Rua José Alves Conserva","descricao":"Lei 1147 de 12.04.06","codigo":"412","bairro":"AABB","cep":"56912156"},"geometry":{"type":"LineString","coordinates":[[-38.2925509,-7.9984293,0.0],[-38.2913842,-7.9993337,0.0]]}},
{"type":"Feature","properties":{"name":"Rua Joaquim Alves de Magalhães","descricao":"","codigo":"137","bairro":"AABB - NOSSA SENHORA DA CONCEIÇÃO","cep":"56912150"},"geometry":{"type":"LineString","coordinates":[[-38.2927817,-7.9988395,0.0],[-38.2883681,-7.9895072,0.0],[-38.2882662,-7.9894222,0.0],[-38.2871826,-7.9871538,0.0]]}},
{"type":"Feature","properties":{"name":"Travessa Hélder Rômulo Magalhães Araújo de Meneses","descricao":"Lei 1811 de 12.02.2021 (antiga Travessa Joaquim Alves de Magalhães I)","codigo":"155","bairro":"AABB","cep":"56912532"},"geometry":{"type":"LineString","coordinates":[[-38.2900146,-7.995808,0.0],[-38.2914281,-7.9949978,0.0]]}},
{"type":"Feature","properties":{"name":"Rua Coronel Manoel Pereira da Silva","descricao":"Lei 4 de 18.12.47 (Comandante Superior, antiga Rua Tobias Barreto)","codigo":"7","bairro":"NOSSA SENHORA DA PENHA - SÃO CRISTÓVÃO","cep":"56903490"},"geometry":{"type":"LineString","coordinates":[[-38.2997993,-7.993693,0.0],[-38.2974766,-7.983964,0.0]]}},
{"type":"Feature","properties":{"name":"Travessa Luiz de Barros","descricao":"Lei 316 de 26.10.71 (Antiga Tv. Domingos Rodrigues)","codigo":"82","bairro":"NOSSA SENHORA DA PENHA","cep":"56903442"},"geometry":{"type":"LineString","coordinates":[[-38.3003368,-7.9924999,0.0],[-38.3006908,-7.9930842,0.0],[-38.3011146,-7.9935916,0.0],[-38.3012702,-7.9938598,0.0]]}},
{"type":"Feature","properties":{"name":"Rua Oscar Barbosa Nogueira","descricao":"","codigo":"83","bairro":"NOSSA SENHORA DA PENHA","cep":"56903491"},"geometry":{"type":"LineString","coordinates":[[-38.3006628,-7.9930965,0.0],[-38.3003732,-7.9932983,0.0]]}},
{"type":"Feature","properties":{"name":"Travessa Coronel Manoel Pereira da Silva","descricao":"Travessa Comandante Superior","codigo":"80","bairro":"NOSSA SENHORA DA PENHA","cep":"0"},"geometry":{"type":"LineString","coordinates":[[-38.3001733,-7.9936542,0.0],[-38.299551,-7.9938162,0.0]]}},
{"type":"Feature","properties":{"name":"Rua Alexandre Barbosa Nogueira","descricao":"Lei 502 de 20.04.80","codigo":"81","bairro":"NOSSA SENHORA DA PENHA","cep":"56903492"},"geometry":{"type":"LineString","coordinates":[[-38.2995564,-7.9938441,0.0],[-38.2996644,-7.994214,0.0],[-38.2997898,-7.9945799,0.0]]}},
{"type":"Feature","properties":{"name":"Rua Joca Magalhães","descricao":"","codigo":"6","bairro":"NOSSA SENHORA DA PENHA - SÃO CRISTÓVÃO","cep":"56903480"},"geometry":{"type":"LineString","coordinates":[[-38.2964498,-7.9844065,0.0],[-38.2969124,-7.9855713,0.0],[-38.2983997,-7.9934376,0.0]]}},
{"type":"Feature","properties":{"name":"Rua Adolfo Bezerra Sampaio","descricao":"","codigo":"57","bairro":"SÃO CRISTÓVÃO","cep":"56903640"},"geometry":{"type":"LineString","coordinates":[[-38.2964341,-7.9843534,0.0],[-38.2951064,-7.9828447,0.0]]}},
{"type":"Feature","properties":{"name":"Rua Irmã Superiora Luiza Rocha","descricao":"Lei 124 de 23.05.61 (antiga R. Boa Vista)","codigo":"15","bairro":"NOSSA SENHORA DA PENHA","cep":"56903470"},"geometry":{"type":"LineString","coordinates":[[-38.2978144,-7.9937559,0.0],[-38.2971063,-7.9907492,0.0]]}},
{"type":"Feature","properties":{"name":"Praça Barão do Pajeú","descricao":"Lei 182 de 03.09.65 (antiga Praça Senador Manoel Borba)","codigo":"4","bairro":"NOSSA SENHORA DA PENHA","cep":"56903420"},"geometry":{"type":"LineString","coordinates":[[-38.2981831,-7.991781,0.0],[-38.2987115,-7.9916654,0.0],[-38.2992587,-7.9915419,0.0],[-38.2987115,-7.9916654,0.0],[-38.2987745,-7.9919576,0.0],[-38.2993284,-7.9918341,0.0],[-38.2987745,-7.9919576,0.0],[-38.2982314,-7.9920758,0.0]]}},
{"type":"Feature","properties":{"name":"Praça Doutor Sérgio Magalhães","descricao":"Lei 75 de 30.12.52 (antigas Afonso Pequeno e Conego Torres)","codigo":"2","bairro":"NOSSA SENHORA DA PENHA","cep":"56903415"},"geometry":{"type":"LineString","coordinates":[[-38.2992886,-7.9915396,0.0],[-38.3011608,-7.9911305,0.0],[-38.3012198,-7.9914094,0.0],[-38.2993476,-7.9918211,0.0]]}},
{"type":"Feature","properties":{"name":"Rua José Olavo de Andrada","descricao":"Lei 339 de 24.04.73 (antiga Travessa Monsenhor Afonso Pequeno e conhecida por Travessa José Olavo de Andrada)","codigo":"10","bairro":"NOSSA SENHORA DA PENHA","cep":"56903512"},"geometry":{"type":"LineString","coordinates":[[-38.3013228,-7.9910708,0.0],[-38.3037744,-7.9904772,0.0]]}},
{"type":"Feature","properties":{"name":"Travessa Sebastião Inácio","descricao":"PL 1 de 10.02.67 não aprovado (antiga Travessa Cleto Campelo)","codigo":"26","bairro":"NOSSA SENHORA DA PENHA","cep":"56903411"},"geometry":{"type":"LineString","coordinates":[[-38.3018405,-7.9913122,0.0],[-38.3013684,-7.9914238,0.0]]}},
{"type":"Feature","properties":{"name":"Praça Governador Agamenon Magalhães","descricao":"Lei 75 de 30.12.52 (antiga Praça João Pessoa)","codigo":"1","bairro":"NOSSA SENHORA DA PENHA","cep":"56903530"},"geometry":{"type":"LineString","coordinates":[[-38.3023019,-7.9919205,0.0],[-38.302039,-7.9909297,0.0],[-38.301811,-7.9909855,0.0],[-38.3020873,-7.9919816,0.0]]}},
{"type":"Feature","properties":{"name":"Travessa Nenem Jurubeba","descricao":"Lei 247 de 26.02.69 (conhecida como Rua Manoel Joaquim Polycarpo Lima, antiga Travessa Barreto).","codigo":"9","bairro":"NOSSA SENHORA DA PENHA","cep":"56903441"},"geometry":{"type":"LineString","coordinates":[[-38.3007699,-7.991599,0.0],[-38.3008986,-7.9921834,0.0]]}},
{"type":"Feature","properties":{"name":"Rua Joaquim Conrado de Lorena e Sá","descricao":"Lei 564 de 05.12.83 (antiga R. Rui Barbosa)","codigo":"12","bairro":"NOSSA SENHORA DA PENHA","cep":"56903655"},"geometry":{"type":"LineString","coordinates":[[-38.3030634,-7.9917642,0.0],[-38.3024739,-7.9901857,0.0],[-38.3013414,-7.9869751,0.0]]}},
{"type":"Feature","properties":{"name":"Travessa 13 de Maio","descricao":"","codigo":"24","bairro":"NOSSA SENHORA DA PENHA","cep":"56903431"},"geometry":{"type":"LineString","coordinates":[[-38.3032792,-7.9913144,0.0],[-38.3039658,-7.9910541,0.0]]}},
{"type":"Feature","properties":{"name":"Rua Monsenhor Afonso Pequeno","descricao":"Lei 563 de 05.12.83 (antiga R. 13 de Maio)","codigo":"18","bairro":"NOSSA SENHORA DA PENHA","cep":"56903505"},"geometry":{"type":"LineString","coordinates":[[-38.3035133,-7.9911651,0.0],[-38.3031886,-7.9900182,0.0],[-38.3024001,-7.9873482,0.0]]}},
{"type":"Feature","properties":{"name":"Rua Luiz Gonzaga do Nascimento","descricao":"Lei 704 de 13.10.89 (Rei do Baião)","codigo":"13","bairro":"NOSSA SENHORA DA PENHA","cep":"56903550"},"geometry":{"type":"LineString","coordinates":[[-38.3041249,-7.9914678,0.0],[-38.3036475,-7.9899511,0.0]]}},
{"type":"Feature","properties":{"name":"Rua Capitão Agostinho Nunes de Magalhães","descricao":"Lei 4 de 18.12.47 (antigas Rua Pereiros e Rua São Pedro)","codigo":"21","bairro":"NOSSA SENHORA DA PENHA","cep":"56903510"},"geometry":{"type":"LineString","coordinates":[[-38.3011503,-7.9910508,0.0],[-38.3000935,-7.9864503,0.0]]}},
{"type":"Feature","properties":{"name":"Rua Padre Romão Ferraz","descricao":"","codigo":"22","bairro":"NOSSA SENHORA DA PENHA - SÃO CRISTÓVÃO","cep":"56903500"},"geometry":{"type":"LineString","coordinates":[[-38.3002478,-7.9906177,0.0],[-38.2991696,-7.9857144,0.0]]}},
{"type":"Feature","properties":{"name":"Rua Henrique de Melo","descricao":"","codigo":"23","bairro":"NOSSA SENHORA DA PENHA","cep":"56903520"},"geometry":{"type":"LineString","coordinates":[[-38.3012988,-7.9890626,0.0],[-38.3008804,-7.987352,0.0]]}},
{"type":"Feature","properties":{"name":"Rua Deputado Afrânio Godoy","descricao":"Lei 279 de 10.10.69 (antiga Rua João Pessoa)","codigo":"8","bairro":"NOSSA SENHORA DA PENHA","cep":"56903390"},"geometry":{"type":"LineString","coordinates":[[-38.3034973,-7.9891601,0.0],[-38.3009331,-7.9897711,0.0],[-38.2963707,-7.9908601,0.0],[-38.2941552,-7.9914179,0.0]]}},
{"type":"Feature","properties":{"name":"Rua Cirilo Xavier de Moraes","descricao":"Lei 32 de 20.08.51 ","codigo":"14","bairro":"NOSSA SENHORA DA PENHA","cep":"56903370"},"geometry":{"type":"LineString","coordinates":[[-38.3033271,-7.9885807,0.0],[-38.3000548,-7.9894014,0.0]]}},
{"type":"Feature","properties":{"name":"Rua Jacinto Alves de Carvalho","descricao":"Lei 189-A de 02.03.66","codigo":"19","bairro":"NOSSA SENHORA DA PENHA","cep":"56903360"},"geometry":{"type":"LineString","coordinates":[[-38.3015696,-7.9870667,0.0],[-38.2952508,-7.9893666,0.0],[-38.2950872,-7.9894622,0.0]]}},
{"type":"Feature","properties":{"name":"Rua Tabelião Tiburtino Barbosa Nogueira","descricao":"","codigo":"25","bairro":"NOSSA SENHORA DA PENHA","cep":"56903380"},"geometry":{"type":"LineString","coordinates":[[-38.2988299,-7.9896866,0.0],[-38.2977972,-7.9898884,0.0],[-38.2962469,-7.9899973,0.0],[-38.2955415,-7.990093,0.0],[-38.2947744,-7.9902736,0.0],[-38.2934065,-7.9908898,0.0]]}},
{"type":"Feature","properties":{"name":"Rua Inocêncio Gomes de Andrada","descricao":"","codigo":"71","bairro":"NOSSA SENHORA DA PENHA - SÃO CRISTÓVÃO","cep":"56912440"},"geometry":{"type":"LineString","coordinates":[[-38.2961586,-7.990889,0.0],[-38.2944286,-7.9887693,0.0],[-38.2932202,-7.9870999,0.0]]}},
{"type":"Feature","properties":{"name":"Rua Isidoro Conrado de Lorena e Sá","descricao":"","codigo":"27","bairro":"NOSSA SENHORA DA PENHA - SÃO CRISTÓVÃO","cep":"56903090"},"geometry":{"type":"LineString","coordinates":[[-38.2972736,-7.9898689,0.0],[-38.2968659,-7.989691,0.0],[-38.2960666,-7.9891199,0.0],[-38.2903846,-7.9850003,0.0],[-38.2871284,-7.9826256,0.0]]}},
{"type":"Feature","properties":{"name":"Rua Horácio Gomes de Andrada","descricao":"","codigo":"53","bairro":"NOSSA SENHORA DA PENHA - SÃO CRISTÓVÃO","cep":"56903330"},"geometry":{"type":"LineString","coordinates":[[-38.2969618,-7.9886874,0.0],[-38.294655,-7.9847159,0.0]]}},
{"type":"Feature","properties":{"name":"Avenida Miguel Nunes de Souza","descricao":"Lei 220 de 15.09.67 (antiga R. Gordilho de Castro)","codigo":"55","bairro":"SÃO CRISTÓVÃO","cep":"56903120"},"geometry":{"type":"LineString","coordinates":[[-38.2980722,-7.9867308,0.0],[-38.2970125,-7.986161,0.0],[-38.2929272,-7.9833707,0.0],[-38.2922271,-7.9819762,0.0]]}},
{"type":"Feature","properties":{"name":"Rua José Filomeno Pereira","descricao":"Lei 1652 de 11.12.17 (Conhecida como Zé Bengo, antiga Rua Projetada 18)","codigo":"211","bairro":"TANCREDO NEVES","cep":"56909292"},"geometry":{"type":"LineString","coordinates":[[-38.2805182,-7.9777965,0.0],[-38.2794909,-7.9783676,0.0]]}},
{"type":"Feature","properties":{"name":"Rua Aristides José de Melo","descricao":"Lei 1523 de 26.02.16 (antiga Rua Projetada 17)","codigo":"219","bairro":"TANCREDO NEVES","cep":"56909200"},"geometry":{"type":"LineString","coordinates":[[-38.2801856,-7.9773965,0.0],[-38.2792576,-7.9779145,0.0]]}},
{"type":"Feature","properties":{"name":"Rua Antônio Gomes da Silva","descricao":"Lei 1519 de 26.02.16 (Conhecida como Antônio de Afonso, antiga Rua Projetada 05)","codigo":"216","bairro":"TANCREDO NEVES","cep":"56909180"},"geometry":{"type":"LineString","coordinates":[[-38.2815825,-7.9777996,0.0],[-38.2795628,-7.9789126,0.0]]}},
{"type":"Feature","properties":{"name":"Rua Adalgisa Andreza da Silva","descricao":"Lei 1520 de 26.02.16 (Conhecida como Dona Daza, antiga Rua Projetada 12)","codigo":"218","bairro":"TANCREDO NEVES","cep":"56909260"},"geometry":{"type":"LineString","coordinates":[[-38.2804464,-7.976674,0.0],[-38.2799395,-7.9757815,0.0]]}},
{"type":"Feature","properties":{"name":"Rua José Vicente Dias","descricao":"Lei 1521 de 26.02.16 (antiga Rua 14)","codigo":"212","bairro":"TANCREDO NEVES","cep":"56909230"},"geometry":{"type":"LineString","coordinates":[[-38.2796286,-7.9762574,0.0],[-38.278958,-7.9766107,0.0]]}},
{"type":"Feature","properties":{"name":"Rua Mariano Nogueira Peixoto","descricao":"Lei 1495 de 18.11.15 (antiga Rua Projetada 15 e Rua Maria Domingos de Jesus, alterada pela lei nº 1875/2021)","codigo":"210","bairro":"TANCREDO NEVES","cep":"56909295"},"geometry":{"type":"LineString","coordinates":[[-38.2797949,-7.9766519,0.0],[-38.2790519,-7.9770609,0.0]]}},
{"type":"Feature","properties":{"name":"Rua Modesto de Sá Ferraz","descricao":"Lei 1528 de 23.03.16 (antiga Rua Projetada 16)","codigo":"198","bairro":"TANCREDO NEVES","cep":"56909268"},"geometry":{"type":"LineString","coordinates":[[-38.2800521,-7.9769726,0.0],[-38.2792367,-7.9774322,0.0]]}},
{"type":"Feature","properties":{"name":"Rua Fábio Eliodorio da Silva Sobrinho","descricao":"Lei 1530 de 23.03.16 (antiga Rua Projetada 13)","codigo":"237","bairro":"TANCREDO NEVES","cep":"56909262"},"geometry":{"type":"LineString","coordinates":[[-38.2788271,-7.9761103,0.0],[-38.2813001,-7.975247,0.0]]}},
{"type":"Feature","properties":{"name":"Rua Andrelino José de Lima","descricao":"Lei 868 de 28.10.94 (antiga Rua Projetada 03)","codigo":"1408","bairro":"TANCREDO NEVES","cep":"56909145"},"geometry":{"type":"LineString","coordinates":[[-38.2824526,-7.9755989,0.0],[-38.2801566,-7.9769218,0.0]]}},
{"type":"Feature","properties":{"name":"Rua Francina Ferraz de Souza","descricao":"Lei 1531 de 23.03.16 (antiga Rua Projetada 20)","codigo":"231","bairro":"TANCREDO NEVES","cep":"56909266"},"geometry":{"type":"LineString","coordinates":[[-38.2803791,-7.9794681,0.0],[-38.2797783,-7.9797735,0.0]]}},
{"type":"Feature","properties":{"name":"Avenida Luiz Cosme de Magalhães (PE-365)","descricao":"Lei 427 de 12.05.77 (antiga Av. Triunfo)","codigo":"179","bairro":"NOSSA SENHORA DE FÁTIMA - JOSÉ TOMÉ DE SOUZA - TANCREDO NEVES","cep":"56909430"},"geometry":{"type":"LineString","coordinates":[[-38.2891431,-7.9817625,0.0],[-38.2610021,-7.9513785,0.0]]}},
{"type":"Feature","properties":{"name":"Rua Paulo Sabino da Silva","descricao":"Lei 1553 de 22.07.16 (antiga Travessa Onze)","codigo":"258","bairro":"BOM JESUS","cep":"56906405"},"geometry":{"type":"LineString","coordinates":[[-38.3095377,-7.9903898,0.0],[-38.3104577,-7.9899356,0.0],[-38.310493,-7.989995,0.0],[-38.3106615,-7.9900219,0.0],[-38.3118524,-7.9901773,0.0],[-38.3121408,-7.9901813,0.0]]}},
{"type":"Feature","properties":{"name":"Rua Sebastião Benedito de Lima","descricao":"Lei 1587 de 22.03.17 (antiga Rua Projetada 19)","codigo":"233","bairro":"TANCREDO NEVES","cep":"56909170"},"geometry":{"type":"LineString","coordinates":[[-38.2801864,-7.9790735,0.0],[-38.2796848,-7.979363,0.0]]}},
{"type":"Feature","properties":{"name":"Rua Expedito Pedro da Silva","descricao":"Lei 1588 de 22.03.17 (conhecida como Expedito Fumeiro, antiga Rua S)","codigo":"255","bairro":"BOM JESUS","cep":"56906382"},"geometry":{"type":"LineString","coordinates":[[-38.3129433,-7.9884106,0.0],[-38.3129023,-7.9884723,0.0],[-38.3128346,-7.9885261,0.0],[-38.3104343,-7.9891966,0.0],[-38.3101165,-7.989261,0.0],[-38.309967,-7.9892799,0.0],[-38.3097509,-7.989191,0.0],[-38.3094529,-7.9892382,0.0],[-38.3086696,-7.989567,0.0]]}},
{"type":"Feature","properties":{"name":"Rua Capitão Hemetério Nogueira","descricao":"","codigo":"37","bairro":"NOSSA SENHORA DA PENHA","cep":"0"},"geometry":{"type":"LineString","coordinates":[[-38.3036898,-7.9897945,0.0],[-38.3029817,-7.987473,0.0]]}},
{"type":"Feature","properties":{"name":"Rua Manoel Pereira Lins","descricao":"","codigo":"42","bairro":"NOSSA SENHORA DA PENHA - SÃO CRISTÓVÃO - AABB - NOSSA SENHORA DA CONCEIÇÃO","cep":"56903340"},"geometry":{"type":"LineString","coordinates":[[-38.3000519,-7.9864617,0.0],[-38.2998521,-7.9865481,0.0],[-38.2942999,-7.988588,0.0],[-38.2930519,-7.9888835,0.0],[-38.2917564,-7.9892799,0.0],[-38.2930519,-7.9888835,0.0],[-38.2942999,-7.988588,0.0],[-38.2876178,-7.9895694,0.0],[-38.2853016,-7.9899293,0.0],[-38.2852145,-7.9899174,0.0],[-38.2823942,-7.9906132,0.0],[-38.2852145,-7.9899174,0.0],[-38.2853016,-7.9899293,0.0],[-38.2876178,-7.9895694,0.0],[-38.2853456,-7.9903872,0.0]]}},
{"type":"Feature","properties":{"name":"Rua Antônio Terto","descricao":"","codigo":"73","bairro":"NOSSA SENHORA DA PENHA","cep":"56912390"},"geometry":{"type":"LineString","coordinates":[[-38.2939157,-7.9892896,0.0],[-38.2925263,-7.9902193,0.0]]}},
{"type":"Feature","properties":{"name":"Rua Bernardino Coelho Magalhães","descricao":"Lei 264 de 19.03.69","codigo":"74","bairro":"NOSSA SENHORA DA PENHA - SÃO CRISTÓVÃO","cep":"56903660"},"geometry":{"type":"LineString","coordinates":[[-38.2937835,-7.990626,0.0],[-38.2927374,-7.9890429,0.0]]}},
{"type":"Feature","properties":{"name":"Rua Conselheiro João Nunes de Souza","descricao":"Lei 180 de 28.08.65","codigo":"72","bairro":"NOSSA SENHORA DA PENHA","cep":"56912410"},"geometry":{"type":"LineString","coordinates":[[-38.2956884,-7.9916789,0.0],[-38.2936834,-7.9888169,0.0]]}},
{"type":"Feature","properties":{"name":"Rua José Alves da Silveira Lima","descricao":"","codigo":"39","bairro":"SÃO CRISTÓVÃO","cep":"56903300"},"geometry":{"type":"LineString","coordinates":[[-38.2992714,-7.9856222,0.0],[-38.2936963,-7.9877019,0.0],[-38.2905099,-7.9887166,0.0]]}},
{"type":"Feature","properties":{"name":"Rua Josefa Firmino dos Santos","descricao":"Lei 644 de 31.10.87","codigo":"59","bairro":"SÃO CRISTÓVÃO","cep":"56903200"},"geometry":{"type":"LineString","coordinates":[[-38.2975485,-7.9862056,0.0],[-38.2973124,-7.9854088,0.0]]}},
{"type":"Feature","properties":{"name":"Rua Manoel Andrelino Nogueira","descricao":"Lei 285 de 30.04.70","codigo":"40","bairro":"SÃO CRISTÓVÃO","cep":"56903210"},"geometry":{"type":"LineString","coordinates":[[-38.2976963,-7.985244,0.0],[-38.2953975,-7.9859838,0.0],[-38.2960226,-7.9855787,0.0],[-38.2953975,-7.9859838,0.0],[-38.2929553,-7.986778,0.0]]}},
{"type":"Feature","properties":{"name":"Travessa Isabel Otaviana de Barros","descricao":"Lei 1810 de 12.02.2021 (antiga Travessa Joaquim Alves de Magalhães II)","codigo":"9174","bairro":"AABB","cep":"56912536"},"geometry":{"type":"LineString","coordinates":[[-38.2907871,-7.9947484,0.0],[-38.2898671,-7.9952743,0.0]]}},
{"type":"Feature","properties":{"name":"Avenida Waldemar Ignácio de Oliveira","descricao":"Lei 696 de 31.07.89","codigo":"54","bairro":"NOSSA SENHORA DA PENHA","cep":"56906010"},"geometry":{"type":"LineString","coordinates":[[-38.3010029,-7.986552,0.0],[-38.3010338,-7.9863435,0.0],[-38.301066,-7.9860527,0.0],[-38.3013616,-7.9827384,0.0]]}},
{"type":"Feature","properties":{"name":"Avenida Vicente Inácio de Oliveira","descricao":"Lei 861 de 31.01.94 (Via Pública na BR-232, Conhecida como Missena Inácio, antiga Avenida Central)","codigo":"87","bairro":"BOM JESUS - SÃO SEBASTIÃO - CACHOEIRA - NOSSA SENHORA DA PENHA - SÃO CRISTÓVÃO - VILA BELA","cep":"56906000"},"geometry":{"type":"LineString","coordinates":[[-38.2962679,-7.9821884,0.0],[-38.3013348,-7.9826665,0.0],[-38.3015896,-7.9826426,0.0],[-38.3018713,-7.9825762,0.0],[-38.3079894,-7.9801165,0.0],[-38.3086921,-7.9799385,0.0],[-38.3093573,-7.9798376,0.0],[-38.3098347,-7.979811,0.0],[-38.3123638,-7.9796829,0.0],[-38.3127554,-7.9796829,0.0],[-38.3131845,-7.9797519,0.0],[-38.3135493,-7.9798422,0.0],[-38.3140536,-7.9800494,0.0],[-38.3259641,-7.9865197,0.0]]}},
{"type":"Feature","properties":{"name":"Avenida João Gomes de Lucena","descricao":"Lei 123 de 15.04.61 (Via Pública na BR-232, antiga Avenida Central)","codigo":"99","bairro":"SÃO CRISTÓVÃO - JOSÉ TOMÉ DE SOUZA - NOSSA SENHORA DE FÁTIMA - TANCREDO NEVES - NOSSA SENHORA DA CONCEIÇÃO - JOSÉ ALVES CARVALHO NUNES","cep":"56903000"},"geometry":{"type":"LineString","coordinates":[[-38.2961848,-7.9821845,0.0],[-38.2912904,-7.9816593,0.0],[-38.2908505,-7.9816965,0.0],[-38.2724893,-7.9852873,0.0]]}},
{"type":"Feature","properties":{"name":"Travessa José Alves da Silveira Lima","descricao":"Beco Cazé Romão","codigo":"66","bairro":"SÃO CRISTÓVÃO","cep":"56903291"},"geometry":{"type":"LineString","coordinates":[[-38.2989483,-7.9868051,0.0],[-38.2986184,-7.985963,0.0]]}},
{"type":"Feature","properties":{"name":"Rua Mário Lira","descricao":"","codigo":"52","bairro":"SÃO CRISTÓVÃO","cep":"56903310"},"geometry":{"type":"LineString","coordinates":[[-38.2953935,-7.9881295,0.0],[-38.2951816,-7.987585,0.0],[-38.294562,-7.9852396,0.0]]}},
{"type":"Feature","properties":{"name":"Rua Bernardino Coelho Magalhães","descricao":"Prolongamento (Bairro São Cristóvão)","codigo":"74","bairro":"NOSSA SENHORA DA PENHA - SÃO CRISTÓVÃO","cep":"56903660"},"geometry":{"type":"LineString","coordinates":[[-38.2926803,-7.9887916,0.0],[-38.2924845,-7.9876627,0.0]]}},
{"type":"Feature","properties":{"name":"Avenida Doutor Ademar Xavier","descricao":"Lei 1775 de 09.09.2020","codigo":"128","bairro":"SÃO CRISTÓVÃO - NOSSA SENHORA DA CONCEIÇÃO","cep":"56912010"},"geometry":{"type":"LineString","coordinates":[[-38.2906082,-7.9889702,0.0],[-38.2900101,-7.9883965,0.0],[-38.2885188,-7.9869568,0.0],[-38.2881004,-7.9867151,0.0],[-38.2867432,-7.9851666,0.0],[-38.2846618,-7.9833099,0.0],[-38.284635,-7.9832249,0.0],[-38.2846403,-7.9831053,0.0]]}},
{"type":"Feature","properties":{"name":"Avenida Doutor Ademar Xavier","descricao":"Lei 1775 de 09.09.2020","codigo":"128","bairro":"SÃO CRISTÓVÃO - NOSSA SENHORA DA CONCEIÇÃO","cep":"56912010"},"geometry":{"type":"LineString","coordinates":[[-38.2866734,-7.9852781,0.0],[-38.2846269,-7.9833285,0.0],[-38.284525,-7.9831319,0.0]]}},
{"type":"Feature","properties":{"name":"Rua Antônio Alves da Silveira","descricao":"PL 09 de 24.07.83 não aprovado","codigo":"45","bairro":"SÃO CRISTÓVÃO","cep":"56903240"},"geometry":{"type":"LineString","coordinates":[[-38.2979906,-7.9835891,0.0],[-38.2976707,-7.9838846,0.0],[-38.2975593,-7.9839024,0.0],[-38.2974572,-7.9838936,0.0],[-38.2972383,-7.9840074,0.0],[-38.2947183,-7.9851164,0.0],[-38.2907842,-7.9865155,0.0]]}},
{"type":"Feature","properties":{"name":"Travessa Professor Aderbal Mendonça","descricao":"Lei 839 de 22.10.93","codigo":"60","bairro":"SÃO CRISTÓVÃO","cep":"56903653"},"geometry":{"type":"LineString","coordinates":[[-38.2963007,-7.9866819,0.0],[-38.2960056,-7.9858851,0.0]]}},
{"type":"Feature","properties":{"name":"Rua Fiscal Leopoldo","descricao":"","codigo":"68","bairro":"SÃO CRISTÓVÃO","cep":"56903290"},"geometry":{"type":"LineString","coordinates":[[-38.294974,-7.98684,0.0],[-38.2901782,-7.9883142,0.0]]}},
{"type":"Feature","properties":{"name":"Rua Deósio Pereira Lins","descricao":"Lei 315 de 26.10.71 (antiga Rua Iris)","codigo":"69","bairro":"SÃO CRISTÓVÃO - NOSSA SENHORA DA CONCEIÇÃO","cep":"56903280"},"geometry":{"type":"LineString","coordinates":[[-38.2928286,-7.9867996,0.0],[-38.2898057,-7.9878992,0.0],[-38.28939,-7.9882259,0.0]]}},
{"type":"Feature","properties":{"name":"Travessa Numeriano Luiz de Sá","descricao":"Lei 1185 de 28.11.06","codigo":"49","bairro":"SÃO CRISTÓVÃO","cep":"56903185"},"geometry":{"type":"LineString","coordinates":[[-38.2966247,-7.984803,0.0],[-38.2958442,-7.9851643,0.0]]}},
{"type":"Feature","properties":{"name":"Rua Severino Pereira Lins","descricao":"","codigo":"51","bairro":"SÃO CRISTÓVÃO","cep":"56903270"},"geometry":{"type":"LineString","coordinates":[[-38.2946832,-7.9856102,0.0],[-38.2901529,-7.9872623,0.0],[-38.2898834,-7.9873726,0.0],[-38.2895977,-7.9875094,0.0]]}},
{"type":"Feature","properties":{"name":"Rua Benício de Souza Ramos","descricao":"Lei 583 de 28.10.84 (Benício Tomé)","codigo":"63","bairro":"SÃO CRISTÓVÃO","cep":"56903250"},"geometry":{"type":"LineString","coordinates":[[-38.2906689,-7.988963,0.0],[-38.2892366,-7.9849096,0.0]]}},
{"type":"Feature","properties":{"name":"Rua Antônio de Melo Lima","descricao":"","codigo":"70","bairro":"SÃO CRISTÓVÃO","cep":"56903260"},"geometry":{"type":"LineString","coordinates":[[-38.2900447,-7.9883297,0.0],[-38.2879084,-7.9853547,0.0],[-38.2876669,-7.984789,0.0]]}},
{"type":"Feature","properties":{"name":"Rua Antônio Inácio de Medeiros","descricao":"Lei 778 de 26.10.90 (Toinho do Açude Velho)","codigo":"65","bairro":"SÃO CRISTÓVÃO","cep":"56903070"},"geometry":{"type":"LineString","coordinates":[[-38.2891099,-7.9862963,0.0],[-38.2883468,-7.9852152,0.0],[-38.2876803,-7.9841846,0.0]]}},
{"type":"Feature","properties":{"name":"Rua Dionísio Ferreira de Magalhães","descricao":"Lei 593 de 29.04.85","codigo":"62","bairro":"SÃO CRISTÓVÃO","cep":"56903320"},"geometry":{"type":"LineString","coordinates":[[-38.2938034,-7.9873568,0.0],[-38.2926769,-7.9842955,0.0]]}},
{"type":"Feature","properties":{"name":"Travessa Antônio Alves da Silveira","descricao":"","codigo":"8021","bairro":"SÃO CRISTÓVÃO","cep":"0"},"geometry":{"type":"LineString","coordinates":[[-38.2931202,-7.9866263,0.0],[-38.2928467,-7.9862677,0.0],[-38.2924148,-7.98601,0.0]]}},
{"type":"Feature","properties":{"name":"Rua Vila Ferroviária","descricao":"","codigo":"31","bairro":"SÃO CRISTÓVÃO","cep":"56903170"},"geometry":{"type":"LineString","coordinates":[[-38.2971051,-7.9839942,0.0],[-38.2959994,-7.9828361,0.0],[-38.2957221,-7.9825373,0.0],[-38.2955816,-7.9823527,0.0],[-38.2957221,-7.9825373,0.0],[-38.2959994,-7.9828361,0.0],[-38.2964561,-7.9824231,0.0]]}},
{"type":"Feature","properties":{"name":"Rua Francisca Romão de Farias","descricao":"Lei 865 de 31.01.94 (antiga Rua Ferroviária)","codigo":"50","bairro":"SÃO CRISTÓVÃO","cep":"56903180"},"geometry":{"type":"LineString","coordinates":[[-38.2958075,-7.9827227,0.0],[-38.2951369,-7.9832859,0.0]]}},
{"type":"Feature","properties":{"name":"Rua Manoel Romão de Farias","descricao":"","codigo":"56","bairro":"SÃO CRISTÓVÃO","cep":"56909372"},"geometry":{"type":"LineString","coordinates":[[-38.2955596,-7.9850757,0.0],[-38.2947764,-7.9821991,0.0]]}},
{"type":"Feature","properties":{"name":"Rua João Florentino do Nascimento","descricao":"Lei 802 de 29.10.91 (Conhecida como João Doia, antiga Rua Getúlio Vargas)","codigo":"305","bairro":"SÃO CRISTÓVÃO","cep":"56903230"},"geometry":{"type":"LineString","coordinates":[[-38.2961903,-7.9841124,0.0],[-38.2930404,-7.9852156,0.0]]}},
{"type":"Feature","properties":{"name":"Rua Getúlio Vargas","descricao":"Entre a R. Dionísio Ferreira Magalhães e Av. Afonso Magalhães.","codigo":"46","bairro":"SÃO CRISTÓVÃO","cep":"56903230"},"geometry":{"type":"LineString","coordinates":[[-38.2930404,-7.9852156,0.0],[-38.2908061,-7.9859886,0.0]]}},
{"type":"Feature","properties":{"name":"Rua Antônio Tomé de Souza","descricao":"","codigo":"47","bairro":"SÃO CRISTÓVÃO","cep":"56903220"},"geometry":{"type":"LineString","coordinates":[[-38.2958803,-7.9837017,0.0],[-38.2896737,-7.9858559,0.0]]}},
{"type":"Feature","properties":{"name":"Rua Francisco Olavo de Andrada","descricao":"Lei 562 de 05.12.83","codigo":"127","bairro":"SÃO CRISTÓVÃO - NOSSA SENHORA DA CONCEIÇÃO","cep":"56912130"},"geometry":{"type":"LineString","coordinates":[[-38.2896271,-7.9860969,0.0],[-38.2869905,-7.9872045,0.0]]}},
{"type":"Feature","properties":{"name":"Rua Fortunato Leão Neto","descricao":"Lei 1200 de 27.08.07","codigo":"313","bairro":"NOSSA SENHORA DA CONCEIÇÃO","cep":"56903236"},"geometry":{"type":"LineString","coordinates":[[-38.286979,-7.9874968,0.0],[-38.2850317,-7.9882459,0.0]]}},
{"type":"Feature","properties":{"name":"Rua Monsenhor Pinto de Campos","descricao":"","codigo":"48","bairro":"SÃO CRISTÓVÃO","cep":"56903350"},"geometry":{"type":"LineString","coordinates":[[-38.2951195,-7.9833606,0.0],[-38.2879392,-7.985876,0.0]]}},
{"type":"Feature","properties":{"name":"Praça Miguel Olindo dos Santos","descricao":"Lei 1993 de 04.09.2023, altera a Lei 788/1991.","codigo":"102","bairro":"SÃO CRISTÓVÃO","cep":"56903160"},"geometry":{"type":"LineString","coordinates":[[-38.2929972,-7.9833554,0.0],[-38.2932801,-7.9832079,0.0],[-38.2949149,-7.9827564,0.0],[-38.2949471,-7.9828653,0.0],[-38.2931004,-7.9834483,0.0]]}},
{"type":"Feature","properties":{"name":"Rua Eliseu Nunes da Silva","descricao":"Lei 887 de 26.02.96 (antiga Rua Castro Alves)","codigo":"120","bairro":"SÃO CRISTÓVÃO - JOSÉ TOMÉ DE SOUZA","cep":"56903055"},"geometry":{"type":"LineString","coordinates":[[-38.293831,-7.9830094,0.0],[-38.2936379,-7.982109,0.0]]}},
{"type":"Feature","properties":{"name":"Rua José Olindo dos Santos","descricao":"Lei 1218 de 24.10.08 (antiga Rua da Vitória)","codigo":"119","bairro":"SÃO CRISTÓVÃO","cep":"56903165"},"geometry":{"type":"LineString","coordinates":[[-38.2930704,-7.9820377,0.0],[-38.2932742,-7.9831401,0.0]]}},
{"type":"Feature","properties":{"name":"Rua José Inácio de Souza","descricao":"Antiga Rua do Sossego","codigo":"106","bairro":"SÃO CRISTÓVÃO","cep":"56903030"},"geometry":{"type":"LineString","coordinates":[[-38.2924192,-7.9823566,0.0],[-38.2878208,-7.983006,0.0]]}},
{"type":"Feature","properties":{"name":"Rua Manoel Pereira Maranhão","descricao":"Lei 1407 de 26.05.14 (Neco Maranhão)","codigo":"105","bairro":"SÃO CRISTÓVÃO","cep":"56903630"},"geometry":{"type":"LineString","coordinates":[[-38.2921358,-7.9828792,0.0],[-38.2885121,-7.9835672,0.0]]}},
{"type":"Feature","properties":{"name":"Travessa Maria de Lourdes Referino de Souza Morais","descricao":"Lei 846 de 31.01.94 (antiga Tv. do Sossego)","codigo":"104","bairro":"SÃO CRISTÓVÃO","cep":"56903600"},"geometry":{"type":"LineString","coordinates":[[-38.2924633,-7.9836527,0.0],[-38.2920422,-7.982468,0.0]]}},
{"type":"Feature","properties":{"name":"Rua Manoel Tomé de Sousa","descricao":"Lei 848 de 31.01.94 (antiga Rua Nova Bomba)","codigo":"113","bairro":"SÃO CRISTÓVÃO","cep":"56903620"},"geometry":{"type":"LineString","coordinates":[[-38.2916961,-7.9833262,0.0],[-38.2901136,-7.9838096,0.0]]}},
{"type":"Feature","properties":{"name":"Rua Manoel Tomé de Sousa","descricao":"prolongamento","codigo":"113","bairro":"SÃO CRISTÓVÃO","cep":"56903620"},"geometry":{"type":"LineString","coordinates":[[-38.2901136,-7.9838096,0.0],[-38.2893226,-7.9841293,0.0],[-38.2892072,-7.984116,0.0],[-38.2872465,-7.9848943,0.0]]}},
{"type":"Feature","properties":{"name":"Rua Lindalva Nunes de Souza","descricao":"Lei 789 de 19.04.91","codigo":"103","bairro":"SÃO CRISTÓVÃO","cep":"56903100"},"geometry":{"type":"LineString","coordinates":[[-38.2930881,-7.9834617,0.0],[-38.2876271,-7.9854592,0.0]]}},
{"type":"Feature","properties":{"name":"Rua São Braz","descricao":"","codigo":"109","bairro":"SÃO CRISTÓVÃO","cep":"56903020"},"geometry":{"type":"LineString","coordinates":[[-38.2880073,-7.9833402,0.0],[-38.2873931,-7.9835633,0.0]]}},
{"type":"Feature","properties":{"name":"Rua Romildo Dantas Queiroz","descricao":"","codigo":"100","bairro":"SÃO CRISTÓVÃO","cep":"56903060"},"geometry":{"type":"LineString","coordinates":[[-38.2886435,-7.9837288,0.0],[-38.2869108,-7.9844221,0.0]]}},
{"type":"Feature","properties":{"name":"Rua José Antônio do Nascimento","descricao":"Lei 710 de 27.10.89 (José Panta, antiga Rua Antônio Amâncio)","codigo":"76","bairro":"NOSSA SENHORA DA PENHA","cep":"56912167"},"geometry":{"type":"LineString","coordinates":[[-38.296473,-7.9940403,0.0],[-38.2959547,-7.9935749,0.0],[-38.2953451,-7.9930829,0.0]]}},
{"type":"Feature","properties":{"name":"Rua Pautila de Menezes Lins","descricao":"","codigo":"77","bairro":"NOSSA SENHORA DA PENHA - AABB","cep":"56912270"},"geometry":{"type":"LineString","coordinates":[[-38.2957827,-7.9945466,0.0],[-38.2947422,-7.9931815,0.0],[-38.2947449,-7.9930566,0.0],[-38.294584,-7.9926529,0.0]]}},
{"type":"Feature","properties":{"name":"Rua Osvaldo de Godoy Lima","descricao":"Lei 505 de 27.07.80","codigo":"78","bairro":"AABB","cep":"56912260"},"geometry":{"type":"LineString","coordinates":[[-38.2924396,-7.9966257,0.0],[-38.2949016,-7.9935114,0.0]]}},
{"type":"Feature","properties":{"name":"Rua Vereador Silvino Cordeiro de Siqueira","descricao":"Lei 433 de 12.05.77 (antiga Rua Floriano Peixoto)","codigo":"135","bairro":"AABB - NOSSA SENHORA DA CONCEIÇÃO","cep":"56912110"},"geometry":{"type":"LineString","coordinates":[[-38.2942628,-7.9956889,0.0],[-38.2921803,-7.9928786,0.0],[-38.2907294,-7.9908971,0.0],[-38.2895388,-7.9892914,0.0],[-38.2866745,-7.9853244,0.0]]}},
{"type":"Feature","properties":{"name":"Rua Elizeu Alves de Magalhães","descricao":"Lei 1512 de 23.12.15","codigo":"2245","bairro":"AABB","cep":"56912355"},"geometry":{"type":"LineString","coordinates":[[-38.2929588,-7.995161,0.0],[-38.2925082,-7.9956524,0.0],[-38.2926584,-7.9954824,0.0],[-38.2923875,-7.9951371,0.0],[-38.2918564,-7.9954399,0.0]]}},
{"type":"Feature","properties":{"name":"Travessa Tomé de Souza Ramos","descricao":"","codigo":"151","bairro":"AABB","cep":"56912251"},"geometry":{"type":"LineString","coordinates":[[-38.2919424,-7.993756,0.0],[-38.291229,-7.9942766,0.0]]}},
{"type":"Feature","properties":{"name":"Rua Luiz Alves de Melo Lima","descricao":"Lei 445 de 12.05.77","codigo":"136","bairro":"AABB - NOSSA SENHORA DA CONCEIÇÃO","cep":"56912120"},"geometry":{"type":"LineString","coordinates":[[-38.2937225,-7.9960931,0.0],[-38.2929839,-7.9951349,0.0],[-38.2925537,-7.9945433,0.0],[-38.2902101,-7.9913519,0.0],[-38.2863438,-7.98558,0.0]]}},
{"type":"Feature","properties":{"name":"Rua Enock Carvalho","descricao":"Lei 537 de 20.02.82","codigo":"145","bairro":"AABB","cep":"56912250"},"geometry":{"type":"LineString","coordinates":[[-38.2936717,-7.9913952,0.0],[-38.2931849,-7.9920499,0.0],[-38.2930172,-7.9922319,0.0],[-38.2927879,-7.9924231,0.0],[-38.2896685,-7.9947685,0.0],[-38.2830327,-7.9972228,0.0]]}},
{"type":"Feature","properties":{"name":"Rua José Nogueira dos Santos","descricao":"Lei 762 de 30.07.90 (Pai Herói)","codigo":"89","bairro":"AABB","cep":"56912590"},"geometry":{"type":"LineString","coordinates":[[-38.2911416,-7.9935651,0.0],[-38.2900902,-7.9921654,0.0],[-38.2897549,-7.9923407,0.0]]}},
{"type":"Feature","properties":{"name":"Praça Professora Antônia Brandão de Siqueira","descricao":"Lei 1046 de 11.03.02","codigo":"322","bairro":"AABB","cep":"56912155"},"geometry":{"type":"LineString","coordinates":[[-38.2897417,-7.9925461,0.0],[-38.2890484,-7.9930867,0.0],[-38.2898088,-7.9926949,0.0]]}},
{"type":"Feature","properties":{"name":"Rua João Alves de Carvalho Barros","descricao":"PL 01 de 28.01.79 não aprovado","codigo":"64","bairro":"AABB - NOSSA SENHORA DA CONCEIÇÃO","cep":"56903265"},"geometry":{"type":"LineString","coordinates":[[-38.2927272,-7.9924278,0.0],[-38.2890361,-7.9879001,0.0]]}},
{"type":"Feature","properties":{"name":"Travessa Antônio Alves de Oliveira","descricao":"","codigo":"9234","bairro":"AABB","cep":""},"geometry":{"type":"LineString","coordinates":[[-38.2903692,-7.9938979,0.0],[-38.2894975,-7.9943468,0.0]]}},
{"type":"Feature","properties":{"name":"Rua Osvaldo de Godoy Lima","descricao":"Prolongamento","codigo":"78","bairro":"AABB","cep":"56912260"},"geometry":{"type":"LineString","coordinates":[[-38.2924343,-7.9966311,0.0],[-38.2919666,-7.9972162,0.0],[-38.2918324,-7.9973941,0.0],[-38.2913282,-7.9977793,0.0],[-38.2907863,-7.9979639,0.0]]}},
{"type":"Feature","properties":{"name":"Rua João Alves de Barros","descricao":"Lei 653 de 18.04.88 (João Lucas, antiga Rua Cláudio Marques Nogueira)","codigo":"419","bairro":"AABB","cep":"56912227"},"geometry":{"type":"LineString","coordinates":[[-38.2907383,-7.9979556,0.0],[-38.2880628,-7.999917,0.0]]}},
{"type":"Feature","properties":{"name":"Rua João de Souza Melo","descricao":"Lei 640 de 25.10.87 (Tabelião, alterada pela lei nº 2051/2024)","codigo":"144","bairro":"AABB","cep":"56912540"},"geometry":{"type":"LineString","coordinates":[[-38.2900786,-7.993311,0.0],[-38.2892418,-7.99372,0.0],[-38.2866904,-7.9946441,0.0]]}},
{"type":"Feature","properties":{"name":"Travessa José Cláudio Mourato","descricao":"Lei 1261 de 13.05.10 (antiga Tv. Ceará)","codigo":"150","bairro":"AABB","cep":"56912152"},"geometry":{"type":"LineString","coordinates":[[-38.2885635,-7.9900617,0.0],[-38.2880431,-7.9903193,0.0]]}},
{"type":"Feature","properties":{"name":"Rua José Pereira de Souza","descricao":"Lei 646 de 31.01.88","codigo":"142","bairro":"AABB","cep":"56912220"},"geometry":{"type":"LineString","coordinates":[[-38.2888681,-7.990728,0.0],[-38.2857661,-7.9918728,0.0]]}},
{"type":"Feature","properties":{"name":"Rua Joana Nunes de Sousa","descricao":"Leis 984 de 01.12.1999 e 1290 de 31.03.2011","codigo":"340","bairro":"AABB","cep":"56912182"},"geometry":{"type":"LineString","coordinates":[[-38.2857128,-7.9919443,0.0],[-38.2845567,-7.9923667,0.0]]}},
{"type":"Feature","properties":{"name":"Rua João Rodrigues de Lima","descricao":"Lei 985 de 01.12.99","codigo":"358","bairro":"AABB","cep":"56912186"},"geometry":{"type":"LineString","coordinates":[[-38.2858479,-7.9924006,0.0],[-38.2847053,-7.9927938,0.0]]}},
{"type":"Feature","properties":{"name":"Rua Antônio da Cruz Sampaio","descricao":"Lei 983 de 01.12.99","codigo":"333","bairro":"AABB","cep":"56912178"},"geometry":{"type":"LineString","coordinates":[[-38.2855894,-7.9913551,0.0],[-38.2844119,-7.9917295,0.0]]}},
{"type":"Feature","properties":{"name":"Rua Antônio da Cruz Sampaio","descricao":"Prolongamento","codigo":"333","bairro":"AABB","cep":"56912178"},"geometry":{"type":"LineString","coordinates":[[-38.2844119,-7.9917295,0.0],[-38.2828615,-7.9921987,0.0]]}},
{"type":"Feature","properties":{"name":"Rua Noel Manoel Vicente","descricao":"Lei 982 de 01.12.99","codigo":"350","bairro":"AABB","cep":"56912174"},"geometry":{"type":"LineString","coordinates":[[-38.2854873,-7.9908619,0.0],[-38.2842561,-7.9912232,0.0]]}},
{"type":"Feature","properties":{"name":"Rua Noel Manoel Vicente","descricao":"Prolongamento","codigo":"350","bairro":"AABB","cep":"56912174"},"geometry":{"type":"LineString","coordinates":[[-38.2842561,-7.9912232,0.0],[-38.2826619,-7.9917322,0.0]]}},
{"type":"Feature","properties":{"name":"Rua Francisco de Souza Melo","descricao":"Lei 981 de 01.12.99","codigo":"334","bairro":"AABB - NOSSA SENHORA DA CONCEIÇÃO","cep":"56903246"},"geometry":{"type":"LineString","coordinates":[[-38.2853456,-7.9903872,0.0],[-38.2841158,-7.9907325,0.0]]}},
{"type":"Feature","properties":{"name":"Rua Francisco de Souza Melo","descricao":"Prolongamento","codigo":"334","bairro":"AABB - NOSSA SENHORA DA CONCEIÇÃO","cep":"56903246"},"geometry":{"type":"LineString","coordinates":[[-38.2841158,-7.9907325,0.0],[-38.2825824,-7.9911508,0.0]]}},
{"type":"Feature","properties":{"name":"Rua Enock de Souza Melo","descricao":"Lei 986 de 01.12.99","codigo":"339","bairro":"AABB","cep":"56912188"},"geometry":{"type":"LineString","coordinates":[[-38.2859972,-7.9929134,0.0],[-38.2848787,-7.9933251,0.0]]}},
{"type":"Feature","properties":{"name":"Rua Enock de Souza Melo","descricao":"Prolongamento","codigo":"339","bairro":"AABB","cep":"56912188"},"geometry":{"type":"LineString","coordinates":[[-38.2848157,-7.9933689,0.0],[-38.2832775,-7.993921,0.0]]}},
{"type":"Feature","properties":{"name":"Avenida João Inácio de Medeiros","descricao":"Lei 1295 de 06.04.11","codigo":"9142","bairro":"AABB","cep":"56912558"},"geometry":{"type":"LineString","coordinates":[[-38.2839901,-8.001132,0.0],[-38.2823164,-7.9948954,0.0]]}},
{"type":"Feature","properties":{"name":"Rua Severino Gomes de Lima","descricao":"","codigo":"176","bairro":"AABB","cep":"56912340"},"geometry":{"type":"LineString","coordinates":[[-38.2921709,-7.9964607,0.0],[-38.2906232,-7.9976161,0.0]]}},
{"type":"Feature","properties":{"name":"Rua Antônio de Souza Melo","descricao":"Lei 648 de 31.01.88","codigo":"148","bairro":"AABB","cep":"56912310"},"geometry":{"type":"LineString","coordinates":[[-38.2905011,-7.9976084,0.0],[-38.2878081,-7.9986071,0.0]]}},
{"type":"Feature","properties":{"name":"Rua Quirino Cordeiro de Magalhães","descricao":"Lei 647 de 31.01.88","codigo":"149","bairro":"AABB - NOSSA SENHORA DA CONCEIÇÃO","cep":"56912190"},"geometry":{"type":"LineString","coordinates":[[-38.2890837,-7.9980832,0.0],[-38.2861935,-7.9901638,0.0]]}},
{"type":"Feature","properties":{"name":"Rua Doutor Ivan Souto de Oliveira","descricao":"Lei 649 de 31.01.88","codigo":"199","bairro":"NOSSA SENHORA DA CONCEIÇÃO","cep":"56906525"},"geometry":{"type":"LineString","coordinates":[[-38.2860206,-7.9847445,0.0],[-38.2815152,-7.9863408,0.0],[-38.2784043,-7.9871921,0.0]]}},
{"type":"Feature","properties":{"name":"Rua Maestro Edesio Alves de Oliveira","descricao":"Lei 651 de 31.01.88","codigo":"321","bairro":"NOSSA SENHORA DA CONCEIÇÃO","cep":"56912223"},"geometry":{"type":"LineString","coordinates":[[-38.2866224,-7.9853311,0.0],[-38.2863247,-7.9855436,0.0]]}},
{"type":"Feature","properties":{"name":"Rua Gilberto de Carvalho Godoy","descricao":"Lei 734 de 30.04.90 (antiga Rua Vila Bela)","codigo":"146","bairro":"AABB","cep":"56912530"},"geometry":{"type":"LineString","coordinates":[[-38.2903074,-7.9966361,0.0],[-38.2835938,-7.9990797,0.0]]}},
{"type":"Feature","properties":{"name":"Avenida Luiz Olavo de Andrada","descricao":"Lei 560 de 05.12.83 (antiga Av. Presidente Kennedy)","codigo":"139","bairro":"AABB - NOSSA SENHORA DA CONCEIÇÃO","cep":"56912170"},"geometry":{"type":"LineString","coordinates":[[-38.2902824,-7.9982128,0.0],[-38.2854962,-7.9849943,0.0]]}},
{"type":"Feature","properties":{"name":"Travessa Cláudio Marques Nogueira","descricao":"","codigo":"","bairro":"AABB","cep":""},"geometry":{"type":"LineString","coordinates":[[-38.2897565,-7.9986214,0.0],[-38.2895152,-7.9980211,0.0]]}},
{"type":"Feature","properties":{"name":"Avenida Manoel Alves de Carvalho Barros","descricao":"Lei 695 de 28.07.89","codigo":"140","bairro":"AABB - NOSSA SENHORA DA CONCEIÇÃO","cep":"56912100"},"geometry":{"type":"LineString","coordinates":[[-38.2895841,-7.9978965,0.0],[-38.2867102,-7.9899718,0.0]]}},
{"type":"Feature","properties":{"name":"Avenida Manoel Alves de Carvalho Barros","descricao":"Lei 695 de 28.07.89","codigo":"140","bairro":"AABB - NOSSA SENHORA DA CONCEIÇÃO","cep":"56912100"},"geometry":{"type":"LineString","coordinates":[[-38.2866143,-7.9897239,0.0],[-38.2848762,-7.9848658,0.0]]}},
{"type":"Feature","properties":{"name":"Travessa Antônio Inácio de Medeiros","descricao":"Lei 745 de 13.07.90 (Preto Inácio)","codigo":"394","bairro":"AABB","cep":"56912321"},"geometry":{"type":"LineString","coordinates":[[-38.2892029,-7.9990288,0.0],[-38.2889276,-7.998246,0.0]]}},
{"type":"Feature","properties":{"name":"Rua José Miguel de Souza","descricao":"Lei 638 de 13.10.87","codigo":"141","bairro":"AABB","cep":"56912200"},"geometry":{"type":"LineString","coordinates":[[-38.2885699,-7.9982757,0.0],[-38.2856888,-7.9903594,0.0]]}},
{"type":"Feature","properties":{"name":"Rua José Jared Carvalho","descricao":"Lei 673 de 21.10.1988 (Jarinho)","codigo":"","bairro":"AABB - NOSSA SENHORA DA CONCEIÇÃO","cep":"56912060"},"geometry":{"type":"LineString","coordinates":[[-38.2876832,-7.998649,0.0],[-38.2861962,-7.9934224,0.0],[-38.2853382,-7.9903758,0.0],[-38.2844963,-7.9871007,0.0],[-38.2834376,-7.9835548,0.0]]}},
{"type":"Feature","properties":{"name":"Rua José Dantas do Nascimento","descricao":"","codigo":"143","bairro":"AABB","cep":"56912230"},"geometry":{"type":"LineString","coordinates":[[-38.2918402,-7.9900072,0.0],[-38.2887095,-7.9925064,0.0],[-38.2837259,-7.9943152,0.0]]}},
{"type":"Feature","properties":{"name":"Rua Professora Maria José Pereira Kehrle","descricao":"Lei 1699 de 07.05.19","codigo":"288","bairro":"AABB - NOSSA SENHORA DA CONCEIÇÃO","cep":"56912285"},"geometry":{"type":"LineString","coordinates":[[-38.2862243,-7.9980797,0.0],[-38.2858915,-7.9967892,0.0],[-38.2855454,-7.9956422,0.0],[-38.2852496,-7.9945485,0.0],[-38.2850196,-7.99384,0.0],[-38.2839991,-7.9907602,0.0],[-38.2837168,-7.9897867,0.0],[-38.2836427,-7.9896984,0.0],[-38.2833119,-7.988602,0.0],[-38.2830401,-7.9875055,0.0],[-38.2826306,-7.9859183,0.0],[-38.2823016,-7.9843789,0.0],[-38.2821465,-7.9837659,0.0],[-38.2818893,-7.9836586,0.0],[-38.2814872,-7.9835938,0.0]]}},
{"type":"Feature","properties":{"name":"Rua Maria Francisca da Silva","descricao":"","codigo":"283","bairro":"AABB","cep":"56912570"},"geometry":{"type":"LineString","coordinates":[[-38.2871088,-7.997182,0.0],[-38.2833778,-7.998595,0.0]]}},
{"type":"Feature","properties":{"name":"Rua Inácio José de Medeiros","descricao":"Lei 1451 de 07.05.15 (conhecida como Rua Projetada Mãe Rainha)","codigo":"807","bairro":"AABB","cep":"56912265"},"geometry":{"type":"LineString","coordinates":[[-38.285893,-7.9973322,0.0],[-38.2832174,-7.9983332,0.0]]}},
{"type":"Feature","properties":{"name":"Rua Afonso Kerhle","descricao":"","codigo":"95","bairro":"AABB","cep":"56912580"},"geometry":{"type":"LineString","coordinates":[[-38.2868782,-7.9964052,0.0],[-38.2830689,-7.9977611,0.0]]}},
{"type":"Feature","properties":{"name":"Rua Maria Luiza Kerhle Mourato","descricao":"","codigo":"326","bairro":"AABB","cep":"56912194"},"geometry":{"type":"LineString","coordinates":[[-38.2866451,-7.9952439,0.0],[-38.2828095,-7.9965985,0.0]]}},
{"type":"Feature","properties":{"name":"Rua Willani Kehrle Mourato","descricao":"","codigo":"327","bairro":"AABB","cep":"56912585"},"geometry":{"type":"LineString","coordinates":[[-38.2853422,-7.9951086,0.0],[-38.2826948,-7.9960436,0.0]]}},
{"type":"Feature","properties":{"name":"Rua Antônio Pereira Mourato","descricao":"","codigo":"94","bairro":"AABB","cep":"56912158"},"geometry":{"type":"LineString","coordinates":[[-38.2863262,-7.9941626,0.0],[-38.2824907,-7.9955465,0.0]]}},
{"type":"Feature","properties":{"name":"Rua Francisco Inácio de Souza","descricao":"Lei 1569 de 14.12.16 (antiga R. Projetada 11)","codigo":"1025","bairro":"AABB","cep":"56912599"},"geometry":{"type":"LineString","coordinates":[[-38.2806117,-7.9953254,0.0],[-38.2836936,-7.9944529,0.0]]}},
{"type":"Feature","properties":{"name":"Avenida Maria Elizabeth Arruda de Medeiros","descricao":"Lei 1285 de 31.03.11","codigo":"1052","bairro":"AABB - NOSSA SENHORA DA CONCEIÇÃO - JOSÉ ALVES CARVALHO NUNES","cep":"56903267"},"geometry":{"type":"LineString","coordinates":[[-38.2822018,-8.0014024,0.0],[-38.2800882,-7.9935023,0.0],[-38.2789912,-7.9894845,0.0],[-38.2784494,-7.9875307,0.0],[-38.2781852,-7.9865512,0.0],[-38.2779572,-7.985573,0.0],[-38.2776612,-7.9843341,0.0]]}},
{"type":"Feature","properties":{"name":"Rua José do Carmo Lima","descricao":"Lei 1480 de 01.09.15 (antiga R. Projetada 10 e R. Maria Alice dos Santos, revogada pela Lei 1931/22)","codigo":"1024","bairro":"AABB","cep":"56912284"},"geometry":{"type":"LineString","coordinates":[[-38.283191,-7.9941058,0.0],[-38.2804819,-7.9948655,0.0]]}},
{"type":"Feature","properties":{"name":"Rua João Pereira Gama Júnior","descricao":"Lei 1468 de 11.06.15 (Júnior Gama, antiga R. Projetada 09)","codigo":"1023","bairro":"AABB","cep":"56912282"},"geometry":{"type":"LineString","coordinates":[[-38.2831209,-7.9936374,0.0],[-38.2803797,-7.9944024,0.0]]}},
{"type":"Feature","properties":{"name":"Rua Maria Lauri de Melo Souza","descricao":"Lei 1287 de 31.03.11","codigo":"797","bairro":"AABB","cep":"56912575"},"geometry":{"type":"LineString","coordinates":[[-38.2846873,-7.9929041,0.0],[-38.2831531,-7.9934021,0.0]]}},
{"type":"Feature","properties":{"name":"Rua Manoel Pereira de Aguiar","descricao":"Lei 1308 de 23.09.11","codigo":"735","bairro":"AABB","cep":"56912198"},"geometry":{"type":"LineString","coordinates":[[-38.2845872,-7.9926224,0.0],[-38.2830543,-7.9931045,0.0]]}},
{"type":"Feature","properties":{"name":"Rua Ilda Pereira de Sousa","descricao":"Lei 1319 de 12.12.11","codigo":"732","bairro":"AABB","cep":""},"geometry":{"type":"LineString","coordinates":[[-38.28446,-7.9921788,0.0],[-38.2829821,-7.992641,0.0]]}},
{"type":"Feature","properties":{"name":"Rua José Paulo Terto","descricao":"Lei 1203 de 24.09.07 (conhecida como Rua Cornelho)","codigo":"337","bairro":"AABB - NOSSA SENHORA DA CONCEIÇÃO","cep":"56903242"},"geometry":{"type":"LineString","coordinates":[[-38.2837079,-7.9944197,0.0],[-38.2811383,-7.9849943,0.0]]}},
{"type":"Feature","properties":{"name":"Rua Antônio Alves de Barros","descricao":"Lei 1456 de 15.05.15 (Conhecida como Pinheiro, antiga Rua Projetada 13 - Preto Inácio)","codigo":"1411","bairro":"AABB - NOSSA SENHORA DA CONCEIÇÃO","cep":"56912262"},"geometry":{"type":"LineString","coordinates":[[-38.2821784,-7.990113,0.0],[-38.2834,-7.9944885,0.0]]}},
{"type":"Feature","properties":{"name":"Rua Maria das Dores Pereira Gama","descricao":"Lei 1467 de 11.06.15 (Dora Gama, antiga R. Projetada 08)","codigo":"1022","bairro":"AABB","cep":"56912264"},"geometry":{"type":"LineString","coordinates":[[-38.2829928,-7.9931806,0.0],[-38.2803438,-7.9939019,0.0]]}},
{"type":"Feature","properties":{"name":"Rua Francisco de Assis Nogueira","descricao":"Lei 1968 de 18.04.2023 (antigas Rua Projetada 15 e Rua Projetada Jonas de Sá Carvalho)","codigo":"968","bairro":"JOSÉ ALVES CARVALHO NUNES","cep":""},"geometry":{"type":"LineString","coordinates":[[-38.2802298,-7.9941193,0.0],[-38.2787492,-7.9944141,0.0]]}},
{"type":"Feature","properties":{"name":"Rua Joel Nunes da Silva","descricao":"Lei 1460 de 22.05.15 (Sargento Joel, antiga R. Projetada 07)","codigo":"1021","bairro":"AABB","cep":"56912268"},"geometry":{"type":"LineString","coordinates":[[-38.2829067,-7.9927078,0.0],[-38.2802057,-7.9934622,0.0]]}},
{"type":"Feature","properties":{"name":"Rua Antônia Pereira da Silva","descricao":"Lei 1466 de 11.06.15 (Dona Toinha, antiga R. Projetada 06)","codigo":"1020","bairro":"AABB","cep":"56912286"},"geometry":{"type":"LineString","coordinates":[[-38.2827728,-7.992258,0.0],[-38.280096,-7.9929884,0.0]]}},
{"type":"Feature","properties":{"name":"Rua Luiz Inácio Filho","descricao":"Lei 1570 de 14.12.16 (antiga R. Projetada 05)","codigo":"1019","bairro":"AABB","cep":"56912595"},"geometry":{"type":"LineString","coordinates":[[-38.2826011,-7.9918105,0.0],[-38.2812734,-7.9921638,0.0]]}},
{"type":"Feature","properties":{"name":"Rua Raimundo Luiz de Aquino","descricao":"Lei 1812 de 12.02.2021 (antiga Rua Projetada 03 - Loteamento Preto Inácio (Etapas II e III)","codigo":"1017","bairro":"NOSSA SENHORA DA CONCEIÇÃO","cep":"56903282"},"geometry":{"type":"LineString","coordinates":[[-38.2823793,-7.9909414,0.0],[-38.2810945,-7.9912893,0.0]]}},
{"type":"Feature","properties":{"name":"Rua Projetada Dona Lígia Almeida","descricao":"Rua Projetada 13","codigo":"966","bairro":"JOSÉ ALVES CARVALHO NUNES","cep":"56904140"},"geometry":{"type":"LineString","coordinates":[[-38.2798379,-7.9927854,0.0],[-38.2783627,-7.9931334,0.0]]}},
{"type":"Feature","properties":{"name":"Rua Saul Jurubeba Leite","descricao":"Lei 1104 de 29.04.05 (antiga R. Projetada III)","codigo":"311","bairro":"NOSSA SENHORA DA CONCEIÇÃO","cep":"56906537"},"geometry":{"type":"LineString","coordinates":[[-38.2835324,-7.9840292,0.0],[-38.2819284,-7.9845233,0.0]]}},
{"type":"Feature","properties":{"name":"Rua Augusto Alípio de Sá","descricao":"Lei 1079 de 06.11.03 (antiga R. Projetada II)","codigo":"287","bairro":"NOSSA SENHORA DA CONCEIÇÃO","cep":"56906536"},"geometry":{"type":"LineString","coordinates":[[-38.2837045,-7.9844038,0.0],[-38.2813576,-7.9852511,0.0]]}},
{"type":"Feature","properties":{"name":"Travessa Quirino Cordeiro de Magalhães","descricao":"","codigo":"363","bairro":"NOSSA SENHORA DA CONCEIÇÃO","cep":""},"geometry":{"type":"LineString","coordinates":[[-38.2842922,-7.9840637,0.0],[-38.2836914,-7.9842868,0.0]]}},
{"type":"Feature","properties":{"name":"Rua Quirino Cordeiro de Magalhães","descricao":"Lei 647 de 31.01.88","codigo":"149","bairro":"AABB - NOSSA SENHORA DA CONCEIÇÃO","cep":""},"geometry":{"type":"LineString","coordinates":[[-38.286075,-7.989761,0.0],[-38.2840513,-7.984192,0.0]]}},
{"type":"Feature","properties":{"name":"Rua Amália Menezes do Nascimento","descricao":"Lei 654 de 25.04.88","codigo":"286","bairro":"NOSSA SENHORA DA CONCEIÇÃO","cep":"56906535"},"geometry":{"type":"LineString","coordinates":[[-38.2838527,-7.9849311,0.0],[-38.281443,-7.9857842,0.0],[-38.2783612,-7.9866368,0.0]]}},
{"type":"Feature","properties":{"name":"Rua Maria Alves da Silva","descricao":"Lei 1324 de 10.05.12 (Maria Ricardo, antiga Rua Paulo José de Moraes)","codigo":"805","bairro":"NOSSA SENHORA DA CONCEIÇÃO","cep":"56903247"},"geometry":{"type":"LineString","coordinates":[[-38.2811906,-7.9849331,0.0],[-38.2780953,-7.9855361,0.0]]}},
{"type":"Feature","properties":{"name":"Rua Hermenegildo Antônio dos Santos","descricao":"Lei 1226 de 16.06.09 (antiga R.Projetada Hermenegildo)","codigo":"387","bairro":"NOSSA SENHORA DA CONCEIÇÃO","cep":"56906538"},"geometry":{"type":"LineString","coordinates":[[-38.2808517,-7.9859026,0.0],[-38.2806264,-7.9851031,0.0]]}},
{"type":"Feature","properties":{"name":"Rua Odilon Bernardino de Souza","descricao":"Lei 1289 de 31.03.11","codigo":"844","bairro":"NOSSA SENHORA DA CONCEIÇÃO","cep":"56903266"},"geometry":{"type":"LineString","coordinates":[[-38.2806945,-7.9855403,0.0],[-38.2781893,-7.986215,0.0]]}},
{"type":"Feature","properties":{"name":"Rua José Cassiano da Silva","descricao":"Lei 1594 de 05.04.17 (antiga Rua Projetada 01 e Rua Antônio Alves)","codigo":"955","bairro":"JOSÉ ALVES CARVALHO NUNES","cep":"56904270"},"geometry":{"type":"LineString","coordinates":[[-38.2779776,-7.9855248,0.0],[-38.2745444,-7.9862366,0.0]]}},
{"type":"Feature","properties":{"name":"Rua Wberlan de Oliveira Albuquerque","descricao":"Lei 1559 de 21.11.16 (antiga Rua Projetada 02 e Rua Ana Alves)","codigo":"956","bairro":"JOSÉ ALVES CARVALHO NUNES","cep":"56904210"},"geometry":{"type":"LineString","coordinates":[[-38.2780721,-7.9860931,0.0],[-38.2746496,-7.9867731,0.0]]}},
{"type":"Feature","properties":{"name":"Rua Antônio Cordeiro de Siqueira","descricao":"Lei 1313 de 25.11.11 (antiga Rua Projetada 03 e Rua Professora Cecília de Carvalho Soares)","codigo":"1040","bairro":"JOSÉ ALVES CARVALHO NUNES","cep":"56903318"},"geometry":{"type":"LineString","coordinates":[[-38.2782277,-7.9866475,0.0],[-38.2747891,-7.9872877,0.0]]}},
{"type":"Feature","properties":{"name":"Rua Francisquinha Godoy","descricao":"Lei 1596 de 05.04.17 (antiga Rua Projetada 04)","codigo":"959","bairro":"JOSÉ ALVES CARVALHO NUNES","cep":"56904050"},"geometry":{"type":"LineString","coordinates":[[-38.2783734,-7.9871762,0.0],[-38.2749482,-7.9878031,0.0]]}},
{"type":"Feature","properties":{"name":"Avenida Antônio Inácio de Medeiros","descricao":"Lei 1241 de 23.10.09 (antiga R. Proj. 12 - Preto Inácio)","codigo":"816","bairro":"AABB - NOSSA SENHORA DA CONCEIÇÃO","cep":"56903235"},"geometry":{"type":"LineString","coordinates":[[-38.2820172,-7.9948738,0.0],[-38.2793859,-7.9853302,0.0]]}},
{"type":"Feature","properties":{"name":"Rua Isabel Andrada Cavalcanti","descricao":"Lei 1607 de 29.05.17 (antiga Rua Projetada Barbeiros Cláudio e Pedrinho)","codigo":"9229","bairro":"JOSÉ ALVES CARVALHO NUNES","cep":"56904305"},"geometry":{"type":"LineString","coordinates":[[-38.2805619,-7.9951187,0.0],[-38.2779683,-7.9957216,0.0]]}},
{"type":"Feature","properties":{"name":"Avenida Francisco José de Souza","descricao":"Lei 1675 de 14.08.18 (Louro da Alagoinha, antiga Avenida José de Melo Lima, conhecida como Rua Wilson Matos e Rua Professor Adauto Alves de Carvalho Nunes)","codigo":"1471","bairro":"JOSÉ ALVES CARVALHO NUNES","cep":"56904340"},"geometry":{"type":"LineString","coordinates":[[-38.2760859,-7.9848916,0.0],[-38.2762831,-7.9858293,0.0],[-38.2789121,-7.9954343,0.0]]}},
{"type":"Feature","properties":{"name":"Rua Raimundo Alves Barbosa","descricao":"Lei 1595 de 05.04.17 (Raimundo Dodô, antiga Praça Dona Chiquinha Romão)","codigo":"315","bairro":"JOSÉ ALVES CARVALHO NUNES","cep":"56904280"},"geometry":{"type":"LineString","coordinates":[[-38.2789049,-7.9950214,0.0],[-38.2803559,-7.9947903,0.0]]}},
{"type":"Feature","properties":{"name":"Rua Projetada Lourival Rodrigues de Barros","descricao":"Antiga Rua Projetada 12 (Loteamento Quitandinha)","codigo":"965","bairro":"JOSÉ ALVES CARVALHO NUNES","cep":""},"geometry":{"type":"LineString","coordinates":[[-38.2797489,-7.9921338,0.0],[-38.2771337,-7.9926729,0.0]]}},
{"type":"Feature","properties":{"name":"Rua Luiz Inácio Filho","descricao":"Prolongamento (antiga Rua Proj. 05)","codigo":"1019","bairro":"AABB","cep":"56912595"},"geometry":{"type":"LineString","coordinates":[[-38.2812804,-7.9923773,0.0],[-38.2799353,-7.992745,0.0]]}},
{"type":"Feature","properties":{"name":"Rua Projetada Jerônimo de Albuquerque Neiva","descricao":"antiga Rua Projetada 14","codigo":"1235","bairro":"JOSÉ ALVES CARVALHO NUNES","cep":"56904150"},"geometry":{"type":"LineString","coordinates":[[-38.2800286,-7.9934988,0.0],[-38.2785399,-7.9937858,0.0]]}},
{"type":"Feature","properties":{"name":"Rua Aureliano Pereira de Sá","descricao":"Lei 1604 de 29.05.17 (Lero Pereira, antiga Rua Projetada 05 e Rua Dr. Paulo Afonso Inácio de Oliveira)","codigo":"978","bairro":"JOSÉ ALVES CARVALHO NUNES","cep":"56904300"},"geometry":{"type":"LineString","coordinates":[[-38.278512,-7.9877038,0.0],[-38.2751002,-7.9883705,0.0]]}},
{"type":"Feature","properties":{"name":"Avenida Projetada Doutor Rildo Acioly Cavalcanti","descricao":"Antiga Rua Projetada 06","codigo":"958","bairro":"JOSÉ ALVES CARVALHO NUNES","cep":"56904070"},"geometry":{"type":"LineString","coordinates":[[-38.2786792,-7.9883445,0.0],[-38.275305,-7.9891174,0.0]]}},
{"type":"Feature","properties":{"name":"Avenida Arnaldo Bittencout Costa","descricao":"Lei 1589 de 05.04.17 (antiga Avenida Doutor José Alves de Carvalho Nunes)","codigo":"985","bairro":"JOSÉ ALVES CARVALHO NUNES","cep":"56904260"},"geometry":{"type":"LineString","coordinates":[[-38.2736283,-7.9851527,0.0],[-38.273666,-7.9855882,0.0],[-38.273709,-7.9858105,0.0],[-38.2739786,-7.9861192,0.0],[-38.2744289,-7.9863799,0.0],[-38.2745845,-7.9867743,0.0],[-38.2769248,-7.9956246,0.0]]}},
{"type":"Feature","properties":{"name":"Rua Projetada João Carvalho Soares","descricao":"Loteamento Quitandinha","codigo":"9048","bairro":"JOSÉ ALVES CARVALHO NUNES","cep":""},"geometry":{"type":"LineString","coordinates":[[-38.2760952,-7.9889928,0.0],[-38.2778762,-7.9957448,0.0]]}},
{"type":"Feature","properties":{"name":"Rua Arcelina Pereira de Souza","descricao":"Lei 771 de 17.08.90","codigo":"123","bairro":"NOSSA SENHORA DA CONCEIÇÃO","cep":"56912490"},"geometry":{"type":"LineString","coordinates":[[-38.2864804,-7.986317,0.0],[-38.2845305,-7.9870288,0.0]]}},
{"type":"Feature","properties":{"name":"Rua Padre Luiz Gonzaga Kehrle","descricao":"Lei 1701 de 07.05.19","codigo":"272","bairro":"NOSSA SENHORA DA CONCEIÇÃO","cep":"56912184"},"geometry":{"type":"LineString","coordinates":[[-38.284158,-7.9860044,0.0],[-38.2817279,-7.9868199,0.0],[-38.2785495,-7.9876473,0.0]]}},
{"type":"Feature","properties":{"name":"Rua Monsenhor José Kehrle","descricao":"Lei 1702 de 07.05.19","codigo":"124","bairro":"NOSSA SENHORA DA CONCEIÇÃO","cep":"56912605"},"geometry":{"type":"LineString","coordinates":[[-38.2843235,-7.9865423,0.0],[-38.2818746,-7.9873444,0.0],[-38.2802036,-7.9878093,0.0]]}},
{"type":"Feature","properties":{"name":"Rua Maria Bezerra de Souza","descricao":"Lei 1318 de 12.12.11 (Maria Delfino)","codigo":"943","bairro":"NOSSA SENHORA DA CONCEIÇÃO","cep":"56903271"},"geometry":{"type":"LineString","coordinates":[[-38.2800682,-7.9877206,0.0],[-38.2787512,-7.9880925,0.0]]}},
{"type":"Feature","properties":{"name":"Rua Santa Bárbara","descricao":"","codigo":"238","bairro":"NOSSA SENHORA DA CONCEIÇÃO","cep":"56912080"},"geometry":{"type":"LineString","coordinates":[[-38.2844632,-7.9870448,0.0],[-38.282025,-7.987916,0.0],[-38.2803674,-7.9883888,0.0]]}},
{"type":"Feature","properties":{"name":"Rua Ulisses Conrado de Lorena e Sá","descricao":"Lei 1304 de 17.08.11","codigo":"944","bairro":"NOSSA SENHORA DA CONCEIÇÃO","cep":"56903314"},"geometry":{"type":"LineString","coordinates":[[-38.280126,-7.9881977,0.0],[-38.2788144,-7.9885563,0.0]]}},
{"type":"Feature","properties":{"name":"Rua Pedro Alves de Oliveira","descricao":"Lei 1320 de 12.12.11","codigo":"926","bairro":"NOSSA SENHORA DA CONCEIÇÃO","cep":"56903311"},"geometry":{"type":"LineString","coordinates":[[-38.2802682,-7.9886519,0.0],[-38.2789593,-7.9890105,0.0]]}},
{"type":"Feature","properties":{"name":"Rua Benedito Alves Terto","descricao":"Lei 1314 de 25.11.11 (antiga Rua Projetada 07 e Rua Professora Zuleide Vieira)","codigo":"960","bairro":"JOSÉ ALVES CARVALHO NUNES","cep":"56903316"},"geometry":{"type":"LineString","coordinates":[[-38.2788407,-7.98904,0.0],[-38.2763462,-7.9896083,0.0]]}},
{"type":"Feature","properties":{"name":"Rua Augusto José Duarte","descricao":"Lei 1199 de 13.08.07","codigo":"281","bairro":"NOSSA SENHORA DA CONCEIÇÃO","cep":"56903234"},"geometry":{"type":"LineString","coordinates":[[-38.2846946,-7.9881424,0.0],[-38.2822189,-7.9889658,0.0],[-38.2805613,-7.989428,0.0]]}},
{"type":"Feature","properties":{"name":"Rua José Alves da Silveira","descricao":"Lei 1309 de 23.09.11 (José de Benedita, conhecida como Rua Dom Helder Câmara)","codigo":"939","bairro":"NOSSA SENHORA DA CONCEIÇÃO","cep":"56903276"},"geometry":{"type":"LineString","coordinates":[[-38.2804419,-7.9890724,0.0],[-38.279125,-7.9894549,0.0]]}},
{"type":"Feature","properties":{"name":"Rua Vereador José Carlos Pereira de Souza","descricao":"Lei 1193 de 08.03.07 (antiga Rua Boa Vista)","codigo":"126","bairro":"NOSSA SENHORA DA CONCEIÇÃO","cep":"56903238"},"geometry":{"type":"LineString","coordinates":[[-38.2845533,-7.9875926,0.0],[-38.2820803,-7.9884346,0.0],[-38.2804093,-7.9888862,0.0]]}},
{"type":"Feature","properties":{"name":"Rua Miguel Gomes da Silva","descricao":"Lei 1210 de 05.03.08 (antiga Rua Santa Inês)","codigo":"368","bairro":"NOSSA SENHORA DA CONCEIÇÃO","cep":"56903244"},"geometry":{"type":"LineString","coordinates":[[-38.284926,-7.9886644,0.0],[-38.2807901,-7.9898969,0.0]]}},
{"type":"Feature","properties":{"name":"Rua José Rodrigues de Barros","descricao":"Lei 1286 de 31.03.11 (Zé Pretinho, antiga Rua Projetada 01 - Lot. João Inácio de Medeiros)","codigo":"942","bairro":"NOSSA SENHORA DA CONCEIÇÃO","cep":"56903312"},"geometry":{"type":"LineString","coordinates":[[-38.2805575,-7.9895412,0.0],[-38.2792513,-7.9898998,0.0]]}},
{"type":"Feature","properties":{"name":"Rua Estênio Juliano Pereira de Melo e Silva","descricao":"Lei 1562 de 14.12.16 (antiga Rua Projetada 11 e Rua Dona Sinhá Campos)","codigo":"964","bairro":"JOSÉ ALVES CARVALHO NUNES","cep":"56904220"},"geometry":{"type":"LineString","coordinates":[[-38.2795178,-7.9915904,0.0],[-38.2769429,-7.9921482,0.0]]}},
{"type":"Feature","properties":{"name":"Rua João Aires Barros","descricao":"Lei 951 de 10.09.98 (conhecida como Rua João Barros)","codigo":"329","bairro":"NOSSA SENHORA DA CONCEIÇÃO","cep":"56912335"},"geometry":{"type":"LineString","coordinates":[[-38.2849672,-7.9891144,0.0],[-38.2824995,-7.9897997,0.0]]}},
{"type":"Feature","properties":{"name":"Rua Sebastião Ferreira da Silva","descricao":"","codigo":"291","bairro":"NOSSA SENHORA DA CONCEIÇÃO","cep":"56903313"},"geometry":{"type":"LineString","coordinates":[[-38.2850946,-7.9893548,0.0],[-38.2826055,-7.9900348,0.0],[-38.2824942,-7.9900069,0.0],[-38.2794888,-7.9908184,0.0]]}},
{"type":"Feature","properties":{"name":"Travessa Evangelista Cavalcante de Lacerda","descricao":"","codigo":"314","bairro":"JOSÉ ALVES CARVALHO NUNES","cep":""},"geometry":{"type":"LineString","coordinates":[[-38.2788516,-7.9916884,0.0],[-38.2787068,-7.9911598,0.0]]}},
{"type":"Feature","properties":{"name":"Rua José Pereira de Albuquerque","descricao":"Lei 1436 de 13.11.14 (antiga Rua Projetada 10 e Rua Maria Helena Nogueira)","codigo":"963","bairro":"JOSÉ ALVES CARVALHO NUNES","cep":""},"geometry":{"type":"LineString","coordinates":[[-38.2794014,-7.9909486,0.0],[-38.2768828,-7.9914294,0.0]]}},
{"type":"Feature","properties":{"name":"Rua Jacinta Pereira da Gama","descricao":"Lei 1567 de 14.12.16 (antiga Rua Projetada 08 e R. Maestro Fernando Moura)","codigo":"961","bairro":"JOSÉ ALVES CARVALHO NUNES","cep":"56904250"},"geometry":{"type":"LineString","coordinates":[[-38.279028,-7.989692,0.0],[-38.2764638,-7.9902232,0.0]]}},
{"type":"Feature","properties":{"name":"Rua Henrique Gomes de Lima","descricao":"Lei 1564 de 14.12.16","codigo":"982","bairro":"JOSÉ ALVES CARVALHO NUNES","cep":"56904100"},"geometry":{"type":"LineString","coordinates":[[-38.2791159,-7.9900328,0.0],[-38.2776166,-7.9903463,0.0]]}},
{"type":"Feature","properties":{"name":"Rua Elias Aprígio de Souza","descricao":"Lei 1563 de 14.12.16 (antiga  Rua Projetada 09 e R. Professor Laércio Pulsa)","codigo":"1505","bairro":"JOSÉ ALVES CARVALHO NUNES","cep":"56904230"},"geometry":{"type":"LineString","coordinates":[[-38.2791777,-7.9903304,0.0],[-38.2766162,-7.9908324,0.0]]}},
{"type":"Feature","properties":{"name":"Rua Maria Joana da Conceição","descricao":"Lei 1288 de 31.03.11 (antiga Rua Projetada 01, Loteamento Nova Serra I)","codigo":"905","bairro":"TANCREDO NEVES","cep":""},"geometry":{"type":"LineString","coordinates":[[-38.2695907,-7.9857601,0.0],[-38.2684641,-7.9815101,0.0]]}},
{"type":"Feature","properties":{"name":"Rua Epitácio Rodrigues Soares","descricao":"Lei 1382 de 15.10.13 (antiga Rua Projetada 04, loteamento Jardim das Oliveiras I)","codigo":"1094","bairro":"TANCREDO NEVES","cep":""},"geometry":{"type":"LineString","coordinates":[[-38.2671307,-7.9818281,0.0],[-38.2682197,-7.9860621,0.0]]}},
{"type":"Feature","properties":{"name":"Rua Projetada","descricao":"","codigo":"","bairro":"TANCREDO NEVES","cep":""},"geometry":{"type":"LineString","coordinates":[[-38.2681497,-7.9858384,0.0],[-38.2703383,-7.9853523,0.0],[-38.2710679,-7.9854877,0.0]]}},
{"type":"Feature","properties":{"name":"Rua Projetada 12","descricao":"Loteamento Nova Serra II","codigo":"","bairro":"TANCREDO NEVES","cep":""},"geometry":{"type":"LineString","coordinates":[[-38.2697965,-7.9849062,0.0],[-38.2680692,-7.9852886,0.0]]}},
{"type":"Feature","properties":{"name":"Rua Antônio de Souza Melo","descricao":"Lei 1800 de 18.12.2020 (Antônio de Quinzeiro, antiga Rua Projetada 24 - Loteamento Nova Serra II)","codigo":"1011","bairro":"TANCREDO NEVES","cep":"56909204"},"geometry":{"type":"LineString","coordinates":[[-38.2696731,-7.984319,0.0],[-38.2700406,-7.9856789,0.0]]}},
{"type":"Feature","properties":{"name":"Rua Projetada 25","descricao":"Loteamento Nova Serra II","codigo":"1012","bairro":"TANCREDO NEVES","cep":""},"geometry":{"type":"LineString","coordinates":[[-38.2704161,-7.9853444,0.0],[-38.270189,-7.9844226,0.0]]}},
{"type":"Feature","properties":{"name":"Rua Emídio Nunes da Silva","descricao":"Prolongamento (Ruas Projetada 13 - Loteamento Nova Serra II e Projetada 10 - Loteamento Jardim das Oliveiras I)","codigo":"","bairro":"TANCREDO NEVES","cep":""},"geometry":{"type":"LineString","coordinates":[[-38.2701768,-7.9843886,0.0],[-38.2699247,-7.9842451,0.0],[-38.269297,-7.9843461,0.0],[-38.2636805,-7.9855042,0.0]]}},
{"type":"Feature","properties":{"name":"Rua Emídio Nunes da Silva","descricao":"Lei 864 de 31.01.94 (antiga Rua Maravilha)","codigo":"189","bairro":"TANCREDO NEVES","cep":"56906515"},"geometry":{"type":"LineString","coordinates":[[-38.2823709,-7.9811185,0.0],[-38.280488,-7.9821744,0.0],[-38.2761213,-7.9830416,0.0]]}},
{"type":"Feature","properties":{"name":"Rua José Aparecido de Lima","descricao":"Lei 1399 de 03.01.14 (antigas Ruas Projetada 11 - Loteamento Nova Serra II e Projetada 12 - Loteamento Jardim das Oliveiras I)","codigo":"1064","bairro":"TANCREDO NEVES","cep":""},"geometry":{"type":"LineString","coordinates":[[-38.2628514,-7.982635,0.0],[-38.2673843,-7.9816788,0.0],[-38.2713716,-7.9810214,0.0]]}},
{"type":"Feature","properties":{"name":"Rua Projetada Antônio Gomes de Lucena","descricao":"Loteamento Quitandinha","codigo":"","bairro":"JOSÉ ALVES CARVALHO NUNES","cep":""},"geometry":{"type":"LineString","coordinates":[[-38.2638492,-7.9870657,0.0],[-38.2644393,-7.9895546,0.0]]}},
{"type":"Feature","properties":{"name":"Rua Antônio Luiz de Sá","descricao":"Prolongamento (Ruas Projetada 12 - Loteamento Nova Serra II e Projetada 11 - Loteamento Jardim das Oliveiras I)","codigo":"","bairro":"TANCREDO NEVES","cep":""},"geometry":{"type":"LineString","coordinates":[[-38.2711699,-7.9829528,0.0],[-38.2635457,-7.9845186,0.0]]}},
{"type":"Feature","properties":{"name":"Rua Antônio Luiz de Sá","descricao":"Lei 1186 de 28.11.06","codigo":"344","bairro":"TANCREDO NEVES","cep":"56909085"},"geometry":{"type":"LineString","coordinates":[[-38.2800098,-7.9809979,0.0],[-38.2769736,-7.9816088,0.0]]}},
{"type":"Feature","properties":{"name":"Rua José Espedito de Lima","descricao":"Lei 1396 de 03.01.2014 (antiga Rua Projetada 02, Loteamento Jardim das Oliveiras I)","codigo":"855","bairro":"TANCREDO NEVES","cep":""},"geometry":{"type":"LineString","coordinates":[[-38.2680321,-7.9815722,0.0],[-38.2689199,-7.9850466,0.0]]}},
{"type":"Feature","properties":{"name":"Rua Severino Manoel Cavalcante","descricao":"Lei 1397 de 03.01.14 (antiga Rua Projetada 03, loteamento Jardim das Oliveiras I)","codigo":"","bairro":"TANCREDO NEVES","cep":""},"geometry":{"type":"LineString","coordinates":[[-38.2675561,-7.9816799,0.0],[-38.2684412,-7.9851329,0.0]]}},
{"type":"Feature","properties":{"name":"Rua Geraldo Severino de Andrada","descricao":"Lei 1164 de 12.09.06 (antiga Travessa Virgulino Ferreira da Silva)","codigo":"348","bairro":"TANCREDO NEVES","cep":"56909093"},"geometry":{"type":"LineString","coordinates":[[-38.2802585,-7.981575,0.0],[-38.2771901,-7.982178,0.0]]}},
{"type":"Feature","properties":{"name":"Rua Andrelino Serafim de Lima","descricao":"Lei 1168 de 12.09.06","codigo":"352","bairro":"TANCREDO NEVES","cep":"56909105"},"geometry":{"type":"LineString","coordinates":[[-38.2799295,-7.9803774,0.0],[-38.2768852,-7.9809884,0.0]]}},
{"type":"Feature","properties":{"name":"Rua Honorina Alves de Lima","descricao":"Lei 1166 de 12.09.06 (antiga R. Projetada 06)","codigo":"869","bairro":"TANCREDO NEVES","cep":"56909175"},"geometry":{"type":"LineString","coordinates":[[-38.2794112,-7.9785904,0.0],[-38.2763642,-7.9792226,0.0]]}},
{"type":"Feature","properties":{"name":"Rua Mário Alves de Melo Lima","descricao":"Lei 1165 de 12.09.06","codigo":"786","bairro":"TANCREDO NEVES","cep":"56909215"},"geometry":{"type":"LineString","coordinates":[[-38.2795864,-7.9791917,0.0],[-38.2765501,-7.9798026,0.0]]}},
{"type":"Feature","properties":{"name":"Travessa João de Souza Santos","descricao":"Lei 1163 de 12.09.06 (João Cabrinha)","codigo":"377","bairro":"TANCREDO NEVES","cep":"56909225"},"geometry":{"type":"LineString","coordinates":[[-38.2789882,-7.9830764,0.0],[-38.277529,-7.9833606,0.0]]}},
{"type":"Feature","properties":{"name":"Rua Rita Eliodoro de Melo","descricao":"Lei 1167 de 12.09.06 (antiga Rua Joaquim Nabuco)","codigo":"294","bairro":"TANCREDO NEVES","cep":"56909103"},"geometry":{"type":"LineString","coordinates":[[-38.2807913,-7.9836396,0.0],[-38.2782593,-7.9744012,0.0]]}},
{"type":"Feature","properties":{"name":"Avenida Luiza Ferraz de Lima","descricao":"Lei 1086 de 30.04.04","codigo":"308","bairro":"TANCREDO NEVES","cep":"56909195"},"geometry":{"type":"LineString","coordinates":[[-38.2791919,-7.9839044,0.0],[-38.2765741,-7.97397,0.0]]}},
{"type":"Feature","properties":{"name":"Rua Luiz de Souza Melo","descricao":"Lei 1263 de 13.05.10 (Luiz Melo)","codigo":"941","bairro":"TANCREDO NEVES","cep":"56909148"},"geometry":{"type":"LineString","coordinates":[[-38.2783643,-7.9747434,0.0],[-38.2769174,-7.9750582,0.0]]}},
{"type":"Feature","properties":{"name":"Travessa 02","descricao":"","codigo":"934","bairro":"TANCREDO NEVES","cep":""},"geometry":{"type":"LineString","coordinates":[[-38.2789722,-7.9750387,0.0],[-38.2785698,-7.9751715,0.0]]}},
{"type":"Feature","properties":{"name":"Rua Projetada 02","descricao":"Rede Elétrica","codigo":"7048","bairro":"TANCREDO NEVES","cep":""},"geometry":{"type":"LineString","coordinates":[[-38.2783305,-7.9744721,0.0],[-38.282547,-7.9755665,0.0],[-38.2831585,-7.9756781,0.0],[-38.2833892,-7.9756781,0.0]]}},
{"type":"Feature","properties":{"name":"Rua José Marcolino Alves","descricao":"Lei 1146 de 12.04.06 (Poeta Zé Marcolino)","codigo":"782","bairro":"TANCREDO NEVES","cep":"56909095"},"geometry":{"type":"LineString","coordinates":[[-38.2797558,-7.9797883,0.0],[-38.2766552,-7.9804151,0.0]]}},
{"type":"Feature","properties":{"name":"Travessa Honorina Alves de Lima","descricao":"","codigo":"846","bairro":"TANCREDO NEVES","cep":""},"geometry":{"type":"LineString","coordinates":[[-38.2785433,-7.9793484,0.0],[-38.2782322,-7.9782806,0.0]]}},
{"type":"Feature","properties":{"name":"Rua Maria da Penha da Silva","descricao":"Lei 1802 de 30.12.2020 (antigas Ruas Projetada 07 e Santa Helena)","codigo":"802","bairro":"TANCREDO NEVES","cep":"56909214"},"geometry":{"type":"LineString","coordinates":[[-38.2792514,-7.9779884,0.0],[-38.2761615,-7.97861,0.0]]}},
{"type":"Feature","properties":{"name":"Rua José Albérico de Souza Alves","descricao":"Lei 1236 de 25.08.09","codigo":"870","bairro":"TANCREDO NEVES","cep":"56909185"},"geometry":{"type":"LineString","coordinates":[[-38.2791077,-7.9774103,0.0],[-38.2760661,-7.9779894,0.0]]}},
{"type":"Feature","properties":{"name":"Rua Maria Aliete de Melo Lima e Sá","descricao":"Lei 1255 de 04.03.10 (antiga R. Projetada P)","codigo":"596","bairro":"TANCREDO NEVES","cep":"56909132"},"geometry":{"type":"LineString","coordinates":[[-38.2789333,-7.9768246,0.0],[-38.2758541,-7.9774089,0.0]]}},
{"type":"Feature","properties":{"name":"Rua José Clarival de Souza","descricao":"Lei 1247 de 30.11.09 (antiga R. Projetada Q)","codigo":"794","bairro":"TANCREDO NEVES","cep":"56909128"},"geometry":{"type":"LineString","coordinates":[[-38.2787389,-7.976242,0.0],[-38.2756893,-7.9768396,0.0]]}},
{"type":"Feature","properties":{"name":"Rua Manoel Pereira de Melo Primo","descricao":"Lei 1262 de 13.05.10 (antiga R. Projetada R)","codigo":"302","bairro":"TANCREDO NEVES","cep":"56909172"},"geometry":{"type":"LineString","coordinates":[[-38.279189,-7.9754556,0.0],[-38.2786928,-7.9756256,0.0],[-38.2786136,-7.9756301,0.0],[-38.275521,-7.9762716,0.0]]}},
{"type":"Feature","properties":{"name":"Rua Professora Virgínia Sabino de Oliveira Lima","descricao":"Lei 1260 de 26.04.10","codigo":"877","bairro":"TANCREDO NEVES","cep":"56909138"},"geometry":{"type":"LineString","coordinates":[[-38.2785239,-7.9753879,0.0],[-38.2783683,-7.9754198,0.0],[-38.2782852,-7.9753905,0.0],[-38.2754259,-7.9759616,0.0]]}},
{"type":"Feature","properties":{"name":"Rua Francisca Gomes de Souza","descricao":"Lei 1237 de 25.08.09 (antiga R. Projetada S)","codigo":"826","bairro":"TANCREDO NEVES","cep":"56909118"},"geometry":{"type":"LineString","coordinates":[[-38.2784468,-7.9750268,0.0],[-38.2753355,-7.9756988,0.0]]}},
{"type":"Feature","properties":{"name":"Rua Projetada Linha do DAE","descricao":"Rua Projetada T (Loteamento Pedro Ferreira Lima)","codigo":"1435","bairro":"TANCREDO NEVES","cep":""},"geometry":{"type":"LineString","coordinates":[[-38.2782752,-7.9744344,0.0],[-38.2751799,-7.9750507,0.0]]}},
{"type":"Feature","properties":{"name":"Rua Proj. I Paral. Av. Luiza Ferraz de Lima","descricao":"","codigo":"812","bairro":"TANCREDO NEVES","cep":""},"geometry":{"type":"LineString","coordinates":[[-38.2763175,-7.9767558,0.0],[-38.2764516,-7.9772579,0.0]]}},
{"type":"Feature","properties":{"name":"Rua Proj. II Paral. Av. Luiza Ferraz de Lima","descricao":"","codigo":"906","bairro":"TANCREDO NEVES","cep":""},"geometry":{"type":"LineString","coordinates":[[-38.2759957,-7.9768462,0.0],[-38.2762854,-7.9778981,0.0]]}},
{"type":"Feature","properties":{"name":"Rua João Luiz de Melo","descricao":"Lei 1093 de 15.09.04","codigo":"371","bairro":"TANCREDO NEVES","cep":"56909205"},"geometry":{"type":"LineString","coordinates":[[-38.277637,-7.9841968,0.0],[-38.2746651,-7.9734231,0.0]]}},
{"type":"Feature","properties":{"name":"Rua Cosme José da Mata","descricao":"Lei 1230 de 16.06.09 (antigo trecho da Rua 02)","codigo":"215","bairro":"TANCREDO NEVES","cep":"56909125"},"geometry":{"type":"LineString","coordinates":[[-38.2807192,-7.9781904,0.0],[-38.2784126,-7.9741006,0.0]]}},
{"type":"Feature","properties":{"name":"Rua Cabo Joaquim Pereira de Sousa","descricao":"Lei 663 de 29.07.88 (conhecida como R. Cabo Joaquim da Mata, Sargento Burrego e antigo trecho da Rua 02)","codigo":"259","bairro":"TANCREDO NEVES","cep":"56909115"},"geometry":{"type":"LineString","coordinates":[[-38.2833327,-7.9828166,0.0],[-38.2807926,-7.9783249,0.0]]}},
{"type":"Feature","properties":{"name":"Rua Manoel Antônio de Souza","descricao":"Lei 886 de 26.02.96 (antiga R. Polivalente)","codigo":"188","bairro":"NOSSA SENHORA DE FÁTIMA - TANCREDO NEVES","cep":"56909272"},"geometry":{"type":"LineString","coordinates":[[-38.286298,-7.9796572,0.0],[-38.2848442,-7.9808286,0.0],[-38.282854,-7.9819681,0.0],[-38.2816711,-7.9825763,0.0],[-38.2813305,-7.9826799,0.0],[-38.2806358,-7.9827942,0.0]]}},
{"type":"Feature","properties":{"name":"Rua Vereador Carlos Nogueira de Godoy","descricao":"Lei 863 de 31.01.94 (antiga R. Jasmim)","codigo":"184","bairro":"TANCREDO NEVES","cep":"56909030"},"geometry":{"type":"LineString","coordinates":[[-38.2826172,-7.9815009,0.0],[-38.2806619,-7.9826112,0.0]]}},
{"type":"Feature","properties":{"name":"Rua Onofre Magalhães","descricao":"Lei 896 de 26.07.96 (antiga R. Virgulino Ferreira)","codigo":"190","bairro":"TANCREDO NEVES","cep":"56909278"},"geometry":{"type":"LineString","coordinates":[[-38.2803068,-7.9818013,0.0],[-38.2829676,-7.9802448,0.0],[-38.2859529,-7.9784358,0.0]]}},
{"type":"Feature","properties":{"name":"Rua Virgulino Ferreira da Silva","descricao":"Lei 950 de 19.08.98 (antiga Rua 24)","codigo":"214","bairro":"TANCREDO NEVES","cep":"56909110"},"geometry":{"type":"LineString","coordinates":[[-38.2811092,-7.9807002,0.0],[-38.2800068,-7.9787239,0.0]]}},
{"type":"Feature","properties":{"name":"Rua Doutor Miguel Arcanjo do Nascimento","descricao":"Lei 1902 de 21.03.2022 (antiga Rua Projetada 26)","codigo":"209","bairro":"TANCREDO NEVES","cep":""},"geometry":{"type":"LineString","coordinates":[[-38.2807634,-7.9809774,0.0],[-38.2802886,-7.9800929,0.0]]}},
{"type":"Feature","properties":{"name":"Rua Manoel Andrada Magalhães","descricao":"Lei 1529 de 23.03.16 (Né da Barra, antiga Rua 25)","codigo":"196","bairro":"TANCREDO NEVES","cep":"56909264"},"geometry":{"type":"LineString","coordinates":[[-38.2814905,-7.980484,0.0],[-38.2809165,-7.9794534,0.0]]}},
{"type":"Feature","properties":{"name":"Rua Maria do Carmo Duarte Leão","descricao":"Lei 2123 de 24.09.2025 (antiga Rua Projetada 21 - COHAB)","codigo":"232","bairro":"TANCREDO NEVES","cep":""},"geometry":{"type":"LineString","coordinates":[[-38.2811221,-7.9789165,0.0],[-38.2808619,-7.9792698,0.0],[-38.2808565,-7.9794119,0.0],[-38.2806125,-7.9798011,0.0],[-38.279958,-7.9801862,0.0]]}},
{"type":"Feature","properties":{"name":"Rua Dorgival Pereira da Silva","descricao":"Lei 1863 de 18.10.2021 (antiga Rua 01 COHAB)","codigo":"195","bairro":"TANCREDO NEVES","cep":"56909270"},"geometry":{"type":"LineString","coordinates":[[-38.2823512,-7.9790209,0.0],[-38.2804683,-7.9756607,0.0]]}},
{"type":"Feature","properties":{"name":"Travessa Edimício Luiz da Silva","descricao":"Lei 1799 de 17.12.2020 (antiga Travessa Rita Eliodoro de Melo)","codigo":"803","bairro":"TANCREDO NEVES","cep":"56909202"},"geometry":{"type":"LineString","coordinates":[[-38.2791768,-7.9777209,0.0],[-38.2779994,-7.9779679,0.0]]}},
{"type":"Feature","properties":{"name":"Rua Luiz Cordeiro de Siqueira","descricao":"Lei 852 de 31.01.94 (antiga Rua Doca Germano e antigo trecho da Rua 01)","codigo":"129","bairro":"TANCREDO NEVES","cep":"56909320"},"geometry":{"type":"LineString","coordinates":[[-38.2840624,-7.9820082,0.0],[-38.2837245,-7.9814823,0.0],[-38.282378,-7.9790758,0.0]]}},
{"type":"Feature","properties":{"name":"Rua Floriano Peixoto","descricao":"","codigo":"192","bairro":"TANCREDO NEVES","cep":""},"geometry":{"type":"LineString","coordinates":[[-38.2840602,-7.9828119,0.0],[-38.2834433,-7.9818716,0.0]]}},
{"type":"Feature","properties":{"name":"Travessa Floriano Peixoto","descricao":"","codigo":"","bairro":"TANCREDO NEVES","cep":""},"geometry":{"type":"LineString","coordinates":[[-38.2840601,-7.9820416,0.0],[-38.2837651,-7.9822487,0.0]]}},
{"type":"Feature","properties":{"name":"Travessa Maria Severina Duarte","descricao":"Lei 1714 de 21.08.19 (antiga Rua Projetada 03)","codigo":"2247","bairro":"TANCREDO NEVES","cep":"56909252"},"geometry":{"type":"LineString","coordinates":[[-38.2783545,-7.9809571,0.0],[-38.277582,-7.9811404,0.0]]}},
{"type":"Feature","properties":{"name":"Rua Sargento João Eliodório da Silva","descricao":"Lei 561 de 05.12.83 (conhecida como Rua São João)","codigo":"265","bairro":"NOSSA SENHORA DE FÁTIMA - TANCREDO NEVES","cep":"56909340"},"geometry":{"type":"LineString","coordinates":[[-38.2867911,-7.982339,0.0],[-38.283618,-7.9799138,0.0],[-38.2830575,-7.9788752,0.0]]}},
{"type":"Feature","properties":{"name":"Rua Sargento Joaquim Severino de Lima","descricao":"Lei 853 de 31.01.94","codigo":"276","bairro":"TANCREDO NEVES","cep":"56909135"},"geometry":{"type":"LineString","coordinates":[[-38.2833415,-7.980016,0.0],[-38.282746,-7.978927,0.0]]}},
{"type":"Feature","properties":{"name":"Travessa Luiz Bezerra Leite","descricao":"","codigo":"306","bairro":"TANCREDO NEVES","cep":""},"geometry":{"type":"LineString","coordinates":[[-38.2839119,-7.9807032,0.0],[-38.2834613,-7.9800152,0.0]]}},
{"type":"Feature","properties":{"name":"Rua Luiz Bezerra Leite","descricao":"Lei 661 de 29.07.88 ","codigo":"193","bairro":"NOSSA SENHORA DE FÁTIMA - TANCREDO NEVES","cep":"56909350"},"geometry":{"type":"LineString","coordinates":[[-38.2834941,-7.9810023,0.0],[-38.2865035,-7.9790393,0.0]]}},
{"type":"Feature","properties":{"name":"Rua Joaquim Alves da Silveira","descricao":"","codigo":"180","bairro":"NOSSA SENHORA DE FÁTIMA","cep":"56909720"},"geometry":{"type":"LineString","coordinates":[[-38.2871137,-7.981417,0.0],[-38.2867623,-7.9814967,0.0],[-38.2863546,-7.9816454,0.0],[-38.2861695,-7.9817464,0.0]]}},
{"type":"Feature","properties":{"name":"Rua São Francisco","descricao":"","codigo":"181","bairro":"NOSSA SENHORA DE FÁTIMA","cep":""},"geometry":{"type":"LineString","coordinates":[[-38.2868477,-7.9810814,0.0],[-38.2863408,-7.9813391,0.0]]}},
{"type":"Feature","properties":{"name":"Rua Eduardo Nunes","descricao":"","codigo":"182","bairro":"NOSSA SENHORA DE FÁTIMA","cep":""},"geometry":{"type":"LineString","coordinates":[[-38.2873439,-7.9808397,0.0],[-38.2869604,-7.981031,0.0]]}},
{"type":"Feature","properties":{"name":"Rua São Paulo","descricao":"","codigo":"183","bairro":"NOSSA SENHORA DE FÁTIMA","cep":"56909400"},"geometry":{"type":"LineString","coordinates":[[-38.2870073,-7.9804157,0.0],[-38.2856206,-7.9813108,0.0]]}},
{"type":"Feature","properties":{"name":"Rua São Tomé","descricao":"","codigo":"185","bairro":"NOSSA SENHORA DE FÁTIMA - TANCREDO NEVES","cep":"56909370"},"geometry":{"type":"LineString","coordinates":[[-38.2866023,-7.9821236,0.0],[-38.2864441,-7.9816561,0.0],[-38.2863475,-7.9815897,0.0],[-38.2860015,-7.9810479,0.0],[-38.2839201,-7.9784633,0.0]]}},
{"type":"Feature","properties":{"name":"Rua João Romão de Oliveira","descricao":"Lei 897 de 26.07.96 (antiga R. São Jorge)","codigo":"186","bairro":"NOSSA SENHORA DE FÁTIMA - TANCREDO NEVES","cep":"56909380"},"geometry":{"type":"LineString","coordinates":[[-38.2871761,-7.9814609,0.0],[-38.2843625,-7.9782389,0.0]]}},
{"type":"Feature","properties":{"name":"Rua Eneias Inácio de Oliveira","descricao":"Lei 1463 de 05.06.15 (antiga Rua Santa Luzia)","codigo":"261","bairro":"TANCREDO NEVES","cep":"56909242"},"geometry":{"type":"LineString","coordinates":[[-38.2846779,-7.980231,0.0],[-38.2840449,-7.9796706,0.0],[-38.28388,-7.9793545,0.0],[-38.2840121,-7.9792682,0.0],[-38.2838126,-7.9789328,0.0],[-38.2836753,-7.9790095,0.0],[-38.28388,-7.9793545,0.0],[-38.2836753,-7.9790095,0.0],[-38.2835166,-7.9786612,0.0]]}},
{"type":"Feature","properties":{"name":"Rua Joaquim de Souza Melo","descricao":"Lei 709 de 27.10.89","codigo":"187","bairro":"NOSSA SENHORA DE FÁTIMA - TANCREDO NEVES","cep":"56909390"},"geometry":{"type":"LineString","coordinates":[[-38.2884996,-7.9819301,0.0],[-38.2880919,-7.9816777,0.0],[-38.2878585,-7.9814759,0.0],[-38.2855894,-7.9787134,0.0],[-38.2854848,-7.9786868,0.0],[-38.284892,-7.9779457,0.0]]}},
{"type":"Feature","properties":{"name":"Rua Projetada Elizeu de Souza Guerra","descricao":"","codigo":"918","bairro":"TANCREDO NEVES","cep":"56909162"},"geometry":{"type":"LineString","coordinates":[[-38.2856807,-7.9781289,0.0],[-38.2848091,-7.9787133,0.0]]}},
{"type":"Feature","properties":{"name":"Rua Projetada Edmundo de Souza Guerra","descricao":"","codigo":"919","bairro":"TANCREDO NEVES","cep":""},"geometry":{"type":"LineString","coordinates":[[-38.2854608,-7.977874,0.0],[-38.2845865,-7.9784583,0.0]]}},
{"type":"Feature","properties":{"name":"Rua Projetada Lateral com a Caixa D'água COHAB","descricao":"","codigo":"781","bairro":"TANCREDO NEVES","cep":""},"geometry":{"type":"LineString","coordinates":[[-38.282697,-7.9788475,0.0],[-38.2824047,-7.9790069,0.0]]}},
{"type":"Feature","properties":{"name":"Travessa da Igreja","descricao":"Igreja São Francisco de Assis","codigo":"271","bairro":"TANCREDO NEVES","cep":""},"geometry":{"type":"LineString","coordinates":[[-38.2824019,-7.9783063,0.0],[-38.2820827,-7.9784869,0.0]]}},
{"type":"Feature","properties":{"name":"Rua Maria Vanete Almeida","descricao":"Lei 1340 de 19.12.12 (antiga Rua São Joaquim)","codigo":"862","bairro":"TANCREDO NEVES","cep":"56909235"},"geometry":{"type":"LineString","coordinates":[[-38.2852421,-7.9776725,0.0],[-38.2840459,-7.9783193,0.0],[-38.2828228,-7.9789342,0.0]]}},
{"type":"Feature","properties":{"name":"Rua Napoleão Roberto de Godoy Carvalho","descricao":"Lei 1337 de 19.11.12 (Bebeto Godoy)","codigo":"739","bairro":"TANCREDO NEVES","cep":"56909212"},"geometry":{"type":"LineString","coordinates":[[-38.2844486,-7.9767808,0.0],[-38.2822918,-7.9779858,0.0]]}},
{"type":"Feature","properties":{"name":"Rua Aldemar Nunes da Silva","descricao":"Lei 1517 de 26.02.16 (antiga Rua 10)","codigo":"220","bairro":"TANCREDO NEVES","cep":"56909089"},"geometry":{"type":"LineString","coordinates":[[-38.2831795,-7.9787342,0.0],[-38.2813127,-7.9753554,0.0]]}},
{"type":"Feature","properties":{"name":"Rua Conj Hab Ten PM David Jurubeba I","descricao":"Vila Militar","codigo":"364","bairro":"TANCREDO NEVES","cep":""},"geometry":{"type":"LineString","coordinates":[[-38.2835502,-7.9785743,0.0],[-38.283046,-7.9776233,0.0]]}},
{"type":"Feature","properties":{"name":"Travessa Santa Catarina de Sena","descricao":"","codigo":"1443","bairro":"TANCREDO NEVES","cep":""},"geometry":{"type":"LineString","coordinates":[[-38.2839258,-7.9783846,0.0],[-38.2834055,-7.977431,0.0]]}},
{"type":"Feature","properties":{"name":"Travessa Santa Clara","descricao":"","codigo":"7165","bairro":"TANCREDO NEVES","cep":""},"geometry":{"type":"LineString","coordinates":[[-38.2841999,-7.9782289,0.0],[-38.2836929,-7.97727,0.0]]}},
{"type":"Feature","properties":{"name":"Rua Nossa Senhora Aparecida","descricao":"","codigo":"1446","bairro":"TANCREDO NEVES","cep":"56909178"},"geometry":{"type":"LineString","coordinates":[[-38.2844924,-7.978074,0.0],[-38.2839801,-7.9771018,0.0]]}},
{"type":"Feature","properties":{"name":"Rua Santa Ana","descricao":"","codigo":"1434","bairro":"TANCREDO NEVES","cep":"56909184"},"geometry":{"type":"LineString","coordinates":[[-38.2848867,-7.9779404,0.0],[-38.2846695,-7.9776554,0.0],[-38.284294,-7.9769222,0.0]]}},
{"type":"Feature","properties":{"name":"Rua Santa Clara","descricao":"","codigo":"1444","bairro":"TANCREDO NEVES","cep":"56909164"},"geometry":{"type":"LineString","coordinates":[[-38.2835006,-7.9772259,0.0],[-38.2825994,-7.9756534,0.0]]}},
{"type":"Feature","properties":{"name":"Rua José Vicente Ferreira","descricao":"Lei 1357 de 17.06.13 (antiga Rua Projetada Santa Mônica)","codigo":"1450","bairro":"TANCREDO NEVES","cep":"56909245"},"geometry":{"type":"LineString","coordinates":[[-38.283793,-7.9770984,0.0],[-38.2831412,-7.9759907,0.0]]}},
{"type":"Feature","properties":{"name":"Rua Santa Izabel","descricao":"","codigo":"7191","bairro":"TANCREDO NEVES","cep":"56909182"},"geometry":{"type":"LineString","coordinates":[[-38.2829241,-7.9775707,0.0],[-38.2817439,-7.9754536,0.0]]}},
{"type":"Feature","properties":{"name":"Rua Maria da Penha de Godoy Rodrigues","descricao":"Lei 1372 de 17.06.13 (antigo Rua Santa Catarina de Sena)","codigo":"1445","bairro":"TANCREDO NEVES","cep":"56909255"},"geometry":{"type":"LineString","coordinates":[[-38.2832256,-7.977438,0.0],[-38.2822948,-7.9757593,0.0]]}},
{"type":"Feature","properties":{"name":"Avenida José Alberes Lourenço","descricao":"Lei 1516 de 04.02.2016 (antiga Avenida Projetada 01 - Loteamento Manoel Carvalho)","codigo":"1426","bairro":"TANCREDO NEVES","cep":"56909275"},"geometry":{"type":"LineString","coordinates":[[-38.277854,-7.9741538,0.0],[-38.2758316,-7.9711628,0.0]]}},
{"type":"Feature","properties":{"name":"Rua Projetada 08","descricao":"Loteamento Manoel Carvalho","codigo":"1423","bairro":"TANCREDO NEVES","cep":""},"geometry":{"type":"LineString","coordinates":[[-38.277154,-7.9739529,0.0],[-38.275295,-7.971292,0.0]]}},
{"type":"Feature","properties":{"name":"Avenida Luiz Gonzaga Magalhães","descricao":"Lei 550 de 02.01.83 (antigas Av. Padre Cícero e Av. Saco)","codigo":"112","bairro":"JOSÉ TOMÉ DE SOUZA - NOSSA SENHORA DE FÁTIMA - TANCREDO NEVES","cep":"56909475"},"geometry":{"type":"LineString","coordinates":[[-38.2920474,-7.9816602,0.0],[-38.2901993,-7.9773943,0.0],[-38.2898185,-7.9768444,0.0],[-38.2890835,-7.9742493,0.0],[-38.2888797,-7.9737021,0.0],[-38.2888153,-7.9732372,0.0],[-38.2887349,-7.9729955,0.0],[-38.2884962,-7.9726064,0.0],[-38.2876674,-7.9714788,0.0],[-38.2873241,-7.9709183,0.0],[-38.2867849,-7.9695397,0.0]]}},
{"type":"Feature","properties":{"name":"Avenida Gregório Ferraz Nogueira","descricao":"Lei 1414 de 22.10.14 (trecho da Acesso da BR 232)","codigo":"9094","bairro":"FORA DO PERÍMETRO URBANO","cep":"56909535"},"geometry":{"type":"LineString","coordinates":[[-38.2867571,-7.9694744,0.0],[-38.2866444,-7.9691875,0.0],[-38.2866176,-7.9690042,0.0],[-38.2866337,-7.9688209,0.0],[-38.2867088,-7.9686483,0.0],[-38.2869368,-7.9683401,0.0],[-38.2914295,-7.9626742,0.0],[-38.2915877,-7.9624909,0.0],[-38.2917782,-7.9623288,0.0],[-38.2930898,-7.9613805,0.0],[-38.2933151,-7.9612158,0.0],[-38.2934814,-7.9610086,0.0],[-38.293771,-7.9602011,0.0],[-38.2937415,-7.9596353,0.0],[-38.2937657,-7.9594122,0.0],[-38.2938166,-7.9592129,0.0],[-38.2938166,-7.9590509,0.0],[-38.2937657,-7.9589207,0.0],[-38.2936316,-7.9587374,0.0],[-38.2930254,-7.9581743,0.0],[-38.2929503,-7.958076,0.0],[-38.2929235,-7.9579086,0.0],[-38.2929235,-7.9577546,0.0],[-38.2929449,-7.9575819,0.0],[-38.2929905,-7.9574757,0.0],[-38.2930602,-7.9573774,0.0],[-38.2931595,-7.9573136,0.0],[-38.2932775,-7.9572685,0.0],[-38.2936289,-7.9571994,0.0],[-38.2937174,-7.9571436,0.0],[-38.2937898,-7.9570586,0.0],[-38.293881,-7.9568408,0.0],[-38.2939829,-7.9567,0.0],[-38.2941056,-7.9566217,0.0],[-38.2951403,-7.9562778,0.0],[-38.2957183,-7.9561,0.0],[-38.2966061,-7.9557975,0.0],[-38.2970406,-7.955575,0.0],[-38.2972552,-7.9554275,0.0]]}},
{"type":"Feature","properties":{"name":"Rua Jacinta Nunes de Sousa","descricao":"Lei 1532 de 23.03.16 (antiga Rua Projetada 09)","codigo":"409","bairro":"JOSÉ TOMÉ DE SOUZA - TANCREDO NEVES","cep":"56909472"},"geometry":{"type":"LineString","coordinates":[[-38.2881016,-7.9720719,0.0],[-38.2841628,-7.9735368,0.0],[-38.2822597,-7.974173,0.0]]}},
{"type":"Feature","properties":{"name":"Rua Manoel Barbosa de Oliveira","descricao":"Lei 1336 de 19.11.12 (antiga Rua Projetada 08 e Rua Maria Santina do Nascimento)","codigo":"408","bairro":"JOSÉ TOMÉ DE SOUZA","cep":"56909502"},"geometry":{"type":"LineString","coordinates":[[-38.2882903,-7.9723733,0.0],[-38.2844575,-7.9738209,0.0]]}},
{"type":"Feature","properties":{"name":"Rua José Antônio Neto","descricao":"Lei 1726 de 27.09.19 (José Toinho, antiga Rua Projetada 06 e Rua Ex-Ferroviário Inácio José Felipe, Vila João Santos Filho)","codigo":"406","bairro":"JOSÉ TOMÉ DE SOUZA","cep":"56909565"},"geometry":{"type":"LineString","coordinates":[[-38.2886776,-7.9729952,0.0],[-38.2846543,-7.974488,0.0]]}},
{"type":"Feature","properties":{"name":"Rua Projetada 07","descricao":"Vila João Santos Filho","codigo":"407","bairro":"JOSÉ TOMÉ DE SOUZA","cep":""},"geometry":{"type":"LineString","coordinates":[[-38.2884812,-7.9726851,0.0],[-38.2867888,-7.9733306,0.0]]}},
{"type":"Feature","properties":{"name":"Rua Projetada 07","descricao":"Vila João Santos Filho","codigo":"407","bairro":"JOSÉ TOMÉ DE SOUZA","cep":""},"geometry":{"type":"LineString","coordinates":[[-38.2856145,-7.9737401,0.0],[-38.2844987,-7.9741704,0.0]]}},
{"type":"Feature","properties":{"name":"Rua S/D","descricao":"Vila João Santos Filho","codigo":"","bairro":"JOSÉ TOMÉ DE SOUZA","cep":""},"geometry":{"type":"LineString","coordinates":[[-38.2857857,-7.9740009,0.0],[-38.2855738,-7.9734511,0.0]]}},
{"type":"Feature","properties":{"name":"Rua S/D","descricao":"Vila João Santos Filho","codigo":"","bairro":"JOSÉ TOMÉ DE SOUZA","cep":""},"geometry":{"type":"LineString","coordinates":[[-38.2859895,-7.9729172,0.0],[-38.2863248,-7.9738123,0.0]]}},
{"type":"Feature","properties":{"name":"Rua Expedito Manoel dos Santos","descricao":"Lei 1718 de 30.08.19 (Vila João Santos Filho, Mutirão)","codigo":"","bairro":"JOSÉ TOMÉ DE SOUZA","cep":"56909545"},"geometry":{"type":"LineString","coordinates":[[-38.2873949,-7.9754505,0.0],[-38.2865272,-7.9730439,0.0],[-38.2865748,-7.9730214,0.0],[-38.2864615,-7.9727119,0.0]]}},
{"type":"Feature","properties":{"name":"Rua S/D","descricao":"Vila João Santos Filho","codigo":"","bairro":"JOSÉ TOMÉ DE SOUZA","cep":""},"geometry":{"type":"LineString","coordinates":[[-38.2852425,-7.97629,0.0],[-38.2841897,-7.9735872,0.0]]}},
{"type":"Feature","properties":{"name":"Rua Francisco de Assis Nunes","descricao":"Lei 1722 de 25.09.19 (Professor Cozinho, antiga Rua Projetada 05 e Rua Raimundo Airton Rodrigues Santos, Vila João Santos Filho)","codigo":"405","bairro":"JOSÉ TOMÉ DE SOUZA","cep":"56909575"},"geometry":{"type":"LineString","coordinates":[[-38.288846,-7.9733471,0.0],[-38.2834146,-7.9753898,0.0]]}},
{"type":"Feature","properties":{"name":"Rua Erenita Julia Magalhães","descricao":"Lei 1303 de 17.08.11 (antiga Rua Projetada 04)","codigo":"404","bairro":"JOSÉ TOMÉ DE SOUZA","cep":"56909500"},"geometry":{"type":"LineString","coordinates":[[-38.288905,-7.9737137,0.0],[-38.2849353,-7.9751932,0.0]]}},
{"type":"Feature","properties":{"name":"Rua Isabel Alves de Oliveira","descricao":"Lei 1310 de 23.09.11 (antiga Rua Projetada 03)","codigo":"403","bairro":"JOSÉ TOMÉ DE SOUZA","cep":"56909490"},"geometry":{"type":"LineString","coordinates":[[-38.2890101,-7.9740886,0.0],[-38.2850699,-7.9755788,0.0]]}},
{"type":"Feature","properties":{"name":"Rua Severino Marques da Costa","descricao":"Lei 1323 de 10.05.12 (antiga Rua Projetada 02)","codigo":"402","bairro":"JOSÉ TOMÉ DE SOUZA ","cep":"56909508"},"geometry":{"type":"LineString","coordinates":[[-38.2891482,-7.9744726,0.0],[-38.2852268,-7.9759123,0.0]]}},
{"type":"Feature","properties":{"name":"Rua José Pedro da Silva","descricao":"Rua Projetada 01 (Vila João Santos Filho)","codigo":"401","bairro":"JOSÉ TOMÉ DE SOUZA","cep":"56909470"},"geometry":{"type":"LineString","coordinates":[[-38.2892649,-7.9748113,0.0],[-38.2852425,-7.97629,0.0]]}},
{"type":"Feature","properties":{"name":"Avenida Souza Guerra","descricao":"","codigo":"843","bairro":"JOSÉ TOMÉ DE SOUZA ","cep":""},"geometry":{"type":"LineString","coordinates":[[-38.2853962,-7.9769155,0.0],[-38.2849536,-7.9764932,0.0]]}},
{"type":"Feature","properties":{"name":"Travessa Luiz Cosme de Magalhães","descricao":"","codigo":"6516","bairro":"JOSÉ TOMÉ DE SOUZA","cep":""},"geometry":{"type":"LineString","coordinates":[[-38.2846505,-7.9767509,0.0],[-38.2850102,-7.9763671,0.0],[-38.2852304,-7.9762648,0.0]]}},
{"type":"Feature","properties":{"name":"Travessa Souza Guerra","descricao":"","codigo":"1048","bairro":"JOSÉ TOMÉ DE SOUZA","cep":""},"geometry":{"type":"LineString","coordinates":[[-38.2852862,-7.9774707,0.0],[-38.2855974,-7.9761625,0.0]]}},
{"type":"Feature","properties":{"name":"Rua Maria Raimunda da Conceição","descricao":"Lei 1694 de 01.04.19","codigo":"995","bairro":"NOSSA SENHORA DE FÁTIMA - JOSÉ TOMÉ DE SOUZA ","cep":"56909486"},"geometry":{"type":"LineString","coordinates":[[-38.2896641,-7.9765675,0.0],[-38.286703,-7.9789581,0.0]]}},
{"type":"Feature","properties":{"name":"Rua Luiz Ferreira de Magalhães","descricao":"Lei 1630 de 15.08.17 (Luiz Deocleciano)","codigo":"936","bairro":"JOSÉ TOMÉ DE SOUZA ","cep":""},"geometry":{"type":"LineString","coordinates":[[-38.287163,-7.9778699,0.0],[-38.2883888,-7.9768897,0.0]]}},
{"type":"Feature","properties":{"name":"Rua Raimundo Antônio de Souza","descricao":"Lei 1666 de 30.04.18","codigo":"1036","bairro":"JOSÉ TOMÉ DE SOUZA ","cep":""},"geometry":{"type":"LineString","coordinates":[[-38.2868139,-7.9775132,0.0],[-38.2871653,-7.9772529,0.0],[-38.2882382,-7.9766819,0.0]]}},
{"type":"Feature","properties":{"name":"Rua Antônio Pires de Menezes","descricao":"Lei 1626 de 15.08.17","codigo":"1038","bairro":"JOSÉ TOMÉ DE SOUZA ","cep":"56909484"},"geometry":{"type":"LineString","coordinates":[[-38.2893824,-7.9755394,0.0],[-38.2864507,-7.9770242,0.0]]}},
{"type":"Feature","properties":{"name":"Rua Leonida Barbosa de Souza","descricao":"Lei 1672 de 14.08.18","codigo":"1093","bairro":"JOSÉ TOMÉ DE SOUZA ","cep":"56909496"},"geometry":{"type":"LineString","coordinates":[[-38.2892276,-7.9750623,0.0],[-38.2866018,-7.9762072,0.0]]}},
{"type":"Feature","properties":{"name":"Rua Antônio Cândido da Silva","descricao":"Lei 1294 de 06.04.11 (Antônio Neguim, antiga Rua Projetada 02 - Lot. João Inácio de Medeiros)","codigo":"1200","bairro":"NOSSA SENHORA DA CONCEIÇÃO","cep":"56903278"},"geometry":{"type":"LineString","coordinates":[[-38.2806934,-7.9899926,0.0],[-38.2793657,-7.9903538,0.0]]}},
{"type":"Feature","properties":{"name":"Rua Fernando João da Silva","descricao":"Lei 1599 de 12.04.17","codigo":"9058","bairro":"AABB","cep":"56912562"},"geometry":{"type":"LineString","coordinates":[[-38.2878678,-7.9993972,0.0],[-38.2866447,-7.9997425,0.0]]}},
{"type":"Feature","properties":{"name":"Rua Ernando Simião da Silva","descricao":"Lei 1600 de 12.04.17","codigo":"9055","bairro":"AABB","cep":"56912568"},"geometry":{"type":"LineString","coordinates":[[-38.2879993,-7.9998699,0.0],[-38.2867789,-8.0002312,0.0]]}},
{"type":"Feature","properties":{"name":"Rua Benedito Sávio Roque de Lima","descricao":"Lei 1969 de 18.04.2023 (Bené Roque)","codigo":"9211","bairro":"AABB","cep":""},"geometry":{"type":"LineString","coordinates":[[-38.2883645,-7.9984412,0.0],[-38.288732,-7.9993457,0.0]]}},
{"type":"Feature","properties":{"name":"Travessa Edilma de Souza Moraes Alves","descricao":"Lei 1840 de 21.07.2021 (antiga Travessa Projetada Antônio Alves de Oliveira II)","codigo":"9175","bairro":"AABB","cep":""},"geometry":{"type":"LineString","coordinates":[[-38.2885168,-7.9916441,0.0],[-38.2891713,-7.9913439,0.0]]}},
{"type":"Feature","properties":{"name":"Rua Maria de Jesus Pereira Brasil","descricao":"Lei 1766 de 23.06.2020 (antiga Rua Projetada 01, Loteamento Lions Club)","codigo":"9162","bairro":"AABB","cep":"56912615"},"geometry":{"type":"LineString","coordinates":[[-38.2930316,-7.9987552,0.0],[-38.2934554,-8.0001602,0.0]]}},
{"type":"Feature","properties":{"name":"Rua Euclides de Melo Lima","descricao":"Lei 1788 de 28.10.2020 (antiga Rua Projetada 01 - Loteamento Angelino Ferreira)","codigo":"1033","bairro":"AABB","cep":"56912612"},"geometry":{"type":"LineString","coordinates":[[-38.2939281,-7.9981199,0.0],[-38.2944324,-7.999367,0.0]]}},
{"type":"Feature","properties":{"name":"Rua Projetada 02","descricao":"Loteamento Angelino Pedro Ferreira","codigo":"9166","bairro":"AABB","cep":""},"geometry":{"type":"LineString","coordinates":[[-38.2946673,-7.9993194,0.0],[-38.2936279,-7.9996673,0.0]]}},
{"type":"Feature","properties":{"name":"Rua S/D","descricao":"","codigo":"","bairro":"NOSSA SENHORA DA PENHA","cep":"0"},"geometry":{"type":"LineString","coordinates":[[-38.3015799,-7.9922191,0.0],[-38.3016443,-7.9926069,0.0]]}},
{"type":"Feature","properties":{"name":"Rua Antônio Inácio de Medeiros","descricao":"Prolongamento","codigo":"65","bairro":"SÃO CRISTÓVÃO","cep":"56903070"},"geometry":{"type":"LineString","coordinates":[[-38.2892784,-7.986712,0.0],[-38.2890831,-7.9863069,0.0]]}},
{"type":"Feature","properties":{"name":"Travessa Ana Nunes de Souza","descricao":"Lei 847 de 31.01.94 (antiga Tv. Lindalva Nunes)","codigo":"295","bairro":"SÃO CRISTÓVÃO","cep":"56903596"},"geometry":{"type":"LineString","coordinates":[[-38.2919086,-7.9838333,0.0],[-38.2916404,-7.9830232,0.0]]}},
{"type":"Feature","properties":{"name":"Rua José Damião de Carvalho","descricao":"Lei 761 de 30.07.90 (Zé Caboclo)","codigo":"107","bairro":"SÃO CRISTÓVÃO","cep":"56903610"},"geometry":{"type":"LineString","coordinates":[[-38.2928447,-7.9833127,0.0],[-38.2919435,-7.9835863,0.0]]}},
{"type":"Feature","properties":{"name":"Rua Projetada 01 Paral Av Vicente Inácio","descricao":"","codigo":"38","bairro":"NOSSA SENHORA DA PENHA","cep":""},"geometry":{"type":"LineString","coordinates":[[-38.2993836,-7.9832156,0.0],[-38.2982946,-7.9830337,0.0]]}},
{"type":"Feature","properties":{"name":"Rua Projetada 02 Paral Av Vicente Inácio","descricao":"","codigo":"58","bairro":"NOSSA SENHORA DA PENHA","cep":""},"geometry":{"type":"LineString","coordinates":[[-38.2989142,-7.9837428,0.0],[-38.2982491,-7.9830309,0.0]]}},
{"type":"Feature","properties":{"name":"Rua Manoel Cavalcante Nogueira","descricao":"Lei 1311 de 23.09.11","codigo":"952","bairro":"NOSSA SENHORA DE FÁTIMA - JOSÉ TOMÉ DE SOUZA ","cep":"56909515"},"geometry":{"type":"LineString","coordinates":[[-38.2884269,-7.9787414,0.0],[-38.2878904,-7.9780109,0.0],[-38.2868578,-7.97689,0.0]]}},
{"type":"Feature","properties":{"name":"Rua Maria Gomes de Souza","descricao":"Lei 1673 de 14.08.18","codigo":"954","bairro":"NOSSA SENHORA DE FÁTIMA","cep":""},"geometry":{"type":"LineString","coordinates":[[-38.2890715,-7.9781186,0.0],[-38.2881434,-7.9783284,0.0]]}},
{"type":"Feature","properties":{"name":"Rua Joaquim Mariano de Souza","descricao":"Antiga Rua Projetada 05","codigo":"935","bairro":"NOSSA SENHORA DE FÁTIMA","cep":"56909492"},"geometry":{"type":"LineString","coordinates":[[-38.2887809,-7.9781455,0.0],[-38.2883866,-7.9776753,0.0]]}},
{"type":"Feature","properties":{"name":"Rua Elizabete Ferraz Maranhão","descricao":"Lei 1627 de 15.08.17","codigo":"1028","bairro":"NOSSA SENHORA DE FÁTIMA","cep":"56909234"},"geometry":{"type":"LineString","coordinates":[[-38.2901386,-7.9774915,0.0],[-38.2891462,-7.9779723,0.0]]}},
{"type":"Feature","properties":{"name":"Rua Professor Eduardo Lopes de Pádua","descricao":"","codigo":"951","bairro":"NOSSA SENHORA DE FÁTIMA","cep":"56909494"},"geometry":{"type":"LineString","coordinates":[[-38.2898582,-7.9770411,0.0],[-38.2890241,-7.9777158,0.0]]}},
{"type":"Feature","properties":{"name":"Rua José Amâncio de Magalhães","descricao":"Lei 719 de 11.01.90 (Cazuzinha, antiga Rua da Serra)","codigo":"170","bairro":"JOSÉ TOMÉ DE SOUZA - NOSSA SENHORA DE FÁTIMA","cep":"56909610"},"geometry":{"type":"LineString","coordinates":[[-38.2942703,-7.9766707,0.0],[-38.2930177,-7.9772259,0.0],[-38.2921057,-7.9775075,0.0],[-38.291014,-7.9777412,0.0],[-38.2904464,-7.9779265,0.0]]}},
{"type":"Feature","properties":{"name":"Rua José Amâncio de Magalhães","descricao":"Prolongamento no Bairro Nossa Senhora de Fátima","codigo":"170","bairro":"JOSÉ TOMÉ DE SOUZA - NOSSA SENHORA DE FÁTIMA","cep":"56909610"},"geometry":{"type":"LineString","coordinates":[[-38.2904464,-7.9779265,0.0],[-38.2880717,-7.9789073,0.0]]}},
{"type":"Feature","properties":{"name":"Rua Zacarias Valdevino da Silva","descricao":"Lei 1551 de 29.06.16 (antiga Rua das Flores)","codigo":"169","bairro":"NOSSA SENHORA DE FÁTIMA","cep":"56909620"},"geometry":{"type":"LineString","coordinates":[[-38.290595,-7.9783312,0.0],[-38.2884814,-7.9793247,0.0]]}},
{"type":"Feature","properties":{"name":"Rua Manoel Freire da Silva","descricao":"Lei 1646 de 24.11.17","codigo":"7166","bairro":"NOSSA SENHORA DE FÁTIMA","cep":"56909514"},"geometry":{"type":"LineString","coordinates":[[-38.2879232,-7.9802448,0.0],[-38.2885676,-7.9797561,0.0],[-38.2886676,-7.9797401,0.0],[-38.2902273,-7.9790469,0.0]]}},
{"type":"Feature","properties":{"name":"Rua Antônio Liobino de Souza","descricao":"Lei 1692 de 01.04.19 (antiga Travessa das Flores)","codigo":"1029","bairro":"NOSSA SENHORA DE FÁTIMA - JOSÉ TOMÉ DE SOUZA","cep":"56909595"},"geometry":{"type":"LineString","coordinates":[[-38.2889385,-7.9801259,0.0],[-38.2886676,-7.9797401,0.0],[-38.2864129,-7.977079,0.0],[-38.2866674,-7.975847,0.0]]}},
{"type":"Feature","properties":{"name":"Rua Luiz Idelfonso de Souza","descricao":"Lei 1674 de 14.08.18","codigo":"948","bairro":"NOSSA SENHORA DE FÁTIMA","cep":"56909495"},"geometry":{"type":"LineString","coordinates":[[-38.289256,-7.9783619,0.0],[-38.288796,-7.9773299,0.0]]}},
{"type":"Feature","properties":{"name":"Rua Major Adolfo Côrte","descricao":"Lei 619 de 20.10.86 (antiga Rua do Egito)","codigo":"200","bairro":"NOSSA SENHORA DE FÁTIMA","cep":"56909440"},"geometry":{"type":"LineString","coordinates":[[-38.2882642,-7.9798849,0.0],[-38.2871671,-7.9786551,0.0]]}},
{"type":"Feature","properties":{"name":"Rua Trinta e Um de Março","descricao":"","codigo":"117","bairro":"JOSÉ TOMÉ DE SOUZA - NOSSA SENHORA DE FÁTIMA","cep":"56909660"},"geometry":{"type":"LineString","coordinates":[[-38.2956519,-7.9806938,0.0],[-38.2946326,-7.9808426,0.0],[-38.2918056,-7.9811082,0.0],[-38.2906898,-7.9810817,0.0],[-38.2906777,-7.9809754,0.0],[-38.2906656,-7.9808745,0.0]]}},
{"type":"Feature","properties":{"name":"Avenida Adriano Duque de Godoy Sousa","descricao":"prolongamento do Anel Viário (Rua Linha Férrea/Av. Ferroviária)","codigo":"8040","bairro":"JOSÉ TOMÉ DE SOUZA - SÃO SEBASTIÃO","cep":""},"geometry":{"type":"LineString","coordinates":[[-38.2962247,-7.9821287,0.0],[-38.2958707,-7.9811672,0.0],[-38.2948729,-7.9776822,0.0],[-38.294256,-7.9766463,0.0],[-38.2927754,-7.974763,0.0]]}},
{"type":"Feature","properties":{"name":"Rua Apolinário de Souza Moreno","descricao":"PL 12 de 03.10.82 não aprovado","codigo":"114","bairro":"JOSÉ TOMÉ DE SOUZA","cep":"56909690"},"geometry":{"type":"LineString","coordinates":[[-38.2950504,-7.9818907,0.0],[-38.2951523,-7.9808627,0.0]]}},
{"type":"Feature","properties":{"name":"Rua Quatorze de Julho","descricao":"","codigo":"115","bairro":"JOSÉ TOMÉ DE SOUZA ","cep":"56909680"},"geometry":{"type":"LineString","coordinates":[[-38.2945851,-7.9818591,0.0],[-38.2946549,-7.9808471,0.0],[-38.2939655,-7.9780846,0.0]]}},
{"type":"Feature","properties":{"name":"Rua Treze de Maio","descricao":"","codigo":"116","bairro":"JOSÉ TOMÉ DE SOUZA ","cep":"56909670"},"geometry":{"type":"LineString","coordinates":[[-38.2945879,-7.9811668,0.0],[-38.2935928,-7.9811774,0.0]]}},
{"type":"Feature","properties":{"name":"Rua Eliseu Nunes da Silva","descricao":"Prolongamento no Bairro José Tomé de Souza Ramos)","codigo":"120","bairro":"SÃO CRISTÓVÃO - JOSÉ TOMÉ DE SOUZA ","cep":"56903055"},"geometry":{"type":"LineString","coordinates":[[-38.2935814,-7.9817139,0.0],[-38.2935761,-7.9812039,0.0]]}},
{"type":"Feature","properties":{"name":"Travessa Trinta e Um de Março","descricao":"","codigo":"121","bairro":"JOSÉ TOMÉ DE SOUZA ","cep":""},"geometry":{"type":"LineString","coordinates":[[-38.2945317,-7.9805366,0.0],[-38.2928339,-7.9807943,0.0],[-38.2928339,-7.9809669,0.0]]}},
{"type":"Feature","properties":{"name":"Rua Lourival de Melo Lima","descricao":"Lei 674 de 28.10.88 (Vavá Melo)","codigo":"108","bairro":"NOSSA SENHORA DE FÁTIMA","cep":"56909450"},"geometry":{"type":"LineString","coordinates":[[-38.2916021,-7.9807195,0.0],[-38.2911971,-7.9807965,0.0],[-38.2903603,-7.980847,0.0],[-38.2896119,-7.9809426,0.0],[-38.2887563,-7.9812295,0.0]]}},
{"type":"Feature","properties":{"name":"Rua Padre Cícero","descricao":"Lei 549 de 02.01.83 (antiga Rua Vinte e Um de Abril)","codigo":"118","bairro":"JOSÉ TOMÉ DE SOUZA ","cep":"56909450"},"geometry":{"type":"LineString","coordinates":[[-38.2944654,-7.9800072,0.0],[-38.2917671,-7.9806473,0.0]]}},
{"type":"Feature","properties":{"name":"Rua Doutor Carlos Chagas","descricao":"","codigo":"111","bairro":"JOSÉ TOMÉ DE SOUZA ","cep":"56909630"},"geometry":{"type":"LineString","coordinates":[[-38.2920737,-7.9805599,0.0],[-38.2909633,-7.9778346,0.0]]}},
{"type":"Feature","properties":{"name":"Rua Augustinho Pereira de Lima","descricao":"Lei 900 de 14.11.96 (antiga Rua Paraíba)","codigo":"110","bairro":"NOSSA SENHORA DE FÁTIMA","cep":"56909700"},"geometry":{"type":"LineString","coordinates":[[-38.2913631,-7.980076,0.0],[-38.2900676,-7.980331,0.0],[-38.2884288,-7.9808011,0.0]]}},
{"type":"Feature","properties":{"name":"Rua do Pomar","descricao":"","codigo":"101","bairro":"NOSSA SENHORA DE FÁTIMA","cep":""},"geometry":{"type":"LineString","coordinates":[[-38.2909299,-7.9807603,0.0],[-38.2909191,-7.9801839,0.0],[-38.2908655,-7.9797004,0.0]]}},
{"type":"Feature","properties":{"name":"Travessa Paraíba","descricao":"","codigo":"7775","bairro":"NOSSA SENHORA DE FÁTIMA","cep":"0"},"geometry":{"type":"LineString","coordinates":[[-38.290097,-7.9808348,0.0],[-38.2900086,-7.9803523,0.0],[-38.2898918,-7.9798139,0.0],[-38.2897872,-7.9792756,0.0]]}},
{"type":"Feature","properties":{"name":"Rua Henrique Custódio de Lima","descricao":"Projetada","codigo":"7187","bairro":"NOSSA SENHORA DE FÁTIMA","cep":""},"geometry":{"type":"LineString","coordinates":[[-38.2898318,-7.9798445,0.0],[-38.2889882,-7.9801194,0.0]]}},
{"type":"Feature","properties":{"name":"Rua Antônia Nunes de Souza","descricao":"Lei 895 de 26.07.96 (antiga Rua Campo Belo)","codigo":"173","bairro":"JOSÉ TOMÉ DE SOUZA ","cep":""},"geometry":{"type":"LineString","coordinates":[[-38.2948225,-7.9776889,0.0],[-38.2931488,-7.9783238,0.0],[-38.2925158,-7.978515,0.0]]}},
{"type":"Feature","properties":{"name":"Rua Professor Josué de Castro","descricao":"","codigo":"172","bairro":"JOSÉ TOMÉ DE SOUZA ","cep":"56909650"},"geometry":{"type":"LineString","coordinates":[[-38.2949473,-7.9782541,0.0],[-38.2931918,-7.9786751,0.0],[-38.2929846,-7.9785642,0.0],[-38.2924453,-7.978644,0.0],[-38.2921542,-7.9786786,0.0],[-38.2919591,-7.9787093,0.0],[-38.291713,-7.978862,0.0],[-38.2915479,-7.9783534,0.0],[-38.2914634,-7.9780175,0.0],[-38.2915479,-7.9783534,0.0],[-38.291713,-7.978862,0.0],[-38.2917905,-7.9790443,0.0]]}},
{"type":"Feature","properties":{"name":"Travessa Quatorze de Julho","descricao":"","codigo":"594","bairro":"JOSÉ TOMÉ DE SOUZA ","cep":""},"geometry":{"type":"LineString","coordinates":[[-38.2946014,-7.9815133,0.0],[-38.2941991,-7.9814761,0.0]]}},
{"type":"Feature","properties":{"name":"Rua Projetada Dois","descricao":"conhecida como R. Salustino Gomes","codigo":"318","bairro":"JOSÉ TOMÉ DE SOUZA ","cep":""},"geometry":{"type":"LineString","coordinates":[[-38.2951597,-7.9786936,0.0],[-38.2940251,-7.9789592,0.0],[-38.2937167,-7.9791199,0.0],[-38.2933815,-7.9791531,0.0]]}},
{"type":"Feature","properties":{"name":"Rua José Célio de Farias","descricao":"Lei 1910 de 22.04.2022 (antiga Rua Projetada 01, conhecida como Rua São Vicente de Paula)","codigo":"177","bairro":"JOSÉ TOMÉ DE SOUZA ","cep":"56909558"},"geometry":{"type":"LineString","coordinates":[[-38.2952634,-7.9790696,0.0],[-38.2943997,-7.979306,0.0]]}},
{"type":"Feature","properties":{"name":"Rua Francisco de Assis Bernardino de Araújo","descricao":"Lei 1331 de 20.06.12 (Assis Araújo)","codigo":"728","bairro":"JOSÉ TOMÉ DE SOUZA ","cep":"56909384"},"geometry":{"type":"LineString","coordinates":[[-38.2933576,-7.9782152,0.0],[-38.2929687,-7.9772908,0.0]]}},
{"type":"Feature","properties":{"name":"Rua João Alves de Lima","descricao":"Lei 1330 de 20.06.12","codigo":"347","bairro":"JOSÉ TOMÉ DE SOUZA ","cep":""},"geometry":{"type":"LineString","coordinates":[[-38.2930564,-7.9776122,0.0],[-38.291824,-7.9780345,0.0]]}},
{"type":"Feature","properties":{"name":"Rua José dos Santos Feitosa","descricao":"Lei 1332 de 20.06.12","codigo":"584","bairro":"JOSÉ TOMÉ DE SOUZA ","cep":""},"geometry":{"type":"LineString","coordinates":[[-38.2931892,-7.9779382,0.0],[-38.2919058,-7.9783552,0.0]]}},
{"type":"Feature","properties":{"name":"Travessa Professor Josué de Castro","descricao":"","codigo":"174","bairro":"JOSÉ TOMÉ DE SOUZA ","cep":"56909651"},"geometry":{"type":"LineString","coordinates":[[-38.294052,-7.9787064,0.0],[-38.293293,-7.9789109,0.0]]}},
{"type":"Feature","properties":{"name":"Rua Projetada Joaquim Nunes de Souza","descricao":"Loteamento Portal da Serra","codigo":"","bairro":"JOSÉ TOMÉ DE SOUZA ","cep":""},"geometry":{"type":"LineString","coordinates":[[-38.2927723,-7.9747532,0.0],[-38.289685,-7.9759193,0.0]]}},
{"type":"Feature","properties":{"name":"Rua Itamiran Nunes de Souza","descricao":"Lei 2056 de 11.11.2024 (Loteamento Portal da Serra)","codigo":"971","bairro":"JOSÉ TOMÉ DE SOUZA ","cep":"56909"},"geometry":{"type":"LineString","coordinates":[[-38.2901177,-7.975697,0.0],[-38.2892674,-7.9728335,0.0]]}},
{"type":"Feature","properties":{"name":"Heleno Pereira da Silva","descricao":"Lei 1665 de 24.04.18 (antiga Rua Projetada Jacinta Nunes de Souza)","codigo":"972","bairro":"JOSÉ TOMÉ DE SOUZA ","cep":"56909585"},"geometry":{"type":"LineString","coordinates":[[-38.2904717,-7.9755259,0.0],[-38.2896564,-7.9726704,0.0]]}},
{"type":"Feature","properties":{"name":"Avenida Projetada Francisco Augusto de Souza","descricao":"Loteamento Portal da Serra","codigo":"","bairro":"JOSÉ TOMÉ DE SOUZA ","cep":""},"geometry":{"type":"LineString","coordinates":[[-38.289456,-7.9749913,0.0],[-38.2901024,-7.9748081,0.0],[-38.2901963,-7.9744502,0.0],[-38.290376,-7.9740922,0.0],[-38.2909299,-7.9730682,0.0]]}},
{"type":"Feature","properties":{"name":"Rua Projetada Benedita Nunes de Souza","descricao":"Loteamento Portal da Serra","codigo":"","bairro":"JOSÉ TOMÉ DE SOUZA ","cep":""},"geometry":{"type":"LineString","coordinates":[[-38.2888715,-7.9729384,0.0],[-38.2902556,-7.972455,0.0]]}},
{"type":"Feature","properties":{"name":"Avenida Projetada Francisca Leidigan Nunes de Souza","descricao":"Loteamento Portal da Serra","codigo":"","bairro":"JOSÉ TOMÉ DE SOUZA ","cep":""},"geometry":{"type":"LineString","coordinates":[[-38.2889735,-7.9733076,0.0],[-38.2906069,-7.9727392,0.0]]}},
{"type":"Feature","properties":{"name":"Rua Projetada Laurindo Nunes de Souza","descricao":"Loteamento Portal da Serra","codigo":"973","bairro":"JOSÉ TOMÉ DE SOUZA ","cep":""},"geometry":{"type":"LineString","coordinates":[[-38.2909017,-7.9753912,0.0],[-38.2904887,-7.9738931,0.0]]}},
{"type":"Feature","properties":{"name":"Rua Projetada José Tomé de Souza Ramos","descricao":"Loteamento Portal da Serra","codigo":"974","bairro":"JOSÉ TOMÉ DE SOUZA ","cep":""},"geometry":{"type":"LineString","coordinates":[[-38.2913308,-7.9752504,0.0],[-38.2907944,-7.9733034,0.0]]}},
{"type":"Feature","properties":{"name":"Rua Projetada Creuza Leite Lima","descricao":"Loteamento Portal da Serra","codigo":"997","bairro":"JOSÉ TOMÉ DE SOUZA ","cep":""},"geometry":{"type":"LineString","coordinates":[[-38.2907594,-7.9744933,0.0],[-38.2920736,-7.9739833,0.0]]}},
{"type":"Feature","properties":{"name":"Rua Rita Vieira Santana","descricao":"Lei 1920 de 06.07.2022 (Antiga Rua Luiza Nunes de Souza, Loteamento Portal da Serra)","codigo":"975","bairro":"JOSÉ TOMÉ DE SOUZA ","cep":"56909538"},"geometry":{"type":"LineString","coordinates":[[-38.2917409,-7.9750817,0.0],[-38.2915156,-7.9742104,0.0]]}},
{"type":"Feature","properties":{"name":"Rua Projetada Joaquina Nunes de Souza","descricao":"Loteamento Portal da Serra","codigo":"976","bairro":"JOSÉ TOMÉ DE SOUZA ","cep":""},"geometry":{"type":"LineString","coordinates":[[-38.2922143,-7.974929,0.0],[-38.2919367,-7.9740817,0.0]]}},
{"type":"Feature","properties":{"name":"Avenida Adriano Duque de Godoy Sousa","descricao":"prolongamento do Anel Viário (antiga Avenida Antônia Nunes de Souza)","codigo":"","bairro":"JOSÉ TOMÉ DE SOUZA - SÃO SEBASTIÃO","cep":""},"geometry":{"type":"LineString","coordinates":[[-38.2927339,-7.9747227,0.0],[-38.2920633,-7.9739842,0.0],[-38.2909462,-7.9729854,0.0],[-38.2902448,-7.9724595,0.0]]}},
{"type":"Feature","properties":{"name":"Avenida Ministro Sebastião Ignácio de Oliveira Neto","descricao":"Lei 798 de 26.07.91 (antiga Rua Conselheiro Oliveira Neto e Rua do Cruzeiro)","codigo":"90","bairro":"SÃO SEBASTIÃO","cep":"56906500"},"geometry":{"type":"LineString","coordinates":[[-38.3067518,-7.9805584,0.0],[-38.3061885,-7.9788531,0.0],[-38.3058103,-7.9779287,0.0],[-38.3043646,-7.9753389,0.0],[-38.304142,-7.9750546,0.0],[-38.3035814,-7.9745048,0.0],[-38.3023689,-7.9740636,0.0],[-38.3014167,-7.9738112,0.0],[-38.3009768,-7.9734898,0.0],[-38.3006737,-7.9733544,0.0],[-38.300494,-7.9733092,0.0],[-38.3001668,-7.9733889,0.0],[-38.2996679,-7.973349,0.0],[-38.2991663,-7.9735244,0.0],[-38.2988981,-7.9735961,0.0],[-38.2984582,-7.9736598,0.0]]}},
{"type":"Feature","properties":{"name":"Avenida Olímpio de Menezes Leal","descricao":"Lei 733 de 30.04.90","codigo":"159","bairro":"JOSÉ RUFINO ALVES","cep":"56915000"},"geometry":{"type":"LineString","coordinates":[[-38.3065424,-8.0049155,0.0],[-38.3055557,-8.002861,0.0],[-38.3056231,-8.0039221,0.0],[-38.306348,-8.0054627,0.0],[-38.3056231,-8.0039221,0.0],[-38.3055557,-8.002861,0.0],[-38.30221,-7.9954489,0.0],[-38.3021254,-7.9953175,0.0]]}},
{"type":"Feature","properties":{"name":"Travessa Olímpio de Menezes Leal","descricao":"","codigo":"312","bairro":"JOSÉ RUFINO ALVES","cep":""},"geometry":{"type":"LineString","coordinates":[[-38.3033232,-7.9978694,0.0],[-38.3040568,-7.9975148,0.0]]}},
{"type":"Feature","properties":{"name":"Rua Major João Rufino Alves","descricao":"Lei 803 de 29.10.91","codigo":"161","bairro":"JOSÉ RUFINO ALVES","cep":"56915010"},"geometry":{"type":"LineString","coordinates":[[-38.3035715,-7.9984021,0.0],[-38.304694,-7.99763,0.0]]}},
{"type":"Feature","properties":{"name":"Rua Major Antônio Rufino Alves","descricao":"","codigo":"418","bairro":"JOSÉ RUFINO ALVES","cep":"56915140"},"geometry":{"type":"LineString","coordinates":[[-38.3038571,-7.9981233,0.0],[-38.3033824,-7.9971405,0.0]]}},
{"type":"Feature","properties":{"name":"Travessa Major João Rufino Alves","descricao":"","codigo":"300","bairro":"JOSÉ RUFINO ALVES","cep":"56915011"},"geometry":{"type":"LineString","coordinates":[[-38.3046023,-7.9986513,0.0],[-38.3044333,-7.9983273,0.0],[-38.3042643,-7.9980086,0.0]]}},
{"type":"Feature","properties":{"name":"Rua Maria Gomes de Souza ","descricao":"Lei 803 de 29.10.91 (antiga Rua Projetada 01)","codigo":"160","bairro":"JOSÉ RUFINO ALVES","cep":"56915020"},"geometry":{"type":"LineString","coordinates":[[-38.3038889,-7.9990066,0.0],[-38.305069,-7.998488,0.0]]}},
{"type":"Feature","properties":{"name":"Rua Francisco Rufino Alves","descricao":"Lei 803 de 29.10.91 (antiga Rua Projetada 02)","codigo":"91","bairro":"JOSÉ RUFINO ALVES","cep":"56915030"},"geometry":{"type":"LineString","coordinates":[[-38.3041062,-7.9995229,0.0],[-38.3051898,-7.9990261,0.0]]}},
{"type":"Feature","properties":{"name":"Rua Manoel Burgo de Santana","descricao":"Lei 803 de 29.10.91 (Manoel Major)","codigo":"163","bairro":"JOSÉ RUFINO ALVES","cep":"56915040"},"geometry":{"type":"LineString","coordinates":[[-38.3055226,-7.9996174,0.0],[-38.3043169,-7.9999853,0.0]]}},
{"type":"Feature","properties":{"name":"Rua Rosa Alves de Sousa","descricao":"Lei 1774 de 09.09.2020 (antiga Rua Projetada 03, Loteamento Zona Sul)","codigo":"827","bairro":"JOSÉ RUFINO ALVES","cep":"56915240"},"geometry":{"type":"LineString","coordinates":[[-38.3054924,-7.9994461,0.0],[-38.3071859,-7.9986952,0.0]]}},
{"type":"Feature","properties":{"name":"Rua Francisco Profiro","descricao":"Lei 803 de 29.10.91","codigo":"164","bairro":"JOSÉ RUFINO ALVES","cep":"56915050"},"geometry":{"type":"LineString","coordinates":[[-38.3057441,-8.0001058,0.0],[-38.3045532,-8.0006065,0.0]]}},
{"type":"Feature","properties":{"name":"Rua Marinalva Rodrigues dos Santos","descricao":"Lei 1780 de 18.09.2020 (antiga Rua Projetada 04, Loteamento Zona Sul)","codigo":"7179","bairro":"JOSÉ RUFINO ALVES","cep":"56915150"},"geometry":{"type":"LineString","coordinates":[[-38.3057592,-7.9999052,0.0],[-38.3073123,-7.9992133,0.0]]}},
{"type":"Feature","properties":{"name":"Rua Afonso Gomes Novaes","descricao":"Lei 803 de 29.10.91","codigo":"166","bairro":"JOSÉ RUFINO ALVES","cep":"56915060"},"geometry":{"type":"LineString","coordinates":[[-38.3059513,-8.0005348,0.0],[-38.3043701,-8.0012533,0.0]]}},
{"type":"Feature","properties":{"name":"Rua Adelina de Souza Ferraz","descricao":"Lei 803 de 29.10.91","codigo":"167","bairro":"JOSÉ RUFINO ALVES","cep":"56915070"},"geometry":{"type":"LineString","coordinates":[[-38.3045861,-8.0017778,0.0],[-38.3061337,-8.0010607,0.0]]}},
{"type":"Feature","properties":{"name":"Rua Antônio Alves da Silva","descricao":"Lei 1773 de 09.09.2020 (Antônio Jacó, antiga Rua Projetada 05, Loteamento Zona Sul)","codigo":"1039","bairro":"JOSÉ RUFINO ALVES","cep":"56915170"},"geometry":{"type":"LineString","coordinates":[[-38.305975,-8.0003588,0.0],[-38.307359,-7.9997373,0.0]]}},
{"type":"Feature","properties":{"name":"Rua Maria Januária Gomes","descricao":"Lei 1783 de 24.09.2020 (antiga Rua Projetada 06, Loteamento Zona Sul)","codigo":"7176","bairro":"JOSÉ RUFINO ALVES","cep":"56915210"},"geometry":{"type":"LineString","coordinates":[[-38.3061949,-8.0008592,0.0],[-38.3070532,-8.0004608,0.0]]}},
{"type":"Feature","properties":{"name":"Rua Raimundo Epamenondas Torres","descricao":"Lei 803 de 29.10.91","codigo":"162","bairro":"JOSÉ RUFINO ALVES","cep":"56915090"},"geometry":{"type":"LineString","coordinates":[[-38.3058204,-8.0020977,0.0],[-38.304022,-8.0029397,0.0]]}},
{"type":"Feature","properties":{"name":"Rua Aurora Nogueira Burgo","descricao":"Lei 803 de 29.10.91","codigo":"165","bairro":"JOSÉ RUFINO ALVES","cep":"56915080"},"geometry":{"type":"LineString","coordinates":[[-38.3055676,-8.0038892,0.0],[-38.3043472,-8.0013075,0.0],[-38.3042815,-8.0004562,0.0],[-38.3042265,-8.000022,0.0]]}},
{"type":"Feature","properties":{"name":"Avenida José Auricélio Barbosa","descricao":"Lei 1786 de 01.10.2020 (Didi, antiga Avenida Projetada 03 - Loteamento Zona Sul)","codigo":"2285","bairro":"JOSÉ RUFINO ALVES","cep":"56915250"},"geometry":{"type":"LineString","coordinates":[[-38.3047074,-8.0078753,0.0],[-38.3058635,-8.0045976,0.0]]}},
{"type":"Feature","properties":{"name":"Rua Sônia Batista Soares de Sousa Melo","descricao":"Lei 2136 de 14.11.2025 (antiga Rua Projetada 19, Loteamento Zona Sul)","codigo":"7186","bairro":"JOSÉ RUFINO ALVES","cep":""},"geometry":{"type":"LineString","coordinates":[[-38.304203,-8.0070097,0.0],[-38.3054824,-8.0074639,0.0]]}},
{"type":"Feature","properties":{"name":"Rua Maria do Carmo de Carvalho Nascimento","descricao":"Lei 2132 de 16.10.2025 (Dona Carminha, antiga Rua Projetada 18, Loteamento Zona Sul)","codigo":"7185","bairro":"JOSÉ RUFINO ALVES","cep":""},"geometry":{"type":"LineString","coordinates":[[-38.3044028,-8.0065794,0.0],[-38.3057707,-8.0070761,0.0]]}},
{"type":"Feature","properties":{"name":"Rua Ivaldo Nogueira","descricao":"Lei 2121 de 24.09.2025 (Músico, antiga Rua Projetada 17, Loteamento Zona Sul)","codigo":"7184","bairro":"JOSÉ RUFINO ALVES","cep":""},"geometry":{"type":"LineString","coordinates":[[-38.3045155,-8.0061611,0.0],[-38.3058915,-8.0066232,0.0]]}},
{"type":"Feature","properties":{"name":"Rua Mônika Cristina de Oliveira","descricao":"Lei 1916 de 25.05.2022 (antiga Rua Projetada 16 - Loteamento Zona Sul)","codigo":"1091","bairro":"JOSÉ RUFINO ALVES","cep":"56915296"},"geometry":{"type":"LineString","coordinates":[[-38.3046737,-8.0057308,0.0],[-38.3060577,-8.0062168,0.0]]}},
{"type":"Feature","properties":{"name":"Rua José Gomes Basílio","descricao":"Lei 1796 de 03.12.2020 (antiga Rua Projetada 15 - Loteamento Zona Sul)","codigo":"7182","bairro":"JOSÉ RUFINO ALVES","cep":"56915280"},"geometry":{"type":"LineString","coordinates":[[-38.3048212,-8.0053204,0.0],[-38.3054381,-8.0055143,0.0]]}},
{"type":"Feature","properties":{"name":"Rua João Batista de Magalhães","descricao":"Lei 1797 de 03.12.2020 (João Lopita, antiga Rua Projetada 14 - Loteamento Zona Sul)","codigo":"7181","bairro":"JOSÉ RUFINO ALVES","cep":""},"geometry":{"type":"LineString","coordinates":[[-38.3049687,-8.0048647,0.0],[-38.3055494,-8.005074,0.0]]}},
{"type":"Feature","properties":{"name":"Rua Manoel Mecias do Nascimento","descricao":"Lei 1791 de 28.10.2020 (antiga Rua Projetada 13, Loteamento Zona Sul)","codigo":"949","bairro":"JOSÉ RUFINO ALVES","cep":"56915270"},"geometry":{"type":"LineString","coordinates":[[-38.3051618,-8.0042699,0.0],[-38.3056004,-8.0051643,0.0],[-38.3057197,-8.0054611,0.0],[-38.3060336,-8.0061636,0.0]]}},
{"type":"Feature","properties":{"name":"Avenida Quitéria Rodrigues da Silva","descricao":"Lei 1781 de 18.09.2020 (antiga Avenida Projetada 04, Loteamento Zona Sul)","codigo":"1454","bairro":"JOSÉ RUFINO ALVES","cep":"56915190"},"geometry":{"type":"LineString","coordinates":[[-38.3062699,-8.0014199,0.0],[-38.3060812,-8.00151,0.0],[-38.3058577,-8.0021927,0.0],[-38.3037935,-8.0079723,0.0]]}},
{"type":"Feature","properties":{"name":"Rua Lindaura Gomes Gregório","descricao":"Lei 1279 de 26.11.10 (antiga Av Projetada 02)","codigo":"828","bairro":"JOSÉ RUFINO ALVES","cep":"56915035"},"geometry":{"type":"LineString","coordinates":[[-38.3071855,-8.0032291,0.0],[-38.305069,-7.998488,0.0],[-38.304517,-7.997241,0.0]]}},
{"type":"Feature","properties":{"name":"Avenida Luiz Rufino Alves","descricao":"Lei 1787 de 01.10.2020 (antiga Avenida Projetada 01 - Loteamento Zona Sul)","codigo":"1431","bairro":"JOSÉ RUFINO ALVES","cep":"56915260"},"geometry":{"type":"LineString","coordinates":[[-38.306101,-7.998028,0.0],[-38.3075602,-8.0014195,0.0]]}},
{"type":"Feature","properties":{"name":"Rua Maria Ferreira da Silva","descricao":"Lei 1784 de 24.09.2020 (antiga Rua Projetada 07 - Loteamento Zona Sul)","codigo":"1095","bairro":"JOSÉ RUFINO ALVES","cep":"56915220"},"geometry":{"type":"LineString","coordinates":[[-38.3063269,-8.0013635,0.0],[-38.3075098,-8.0008589,0.0]]}},
{"type":"Feature","properties":{"name":"Rua Maria Carlinda de Souza Melo","descricao":"Lei 1830 de 14.05.2020 (antiga Rua Projetada 08 - Loteamento Zona Sul, Jorge Andrada Magalhães)","codigo":"927","bairro":"JOSÉ RUFINO ALVES","cep":"56915300"},"geometry":{"type":"LineString","coordinates":[[-38.3059233,-8.002138,0.0],[-38.3075165,-8.0014235,0.0]]}},
{"type":"Feature","properties":{"name":"Rua Mariana Freire de Menezes","descricao":"Lei 1179 de 14.09.06 (antiga Rua Projetada II)","codigo":"289","bairro":"JOSÉ RUFINO ALVES","cep":"56915045"},"geometry":{"type":"LineString","coordinates":[[-38.305259,-8.0035662,0.0],[-38.303928,-8.0041928,0.0]]}},
{"type":"Feature","properties":{"name":"Rua João Alves Ferreira","descricao":"Lei 1160 de 25.08.06 (João Caboclo, antiga Rua Projetada I)","codigo":"168","bairro":"JOSÉ RUFINO ALVES","cep":"56915015"},"geometry":{"type":"LineString","coordinates":[[-38.3039308,-8.0035929,0.0],[-38.3055105,-8.0028519,0.0]]}},
{"type":"Feature","properties":{"name":"Rua Manoel Nunes Nogueira","descricao":"Lei 1184 de 18.10.06 (Manoel Cipó, antigas Ruas Projetada III e Bela Vista)","codigo":"293","bairro":"JOSÉ RUFINO ALVES","cep":"56915025"},"geometry":{"type":"LineString","coordinates":[[-38.3042285,-8.0029051,0.0],[-38.3046416,-8.0038028,0.0]]}},
{"type":"Feature","properties":{"name":"Travessa Projetada Sebastião Rufino","descricao":"paralela com a Rua Manoel Nunes Nogueira","codigo":"780","bairro":"JOSÉ RUFINO ALVES","cep":""},"geometry":{"type":"LineString","coordinates":[[-38.3038327,-8.0038911,0.0],[-38.3045784,-8.0056229,0.0]]}},
{"type":"Feature","properties":{"name":"Rua Sebastião Rufino","descricao":"","codigo":"917","bairro":"JOSÉ RUFINO ALVES","cep":""},"geometry":{"type":"LineString","coordinates":[[-38.3038117,-8.0048389,0.0],[-38.3050562,-8.0041935,0.0]]}},
{"type":"Feature","properties":{"name":"Rua S/D","descricao":"paralela com a Rua Sebastião Rufino","codigo":"","bairro":"JOSÉ RUFINO ALVES","cep":""},"geometry":{"type":"LineString","coordinates":[[-38.3048834,-8.0046713,0.0],[-38.3039822,-8.0051388,0.0]]}},
{"type":"Feature","properties":{"name":"Rua Wilton Conrado de Sá","descricao":"Lei 1836 de 10.06.2021 (antiga Rua Projetada 11, Loteamento Zona Sul)","codigo":"7174","bairro":"JOSÉ RUFINO ALVES","cep":"56915155"},"geometry":{"type":"LineString","coordinates":[[-38.3071344,-8.0033284,0.0],[-38.3061393,-8.0037799,0.0]]}},
{"type":"Feature","properties":{"name":"Rua Jesus de Souza Melo","descricao":"Lei 1829 de 14.05.2020 (antiga Rua Projetada 12, Loteamento Zona Sul)","codigo":"9196","bairro":"JOSÉ RUFINO ALVES","cep":""},"geometry":{"type":"LineString","coordinates":[[-38.3059129,-8.0044215,0.0],[-38.306924,-8.0039222,0.0]]}},
{"type":"Feature","properties":{"name":"Rua Paulo Rodrigues da Silva","descricao":"Lei 1803 de 30.12.2020 (antiga Avenida Projetada 00, Loteamento Zona Sul)","codigo":"9163","bairro":"JOSÉ RUFINO ALVES","cep":"56915290"},"geometry":{"type":"LineString","coordinates":[[-38.307112,-7.997578,0.0],[-38.307172,-7.998121,0.0],[-38.3075938,-8.0011719,0.0],[-38.3076455,-8.0019204,0.0],[-38.3063853,-8.0054175,0.0]]}},
{"type":"Feature","properties":{"name":"Rua Manoel Rodrigues da Silva","descricao":"Lei 1782 de 18.09.2020 (antiga Rua Projetada 10, Loteamento Zona Sul)","codigo":"290","bairro":"JOSÉ RUFINO ALVES","cep":"56915200"},"geometry":{"type":"LineString","coordinates":[[-38.3059052,-8.0033071,0.0],[-38.3073938,-8.0026271,0.0]]}},
{"type":"Feature","properties":{"name":"Rodovia Conselheiro Oliveira Neto","descricao":"Lei Estadual 13319 de 15.10.2007 (Avenida do Aeroporto, PE 412)","codigo":"9194","bairro":"JOSÉ RUFINO ALVES","cep":""},"geometry":{"type":"LineString","coordinates":[[-38.3063518,-8.0055251,0.0],[-38.30618,-8.0060775,0.0],[-38.3059625,-8.0066246,0.0],[-38.3058896,-8.0070324,0.0],[-38.3059638,-8.0076666,0.0],[-38.3060413,-8.008279,0.0],[-38.3061833,-8.0088555,0.0],[-38.3073077,-8.0121956,0.0],[-38.3078457,-8.0137779,0.0],[-38.3081724,-8.01469,0.0],[-38.3083331,-8.0152058,0.0],[-38.308365,-8.0155675,0.0],[-38.3083445,-8.0157926,0.0],[-38.3082798,-8.0163019,0.0],[-38.3081798,-8.0172966,0.0],[-38.308166,-8.0175297,0.0],[-38.3081925,-8.0177548,0.0],[-38.3091586,-8.0206545,0.0],[-38.3094648,-8.0216671,0.0],[-38.309812,-8.0232871,0.0],[-38.3099619,-8.0239907,0.0],[-38.3100678,-8.0244574,0.0],[-38.3101495,-8.0249586,0.0],[-38.3101749,-8.0254167,0.0],[-38.3102002,-8.0258828,0.0],[-38.3102543,-8.0264436,0.0],[-38.3103487,-8.0269514,0.0],[-38.3109319,-8.0299195,0.0],[-38.3112382,-8.0313996,0.0],[-38.3115177,-8.032877,0.0],[-38.3119057,-8.0348199,0.0],[-38.3120474,-8.0356399,0.0],[-38.312224,-8.0363644,0.0],[-38.3124884,-8.037072,0.0],[-38.3127609,-8.0377585,0.0],[-38.312973,-8.0382848,0.0],[-38.3131462,-8.0387753,0.0],[-38.313319,-8.0394476,0.0],[-38.3135039,-8.0401518,0.0],[-38.3136122,-8.0406096,0.0],[-38.3136497,-8.0408731,0.0],[-38.3136375,-8.0410794,0.0],[-38.3133796,-8.0422143,0.0],[-38.31335,-8.042467,0.0],[-38.3133579,-8.0427118,0.0],[-38.3134462,-8.0431286,0.0],[-38.3135785,-8.0436696,0.0],[-38.3137808,-8.0444814,0.0],[-38.3139938,-8.0452692,0.0],[-38.3142177,-8.0460689,0.0],[-38.314315,-8.0463333,0.0],[-38.3144337,-8.0465738,0.0],[-38.314615,-8.0467982,0.0],[-38.3147964,-8.0469749,0.0],[-38.315257,-8.0473429,0.0],[-38.3161622,-8.0480912,0.0],[-38.316364,-8.0482862,0.0],[-38.3165054,-8.0484758,0.0],[-38.3166455,-8.048786,0.0],[-38.317138,-8.0500831,0.0],[-38.3173669,-8.0507595,0.0],[-38.3175984,-8.0514147,0.0],[-38.3177647,-8.0518776,0.0],[-38.3179484,-8.05231,0.0],[-38.3184091,-8.0531121,0.0],[-38.3187212,-8.0536287,0.0],[-38.3187928,-8.0538007,0.0],[-38.3188469,-8.0539382,0.0],[-38.318919,-8.054271,0.0],[-38.3189818,-8.0546631,0.0],[-38.3190326,-8.0550566,0.0],[-38.3191329,-8.0556052,0.0],[-38.3192573,-8.056114,0.0],[-38.3194735,-8.0566553,0.0],[-38.3199344,-8.0576178,0.0],[-38.3201715,-8.0581336,0.0],[-38.3203831,-8.0585883,0.0],[-38.3206475,-8.0591411,0.0],[-38.3208118,-8.0593989,0.0],[-38.320999,-8.0597019,0.0],[-38.3212832,-8.0600509,0.0],[-38.3215673,-8.0603866,0.0],[-38.3219052,-8.0607648,0.0],[-38.3220848,-8.0609725,0.0],[-38.322133,-8.0611005,0.0],[-38.3221074,-8.0612162,0.0],[-38.3220019,-8.0612788,0.0],[-38.3218724,-8.0612961,0.0],[-38.3215999,-8.0613621,0.0],[-38.3213207,-8.0614838,0.0],[-38.3202541,-8.0621468,0.0],[-38.3197469,-8.0624565,0.0],[-38.3195808,-8.0626148,0.0],[-38.3194361,-8.0627918,0.0],[-38.3193578,-8.0629634,0.0],[-38.3193036,-8.0631125,0.0],[-38.319228,-8.0643351,0.0],[-38.3192143,-8.0649597,0.0],[-38.3191699,-8.0652641,0.0],[-38.3190866,-8.0655352,0.0],[-38.3190126,-8.0657126,0.0],[-38.3187891,-8.0660444,0.0],[-38.3185482,-8.0663535,0.0],[-38.3182436,-8.0667607,0.0],[-38.3179509,-8.0671507,0.0]]}},
{"type":"Feature","properties":{"name":"Rua Lucila Cavalcante de Lima","descricao":"Lei 1346 de 22.02.13 (antiga Via Local 09, Loteamento Poço do Cruz I)","codigo":"","bairro":"VILA BELA","cep":"56907140"},"geometry":{"type":"LineString","coordinates":[[-38.321768,-7.9977713,0.0],[-38.318646,-7.9945494,0.0]]}},
{"type":"Feature","properties":{"name":"Avenida Deputado Argemiro Pereira de Menezes","descricao":"Lei 1342 de 22.02.13 (antiga Via Local I, Loteamento Poço do Cruz I)","codigo":"600","bairro":"VILA BELA","cep":"56907070"},"geometry":{"type":"LineString","coordinates":[[-38.3304597,-7.9890386,0.0],[-38.325916,-7.9934559,0.0],[-38.325755,-7.994003,0.0],[-38.3218417,-7.9978438,0.0]]}},
{"type":"Feature","properties":{"name":"Rua José Barbosa da Penha","descricao":"Lei 1344 de 22.02.13 (Zé Mota, antiga Via Local 33, Loteamento Poço do Cruz II)","codigo":"","bairro":"VILA BELA","cep":"56907170"},"geometry":{"type":"LineString","coordinates":[[-38.3249909,-7.9946083,0.0],[-38.3227727,-7.9923559,0.0]]}},
{"type":"Feature","properties":{"name":"Rua João Antunes Lima","descricao":"Lei 1345 de 22.02.13 (antiga Via Local 13, Loteamento Poço do Cruz I)","codigo":"","bairro":"VILA BELA","cep":"56907060"},"geometry":{"type":"LineString","coordinates":[[-38.3203937,-7.9936353,0.0],[-38.3231081,-7.9964401,0.0]]}},
{"type":"Feature","properties":{"name":"Rua Luiz Aureliano de Carvalho","descricao":"Lei 1347 de 22.02.13 (antiga Via Local 17, Loteamento Poço do Cruz I)","codigo":"","bairro":"VILA BELA","cep":"56907130"},"geometry":{"type":"LineString","coordinates":[[-38.3220165,-7.9974627,0.0],[-38.3189427,-7.9942992,0.0]]}},
{"type":"Feature","properties":{"name":"Rua Professora Maria Lucilia da Silva","descricao":"Lei 1348 de 22.02.13 (antiga Via Local 26, Loteamento Poço do Cruz II)","codigo":"","bairro":"VILA BELA","cep":"56907190"},"geometry":{"type":"LineString","coordinates":[[-38.3244914,-7.9951557,0.0],[-38.3220962,-7.9927519,0.0]]}},
{"type":"Feature","properties":{"name":"Rua Professor Ivo Policarpo Campos","descricao":"Lei 1349 de 22.02.13 (antiga Via Local 22, Loteamento Poço do Cruz I)","codigo":"","bairro":"VILA BELA","cep":"56907110"},"geometry":{"type":"LineString","coordinates":[[-38.3222844,-7.9972156,0.0],[-38.3211954,-7.9960761,0.0]]}},
{"type":"Feature","properties":{"name":"Rua Professor Jesus Leandro Rocha","descricao":"Lei 1350 de 22.02.13 (antiga Via Local 16, Loteamento Poço do Cruz I)","codigo":"","bairro":"VILA BELA","cep":"56907120"},"geometry":{"type":"LineString","coordinates":[[-38.3208704,-7.9957476,0.0],[-38.3193093,-7.9941486,0.0]]}},
{"type":"Feature","properties":{"name":"Rua Benedito Duarte","descricao":"Lei 1356 de 17.06.13 (antiga Via Local 14, Loteamento Poço do Cruz I)","codigo":"","bairro":"VILA BELA","cep":"56907080"},"geometry":{"type":"LineString","coordinates":[[-38.321395,-7.9952341,0.0],[-38.3200244,-7.9937918,0.0]]}},
{"type":"Feature","properties":{"name":"Rua Gilvan Severino dos Santos","descricao":"Lei 1359 de 17.06.13 (antiga Via Local 24, Loteamento Poço do Cruz I)","codigo":"","bairro":"VILA BELA","cep":"56097090"},"geometry":{"type":"LineString","coordinates":[[-38.322828,-7.9966946,0.0],[-38.3217417,-7.9955764,0.0]]}},
{"type":"Feature","properties":{"name":"Travessa Antônio Nogueira dos Santos","descricao":"Lei 1360 de 17.06.13 (Seu Nogueira, antiga Via Local 35, Loteamento Poço do Cruz II)","codigo":"","bairro":"VILA BELA","cep":"56907200"},"geometry":{"type":"LineString","coordinates":[[-38.3243833,-7.993542,0.0],[-38.3239112,-7.9939962,0.0]]}},
{"type":"Feature","properties":{"name":"Praça Napoleão Inácio de Oliveira","descricao":"Lei 1361 de 17.06.13 (antigas Vias Locais 36 e 37, Loteamento Poço do Cruz II)","codigo":"","bairro":"VILA BELA","cep":""},"geometry":{"type":"LineString","coordinates":[[-38.3255259,-7.992544,0.0],[-38.324512,-7.9935029,0.0]]}},
{"type":"Feature","properties":{"name":"Praça Napoleão Inácio de Oliveira","descricao":"Lei 1361 de 17.06.13 (antigas Vias Locais 36 e 37, Loteamento Poço do Cruz II)","codigo":"","bairro":"VILA BELA","cep":""},"geometry":{"type":"LineString","coordinates":[[-38.3252755,-7.992304,0.0],[-38.3242589,-7.9932761,0.0]]}},
{"type":"Feature","properties":{"name":"Rua Newton Carlos Ferraz","descricao":"Lei 1362 de 17.06.13 (antiga Via Local 04 Loteamento Poço do Cruz II)","codigo":"","bairro":"VILA BELA","cep":"56907030"},"geometry":{"type":"LineString","coordinates":[[-38.3243258,-7.9971939,0.0],[-38.3234836,-7.996328,0.0]]}},
{"type":"Feature","properties":{"name":"Rua João Batista de Magalhães","descricao":"Lei 1363 de 17.06.13 (Batista Gaia, antiga Via Local 08, Loteamento Poço do Cruz II)","codigo":"7036","bairro":"VILA BELA","cep":"56907100"},"geometry":{"type":"LineString","coordinates":[[-38.3230863,-7.9982317,0.0],[-38.3229119,-7.9978625,0.0],[-38.322405,-7.9973738,0.0]]}},
{"type":"Feature","properties":{"name":"Rua João Campos de Sousa","descricao":"Lei 1364 de 17.06.13 (João Cabrinha, antiga Via Local 02, Loteamento Poço do Cruz II)","codigo":"","bairro":"VILA BELA","cep":"56907010"},"geometry":{"type":"LineString","coordinates":[[-38.3249276,-7.9972687,0.0],[-38.3237582,-7.9960695,0.0]]}},
{"type":"Feature","properties":{"name":"Rua Rosa Maria do Nascimento","descricao":"Lei 1365 de 17.06.13 (Rosa Pau Ferro, antiga Via Local 15, Loteamento Poço do Cruz I)","codigo":"","bairro":"VILA BELA","cep":"56907210"},"geometry":{"type":"LineString","coordinates":[[-38.3211372,-7.9954842,0.0],[-38.3196486,-7.9939622,0.0]]}},
{"type":"Feature","properties":{"name":"Rua Domingos Sávio Nogueira dos Santos","descricao":"Lei 1366 de 17.06.13 (antiga Via Local 34, Loteamento Poço do Cruz II)","codigo":"","bairro":"VILA BELA","cep":"56907180"},"geometry":{"type":"LineString","coordinates":[[-38.3247157,-7.9948717,0.0],[-38.3224197,-7.9925503,0.0]]}},
{"type":"Feature","properties":{"name":"Rua Professora Maria Luísa Duarte de Sá","descricao":"Lei 1367 de 17.06.13 (antiga Via Local 05, Loteamento Poço do Cruz II)","codigo":"","bairro":"VILA BELA","cep":"56907050"},"geometry":{"type":"LineString","coordinates":[[-38.3239777,-7.9973457,0.0],[-38.3232186,-7.996586,0.0]]}},
{"type":"Feature","properties":{"name":"Rua Isivaldo Conrado de Lorena e Sá","descricao":"Lei 1368 de 17.06.13 (antiga Via Local 12, Loteamento Poço do Cruz I)","codigo":"","bairro":"VILA BELA","cep":"56907040"},"geometry":{"type":"LineString","coordinates":[[-38.3233851,-7.9961919,0.0],[-38.3207136,-7.9934587,0.0]]}},
{"type":"Feature","properties":{"name":"Avenida José Jaime de Oliveira","descricao":"Lei 1369 de 17.06.13 (antiga Via Local 27, Loteamento Poço do Cruz II)","codigo":"","bairro":"VILA BELA","cep":"56907160"},"geometry":{"type":"LineString","coordinates":[[-38.3243677,-7.9914227,0.0],[-38.3220578,-7.9926968,0.0]]}},
{"type":"Feature","properties":{"name":"Rua José Alves de Barros","descricao":"Lei 1370 de 17.06.13 (Zé Saturnino, antiga Via Local 11, Loteamento Poço do Cruz I)","codigo":"","bairro":"VILA BELA","cep":"56907020"},"geometry":{"type":"LineString","coordinates":[[-38.3236672,-7.9959273,0.0],[-38.3221437,-7.9943947,0.0]]}},
{"type":"Feature","properties":{"name":"Rua José Pereira de França Sobrinho","descricao":"Lei 1371 de 17.06.13 (antiga Via Local 23, Loteamento Poço do Cruz I)","codigo":"","bairro":"VILA BELA","cep":"56907220"},"geometry":{"type":"LineString","coordinates":[[-38.3225384,-7.9969575,0.0],[-38.3214333,-7.995818,0.0]]}},
{"type":"Feature","properties":{"name":"Rua Isidoro Alves Pereira Lins","descricao":"Lei 1373 de 17.06.13 (antiga Via Local 32, Loteamento Poço do Cruz II)","codigo":"","bairro":"VILA BELA","cep":"56907150"},"geometry":{"type":"LineString","coordinates":[[-38.3252851,-7.9943909,0.0],[-38.32315,-7.9922129,0.0]]}},
{"type":"Feature","properties":{"name":"Rua Hélio Antônio Andrada Oliveira","descricao":"Lei 1413 de 22.10.14 (antiga Via Local 03, Loteamento Poço do Cruz II)","codigo":"","bairro":"VILA BELA","cep":"56907290"},"geometry":{"type":"LineString","coordinates":[[-38.3246645,-7.9970994,0.0],[-38.3229747,-7.9978989,0.0]]}},
{"type":"Feature","properties":{"name":"Rua Antônio Conrado Filho","descricao":"Lei 1417 de 22.10.14 (antiga Via Local 06, Loteamento Poço do Cruz II)","codigo":"","bairro":"VILA BELA","cep":"56907240"},"geometry":{"type":"LineString","coordinates":[[-38.3236225,-7.9975343,0.0],[-38.3229465,-7.9968516,0.0]]}},
{"type":"Feature","properties":{"name":"Rua Álvaro Xavier Sampaio","descricao":"Lei 1418 de 22.10.14 (antiga Via Local 31, Loteamento Poço do Cruz II)","codigo":"","bairro":"VILA BELA","cep":"56907250"},"geometry":{"type":"LineString","coordinates":[[-38.3244634,-7.9930162,0.0],[-38.3234656,-7.9920068,0.0]]}},
{"type":"Feature","properties":{"name":"Rua Luiz Gonzaga da Silva","descricao":"Lei 1419 de 22.10.14 (Luiz Fogos, antiga Via Local 07, Loteamento Poço do Cruz II)","codigo":"","bairro":"VILA BELA","cep":"56907260"},"geometry":{"type":"LineString","coordinates":[[-38.3232825,-7.9977027,0.0],[-38.3226897,-7.9971078,0.0]]}},
{"type":"Feature","properties":{"name":"Rua Cícero Salvador de Melo","descricao":"Lei 1420 de 22.10.14 (antiga Via Local 30, Loteamento Poço do Cruz II)","codigo":"2253","bairro":"VILA BELA","cep":"56907270"},"geometry":{"type":"LineString","coordinates":[[-38.3247269,-7.9927445,0.0],[-38.3237854,-7.9918069,0.0]]}},
{"type":"Feature","properties":{"name":"Rua João Arlindo Filho","descricao":"Lei 1421 de 22.10.14 (antiga Via Local 29, Loteamento Poço do Cruz II)","codigo":"","bairro":"VILA BELA","cep":"56907280"},"geometry":{"type":"LineString","coordinates":[[-38.3250005,-7.9924941,0.0],[-38.3241208,-7.9916282,0.0]]}},
{"type":"Feature","properties":{"name":"Rua Cleonel Inácio de Albuquerque","descricao":"Lei 1437 de 20.11.14 (antiga Via Local 39, Loteamento Poço do Cruz II)","codigo":"","bairro":"VILA BELA","cep":""},"geometry":{"type":"LineString","coordinates":[[-38.3256295,-7.9936838,0.0],[-38.3250448,-7.9930782,0.0]]}},
{"type":"Feature","properties":{"name":"Rua José Inácio de Oliveira","descricao":"Lei 1438 de 20.11.14 (Zé Inácio, antiga Via Local 28, Loteamento Poço do Cruz II)","codigo":"","bairro":"VILA BELA","cep":""},"geometry":{"type":"LineString","coordinates":[[-38.3261378,-7.9931259,0.0],[-38.3244145,-7.9913941,0.0]]}},
{"type":"Feature","properties":{"name":"Praça Antônio Pires de Menezes","descricao":"Lei 1343 de 22.02.13 (antigas Vias Locais 19 e 21, Loteamento Poço do Cruz I)","codigo":"","bairro":"VILA BELA","cep":""},"geometry":{"type":"LineString","coordinates":[[-38.3216546,-7.9950559,0.0],[-38.3206702,-7.9960122,0.0]]}},
{"type":"Feature","properties":{"name":"Praça Antônio Pires de Menezes","descricao":"Lei 1343 de 22.02.13 (antigas Vias Locais 19 e 21, Loteamento Poço do Cruz I)","codigo":"","bairro":"VILA BELA","cep":""},"geometry":{"type":"LineString","coordinates":[[-38.3219309,-7.9952791,0.0],[-38.3209196,-7.9962804,0.0]]}},
{"type":"Feature","properties":{"name":"Rua João Simião da Silva","descricao":"Lei 1601 de 12.04.17","codigo":"9081","bairro":"AABB","cep":"56912572"},"geometry":{"type":"LineString","coordinates":[[-38.2860776,-7.9982417,0.0],[-38.2867857,-8.0008925,0.0]]}},
{"type":"Feature","properties":{"name":"Rua John Kennedy Pereira Mourato","descricao":"Lei 1484 de 04.09.15 (antiga Via Local 38, Loteamento Poço do Cruz II)","codigo":"","bairro":"VILA BELA","cep":"56907295"},"geometry":{"type":"LineString","coordinates":[[-38.3253963,-7.9939851,0.0],[-38.3247874,-7.9933556,0.0]]}},
{"type":"Feature","properties":{"name":"Rua Augusto Alves de Almeida","descricao":"Lei 1154 de 23.05.06 ","codigo":"278","bairro":"SÃO SEBASTIÃO","cep":"56906032"},"geometry":{"type":"LineString","coordinates":[[-38.3045884,-7.9794983,0.0],[-38.3063479,-7.979331,0.0],[-38.3068575,-7.9792088,0.0]]}},
{"type":"Feature","properties":{"name":"Travessa Conselheiro Oliveira Neto","descricao":"","codigo":"93","bairro":"SÃO SEBASTIÃO","cep":""},"geometry":{"type":"LineString","coordinates":[[-38.3060703,-7.9787493,0.0],[-38.305153,-7.9791557,0.0]]}},
{"type":"Feature","properties":{"name":"Travessa do Juazeiro","descricao":"","codigo":"277","bairro":"SÃO SEBASTIÃO","cep":"56906031"},"geometry":{"type":"LineString","coordinates":[[-38.3051581,-7.9794159,0.0],[-38.3051286,-7.9791582,0.0],[-38.3050589,-7.9791051,0.0],[-38.304611,-7.9781542,0.0]]}},
{"type":"Feature","properties":{"name":"Rua Manoel Roberto dos Santos","descricao":"Lei 1156 de 08.06.06 (antiga Rua do Juazeiro)","codigo":"92","bairro":"SÃO SEBASTIÃO","cep":"56906036"},"geometry":{"type":"LineString","coordinates":[[-38.3045488,-7.9794748,0.0],[-38.3045622,-7.9777615,0.0]]}},
{"type":"Feature","properties":{"name":"Rua Aderbal Bezerra da Silva","descricao":"Lei 1995 de 04.09.2023 (antiga Travessa do Cruzeiro e Rua Nova da Borborema)","codigo":"279","bairro":"SÃO SEBASTIÃO","cep":"56906505"},"geometry":{"type":"LineString","coordinates":[[-38.3065726,-7.9792372,0.0],[-38.3063687,-7.9778692,0.0]]}},
{"type":"Feature","properties":{"name":"Praça Ildefonso Mariano de Sousa","descricao":"Lei 1693 de 01.04.19","codigo":"950","bairro":"JOSÉ TOMÉ DE SOUZA ","cep":"56909555"},"geometry":{"type":"LineString","coordinates":[[-38.2887655,-7.9772108,0.0],[-38.2876443,-7.9757791,0.0]]}},
{"type":"Feature","properties":{"name":"Rua Helena Silva Nogueira","descricao":"Lei 1678 de 12.09.18 (antiga Rua Projetada 03, Loteamento Lions Club)","codigo":"9168","bairro":"AABB","cep":"56912273"},"geometry":{"type":"LineString","coordinates":[[-38.2923247,-7.9992794,0.0],[-38.2933815,-8.0028903,0.0]]}},
{"type":"Feature","properties":{"name":"Rua Carlos Bezerra de Magalhães","descricao":"Lei 1765 de 23.06.2020 (antiga Rua Projetada 02, Loteamento Lions Club)","codigo":"8089","bairro":"AABB","cep":"56912610"},"geometry":{"type":"LineString","coordinates":[[-38.2927695,-7.9989518,0.0],[-38.2939377,-8.0029014,0.0]]}},
{"type":"Feature","properties":{"name":"Rua Pedro Pereira Valões","descricao":"Lei 1459 de 22.05.15 (antiga Rua Projetada 04)","codigo":"1018","bairro":"AABB - NOSSA SENHORA DA CONCEIÇÃO","cep":"56912278"},"geometry":{"type":"LineString","coordinates":[[-38.2824868,-7.991363,0.0],[-38.2811953,-7.9917016,0.0]]}},
{"type":"Feature","properties":{"name":"Avenida Edvirges de Souza Magalhães","descricao":"Lei 1631 de 28.08.17 (Estrada das Pitombas)","codigo":"201","bairro":"AABB - JOSÉ ALVES CARVALHO NUNES","cep":"56912578"},"geometry":{"type":"LineString","coordinates":[[-38.2881464,-8.0004182,0.0],[-38.2864888,-8.0010583,0.0],[-38.2843162,-8.001045,0.0],[-38.2839326,-8.0011778,0.0],[-38.2822536,-8.0014328,0.0],[-38.2818164,-8.0014461,0.0],[-38.2792629,-8.0010185,0.0],[-38.2785012,-8.0008405,0.0],[-38.2772137,-8.0004182,0.0],[-38.2765458,-8.0001101,0.0]]}},
{"type":"Feature","properties":{"name":"Praça José Epaminondas Maciel","descricao":"Lei 1625 de 15.08.17 (Praça dos Universitários)","codigo":"937","bairro":"JOSÉ TOMÉ DE SOUZA ","cep":"56909542"},"geometry":{"type":"LineString","coordinates":[[-38.2885344,-7.9767703,0.0],[-38.2892787,-7.9761315,0.0],[-38.2895294,-7.9759921,0.0]]}},
{"type":"Feature","properties":{"name":"Rua José Gomes da Silva","descricao":"Lei 1565 de 14.12.16","codigo":"1519","bairro":"JOSÉ ALVES CARVALHO NUNES","cep":"56904240"},"geometry":{"type":"LineString","coordinates":[[-38.2787094,-7.9914391,0.0],[-38.2768345,-7.9918082,0.0]]}},
{"type":"Feature","properties":{"name":"Rua Projetada 01","descricao":"Vanete Almeida","codigo":"","bairro":"VANETE ALMEIDA","cep":""},"geometry":{"type":"LineString","coordinates":[[-38.3428365,-7.9981562,0.0],[-38.3412621,-7.99737,0.0]]}},
{"type":"Feature","properties":{"name":"Rua Projetada 02","descricao":"Vanete Almeida","codigo":"","bairro":"VANETE ALMEIDA","cep":""},"geometry":{"type":"LineString","coordinates":[[-38.342887,-7.9982056,0.0],[-38.3380856,-8.0048118,0.0]]}},
{"type":"Feature","properties":{"name":"Rua Projetada 03","descricao":"Vanete Almeida","codigo":"","bairro":"VANETE ALMEIDA","cep":""},"geometry":{"type":"LineString","coordinates":[[-38.340779,-7.9972076,0.0],[-38.3361986,-8.0034917,0.0]]}},
{"type":"Feature","properties":{"name":"Rua Projetada 04","descricao":"Vanete Almeida","codigo":"","bairro":"VANETE ALMEIDA","cep":""},"geometry":{"type":"LineString","coordinates":[[-38.3417151,-7.9976684,0.0],[-38.339977,-8.0000563,0.0],[-38.339977,-8.0001572,0.0],[-38.338829,-8.0017376,0.0],[-38.338703,-8.0017907,0.0],[-38.3370427,-8.0040165,0.0]]}},
{"type":"Feature","properties":{"name":"Rua Projetada 05","descricao":"Vanete Almeida","codigo":"","bairro":"VANETE ALMEIDA","cep":""},"geometry":{"type":"LineString","coordinates":[[-38.3419345,-7.9977911,0.0],[-38.3401736,-8.0001842,0.0],[-38.3400536,-8.0002427,0.0],[-38.3389314,-8.0018031,0.0],[-38.3389014,-8.0019113,0.0],[-38.3372865,-8.0041793,0.0]]}},
{"type":"Feature","properties":{"name":"Rua Projetada 06","descricao":"Vanete Almeida","codigo":"","bairro":"VANETE ALMEIDA","cep":""},"geometry":{"type":"LineString","coordinates":[[-38.3415888,-7.9977295,0.0],[-38.3408485,-7.9971797,0.0]]}},
{"type":"Feature","properties":{"name":"Rua Projetada 07","descricao":"Vanete Almeida","codigo":"","bairro":"VANETE ALMEIDA","cep":""},"geometry":{"type":"LineString","coordinates":[[-38.3413716,-7.9980179,0.0],[-38.3406608,-7.9974946,0.0]]}},
{"type":"Feature","properties":{"name":"Rua Projetada 07","descricao":"Vanete Almeida","codigo":"","bairro":"VANETE ALMEIDA","cep":""},"geometry":{"type":"LineString","coordinates":[[-38.3424605,-7.9987191,0.0],[-38.341731,-7.9981746,0.0]]}},
{"type":"Feature","properties":{"name":"Rua Projetada 08","descricao":"Vanete Almeida","codigo":"","bairro":"VANETE ALMEIDA","cep":""},"geometry":{"type":"LineString","coordinates":[[-38.3411758,-7.9983207,0.0],[-38.3404462,-7.9977894,0.0]]}},
{"type":"Feature","properties":{"name":"Rua Projetada 09","descricao":"Vanete Almeida","codigo":"","bairro":"VANETE ALMEIDA","cep":""},"geometry":{"type":"LineString","coordinates":[[-38.3419743,-7.9993471,0.0],[-38.3402309,-7.9980908,0.0]]}},
{"type":"Feature","properties":{"name":"Rua Projetada 10","descricao":"Vanete Almeida","codigo":"","bairro":"VANETE ALMEIDA","cep":""},"geometry":{"type":"LineString","coordinates":[[-38.3417544,-7.9996313,0.0],[-38.3410355,-7.999116,0.0]]}},
{"type":"Feature","properties":{"name":"Rua Projetada 10","descricao":"Vanete Almeida","codigo":"","bairro":"VANETE ALMEIDA","cep":""},"geometry":{"type":"LineString","coordinates":[[-38.340733,-7.9988894,0.0],[-38.3400168,-7.9983767,0.0]]}},
{"type":"Feature","properties":{"name":"Rua Projetada 11","descricao":"Vanete Almeida","codigo":"","bairro":"VANETE ALMEIDA","cep":""},"geometry":{"type":"LineString","coordinates":[[-38.3405259,-7.9991902,0.0],[-38.339799,-7.9986856,0.0]]}},
{"type":"Feature","properties":{"name":"Rua Projetada 11","descricao":"Vanete Almeida","codigo":"","bairro":"VANETE ALMEIDA","cep":""},"geometry":{"type":"LineString","coordinates":[[-38.3415387,-7.9999334,0.0],[-38.3408172,-7.9994288,0.0]]}},
{"type":"Feature","properties":{"name":"Rua Projetada 12","descricao":"Vanete Almeida","codigo":"","bairro":"VANETE ALMEIDA","cep":""},"geometry":{"type":"LineString","coordinates":[[-38.3395716,-7.9989856,0.0],[-38.3403065,-7.9994929,0.0]]}},
{"type":"Feature","properties":{"name":"Rua Projetada 12","descricao":"Vanete Almeida","codigo":"","bairro":"VANETE ALMEIDA","cep":""},"geometry":{"type":"LineString","coordinates":[[-38.3413361,-8.0002355,0.0],[-38.3405985,-7.9997069,0.0]]}},
{"type":"Feature","properties":{"name":"Rua Projetada 13","descricao":"Vanete Almeida","codigo":"","bairro":"VANETE ALMEIDA","cep":""},"geometry":{"type":"LineString","coordinates":[[-38.3400835,-7.9997973,0.0],[-38.339362,-7.9992713,0.0]]}},
{"type":"Feature","properties":{"name":"Rua Projetada 13","descricao":"Vanete Almeida","codigo":"","bairro":"VANETE ALMEIDA","cep":""},"geometry":{"type":"LineString","coordinates":[[-38.3411255,-8.0005124,0.0],[-38.3403986,-7.9999891,0.0]]}},
{"type":"Feature","properties":{"name":"Rua Projetada 14","descricao":"Vanete Almeida","codigo":"","bairro":"VANETE ALMEIDA","cep":""},"geometry":{"type":"LineString","coordinates":[[-38.3409065,-8.0008023,0.0],[-38.3391497,-7.999522,0.0]]}},
{"type":"Feature","properties":{"name":"Rua Projetada 15","descricao":"Vanete Almeida","codigo":"","bairro":"VANETE ALMEIDA","cep":""},"geometry":{"type":"LineString","coordinates":[[-38.3393752,-7.9997614,0.0],[-38.3382487,-8.0013072,0.0]]}},
{"type":"Feature","properties":{"name":"Rua Projetada 16","descricao":"Vanete Almeida","codigo":"","bairro":"VANETE ALMEIDA","cep":""},"geometry":{"type":"LineString","coordinates":[[-38.3396703,-7.9999765,0.0],[-38.338533,-8.001525,0.0]]}},
{"type":"Feature","properties":{"name":"Rua Projetada 17","descricao":"Vanete Almeida","codigo":"","bairro":"VANETE ALMEIDA","cep":""},"geometry":{"type":"LineString","coordinates":[[-38.3403373,-8.0004472,0.0],[-38.3392001,-8.0020117,0.0]]}},
{"type":"Feature","properties":{"name":"Rua Projetada 18","descricao":"Vanete Almeida","codigo":"","bairro":"VANETE ALMEIDA","cep":""},"geometry":{"type":"LineString","coordinates":[[-38.3406262,-8.000665,0.0],[-38.3394889,-8.0022295,0.0]]}},
{"type":"Feature","properties":{"name":"Rua Projetada 19","descricao":"Vanete Almeida","codigo":"","bairro":"VANETE ALMEIDA","cep":""},"geometry":{"type":"LineString","coordinates":[[-38.3402999,-8.0016311,0.0],[-38.3385377,-8.0003588,0.0]]}},
{"type":"Feature","properties":{"name":"Rua Projetada 20","descricao":"Vanete Almeida","codigo":"","bairro":"VANETE ALMEIDA","cep":""},"geometry":{"type":"LineString","coordinates":[[-38.3397209,-8.0024566,0.0],[-38.3379479,-8.0011684,0.0]]}},
{"type":"Feature","properties":{"name":"Rua Projetada 21","descricao":"Vanete Almeida","codigo":"","bairro":"VANETE ALMEIDA","cep":""},"geometry":{"type":"LineString","coordinates":[[-38.3394967,-8.0027464,0.0],[-38.3387645,-8.0021966,0.0]]}},
{"type":"Feature","properties":{"name":"Rua Projetada 21","descricao":"Vanete Almeida","codigo":"","bairro":"VANETE ALMEIDA","cep":""},"geometry":{"type":"LineString","coordinates":[[-38.3384738,-8.0020023,0.0],[-38.3377442,-8.0014684,0.0]]}},
{"type":"Feature","properties":{"name":"Rua Projetada 22","descricao":"Vanete Almeida","codigo":"","bairro":"VANETE ALMEIDA","cep":""},"geometry":{"type":"LineString","coordinates":[[-38.3382637,-8.0022859,0.0],[-38.3375288,-8.0017547,0.0]]}},
{"type":"Feature","properties":{"name":"Rua Projetada 22","descricao":"Vanete Almeida","codigo":"","bairro":"VANETE ALMEIDA","cep":""},"geometry":{"type":"LineString","coordinates":[[-38.3392894,-8.0030309,0.0],[-38.3385437,-8.0024864,0.0]]}},
{"type":"Feature","properties":{"name":"Rua Projetada 23","descricao":"Vanete Almeida","codigo":"","bairro":"VANETE ALMEIDA","cep":""},"geometry":{"type":"LineString","coordinates":[[-38.3390794,-8.0033125,0.0],[-38.3383284,-8.0027759,0.0]]}},
{"type":"Feature","properties":{"name":"Rua Projetada 23","descricao":"Vanete Almeida","codigo":"","bairro":"VANETE ALMEIDA","cep":""},"geometry":{"type":"LineString","coordinates":[[-38.3380521,-8.0025852,0.0],[-38.3373091,-8.0020407,0.0]]}},
{"type":"Feature","properties":{"name":"Rua Projetada 24","descricao":"Vanete Almeida","codigo":"","bairro":"VANETE ALMEIDA","cep":""},"geometry":{"type":"LineString","coordinates":[[-38.3388559,-8.003619,0.0],[-38.3370991,-8.0023467,0.0]]}},
{"type":"Feature","properties":{"name":"Rua Projetada 25","descricao":"Vanete Almeida","codigo":"","bairro":"VANETE ALMEIDA","cep":""},"geometry":{"type":"LineString","coordinates":[[-38.3386279,-8.0039271,0.0],[-38.3378984,-8.0034012,0.0]]}},
{"type":"Feature","properties":{"name":"Rua Projetada 25","descricao":"Vanete Almeida","codigo":"","bairro":"VANETE ALMEIDA","cep":""},"geometry":{"type":"LineString","coordinates":[[-38.3376273,-8.0031829,0.0],[-38.336887,-8.0026517,0.0]]}},
{"type":"Feature","properties":{"name":"Rua Projetada 26","descricao":"Vanete Almeida","codigo":"","bairro":"VANETE ALMEIDA","cep":""},"geometry":{"type":"LineString","coordinates":[[-38.3384352,-8.0042158,0.0],[-38.3376923,-8.0036846,0.0]]}},
{"type":"Feature","properties":{"name":"Rua Projetada 26","descricao":"Vanete Almeida","codigo":"","bairro":"VANETE ALMEIDA","cep":""},"geometry":{"type":"LineString","coordinates":[[-38.3373999,-8.0034641,0.0],[-38.3366623,-8.0029382,0.0]]}},
{"type":"Feature","properties":{"name":"Rua Projetada 27","descricao":"Vanete Almeida","codigo":"","bairro":"VANETE ALMEIDA","cep":""},"geometry":{"type":"LineString","coordinates":[[-38.3372006,-8.0037579,0.0],[-38.3364522,-8.0032374,0.0]]}},
{"type":"Feature","properties":{"name":"Rua Projetada 27","descricao":"Vanete Almeida","codigo":"","bairro":"VANETE ALMEIDA","cep":""},"geometry":{"type":"LineString","coordinates":[[-38.3381995,-8.0045177,0.0],[-38.3374619,-8.0039812,0.0]]}},
{"type":"Feature","properties":{"name":"Rua Projetada 28","descricao":"Vanete Almeida","codigo":"","bairro":"VANETE ALMEIDA","cep":""},"geometry":{"type":"LineString","coordinates":[[-38.3362362,-8.003505,0.0],[-38.3380158,-8.0048064,0.0]]}},
{"type":"Feature","properties":{"name":"Rua Homembom Souza Magalhães","descricao":"","codigo":"202","bairro":"BOM JESUS","cep":"56906400"},"geometry":{"type":"LineString","coordinates":[[-38.3064056,-7.9891918,0.0],[-38.3069877,-7.9901985,0.0],[-38.3072398,-7.989994,0.0]]}},
{"type":"Feature","properties":{"name":"Avenida Adriano Duque de Godoy Sousa","descricao":"prolongamento do Anel Viário (antiga Rua Collier)","codigo":"8040","bairro":"BOM JESUS","cep":""},"geometry":{"type":"LineString","coordinates":[[-38.3095254,-7.9905998,0.0],[-38.3101969,-7.990591,0.0],[-38.3104767,-7.9906102,0.0],[-38.3108205,-7.9906703,0.0],[-38.311046,-7.990719,0.0],[-38.3116818,-7.9911563,0.0],[-38.3122948,-7.9916081,0.0]]}},
{"type":"Feature","properties":{"name":"Travessa Beira Rio","descricao":"","codigo":"244","bairro":"BOM JESUS","cep":"56906394"},"geometry":{"type":"LineString","coordinates":[[-38.3095697,-7.9906442,0.0],[-38.3095616,-7.9910374,0.0]]}},
{"type":"Feature","properties":{"name":"Rua da Praia","descricao":"Lei 1244 de 23.10.09 (antiga Rua do Matadouro)","codigo":"245","bairro":"BOM JESUS","cep":"56906215"},"geometry":{"type":"LineString","coordinates":[[-38.3113247,-7.9916971,0.0],[-38.310689,-7.9906692,0.0]]}},
{"type":"Feature","properties":{"name":"Travessa Ezaquiel Nunes de Menezes","descricao":"Lei 435 de 12.05.77 (antiga Travessa 08, conhecida como R. Nsa. Sra. da Penha)","codigo":"254","bairro":"BOM JESUS","cep":"56906295"},"geometry":{"type":"LineString","coordinates":[[-38.307072,-7.9879021,0.0],[-38.3064202,-7.986914,0.0],[-38.3057953,-7.9858994,0.0]]}},
{"type":"Feature","properties":{"name":"Rua Antônio Timóteo de Lima","descricao":"Lei 438 de 12.05.77 (antiga Rua Oito)","codigo":"32","bairro":"BOM JESUS","cep":"56906210"},"geometry":{"type":"LineString","coordinates":[[-38.3110424,-7.9847072,0.0],[-38.3100392,-7.9853261,0.0],[-38.3101009,-7.9855054,0.0],[-38.3093655,-7.9857392,0.0],[-38.3089068,-7.9858614,0.0],[-38.3087244,-7.9859411,0.0],[-38.3085903,-7.9860845,0.0],[-38.3060825,-7.9878775,0.0],[-38.3058733,-7.9880953,0.0]]}},
{"type":"Feature","properties":{"name":"Rua Maria Alves de Souza","descricao":"Lei 439 de 12.02.77 (antiga Rua H)","codigo":"203","bairro":"BOM JESUS","cep":"56906180"},"geometry":{"type":"LineString","coordinates":[[-38.3064333,-7.987018,0.0],[-38.3052907,-7.987605,0.0]]}},
{"type":"Feature","properties":{"name":"Rua Tabelião Antônio Alves","descricao":"Lei 440 de 12.05.77 (antiga Rua 3)","codigo":"222","bairro":"BOM JESUS","cep":"56906310"},"geometry":{"type":"LineString","coordinates":[[-38.3124639,-7.9869747,0.0],[-38.3122198,-7.9871208,0.0],[-38.3119892,-7.9871925,0.0],[-38.3108385,-7.9874688,0.0],[-38.3100311,-7.9877132,0.0],[-38.3099373,-7.9877875,0.0],[-38.3097307,-7.9878539,0.0],[-38.3092479,-7.9879708,0.0],[-38.3084969,-7.9882125,0.0],[-38.3080168,-7.9883506,0.0],[-38.3076332,-7.9883825,0.0],[-38.3072711,-7.9884569,0.0]]}},
{"type":"Feature","properties":{"name":"Rua Capitão Arlindo Rocha","descricao":"Lei 441 de 12.05.77 (antiga Rua Quatro)","codigo":"28","bairro":"BOM JESUS","cep":"56906260"},"geometry":{"type":"LineString","coordinates":[[-38.3166344,-7.9815814,0.0],[-38.3152397,-7.9835736,0.0],[-38.3147408,-7.9841154,0.0],[-38.3120264,-7.9861448,0.0],[-38.311211,-7.9867397,0.0],[-38.3107362,-7.9869363,0.0],[-38.3095587,-7.9872019,0.0],[-38.3094407,-7.9873453,0.0],[-38.3070858,-7.987931,0.0],[-38.3061577,-7.9883653,0.0],[-38.3070858,-7.987931,0.0],[-38.3094407,-7.9873453,0.0],[-38.3095587,-7.9872019,0.0],[-38.3107362,-7.9869363,0.0],[-38.3078314,-7.9879669,0.0],[-38.3072359,-7.9881449,0.0]]}},
{"type":"Feature","properties":{"name":"Rua João Batista do Nascimento","descricao":"Lei 442 de 12.05.77 (antiga Rua 2 e Rua Francisco Alves)","codigo":"30","bairro":"BOM JESUS","cep":"56906330"},"geometry":{"type":"LineString","coordinates":[[-38.306681,-7.9890024,0.0],[-38.3073114,-7.9888337,0.0],[-38.3107527,-7.9880648,0.0],[-38.3114822,-7.9878948,0.0],[-38.312488,-7.9876717,0.0]]}},
{"type":"Feature","properties":{"name":"Travessa Álvaro Batista Gaia","descricao":"Lei 443 de 12.05.77 (antigas Travessas 01 e 02)","codigo":"240","bairro":"BOM JESUS","cep":"56906393"},"geometry":{"type":"LineString","coordinates":[[-38.3077499,-7.9897589,0.0],[-38.3074307,-7.9898001,0.0],[-38.3073288,-7.9888903,0.0],[-38.3071437,-7.9879793,0.0]]}},
{"type":"Feature","properties":{"name":"Rua Capitão Manoel Inácio de Medeiros","descricao":"PL 22 de 24.07.77 não aprovado (antiga Rua Um)","codigo":"29","bairro":"BOM JESUS","cep":"56906430"},"geometry":{"type":"LineString","coordinates":[[-38.3077089,-7.9891602,0.0],[-38.3105212,-7.9885672,0.0],[-38.3128374,-7.9881097,0.0]]}},
{"type":"Feature","properties":{"name":"Rua Manoel Batista Gaia","descricao":"Lei 1211 de 27.03.08 (antiga Rua Cinco)","codigo":"225","bairro":"BOM JESUS","cep":"56906205"},"geometry":{"type":"LineString","coordinates":[[-38.3118034,-7.985888,0.0],[-38.3112911,-7.9861085,0.0],[-38.3104354,-7.9863395,0.0],[-38.3087511,-7.9869027,0.0],[-38.3104354,-7.9863395,0.0],[-38.3109558,-7.9860315,0.0]]}},
{"type":"Feature","properties":{"name":"Travessa Capitão Arlindo Rocha","descricao":"","codigo":"226","bairro":"BOM JESUS","cep":"56906263"},"geometry":{"type":"LineString","coordinates":[[-38.3088345,-7.9874504,0.0],[-38.308628,-7.9866111,0.0]]}},
{"type":"Feature","properties":{"name":"Rua Arlindo de Sena Brasil","descricao":"Lei 1818 de 01.03.2021 (antiga Rua Sete)","codigo":"36","bairro":"BOM JESUS","cep":""},"geometry":{"type":"LineString","coordinates":[[-38.3112166,-7.9849935,0.0],[-38.3091969,-7.9862764,0.0],[-38.3084164,-7.9866509,0.0]]}},
{"type":"Feature","properties":{"name":"Ponte Sebastião Andrada Oliveira","descricao":"Lei 1269 de 01.06.10 (Tião)","codigo":"","bairro":"NOSSA SENHORA DA PENHA","cep":"0"},"geometry":{"type":"LineString","coordinates":[[-38.3021254,-7.9953175,0.0],[-38.3012702,-7.9938598,0.0]]}},
{"type":"Feature","properties":{"name":"Rua João Romão Filho","descricao":"Lei 1296 de 01.06.11 (antiga Travessa Sete)","codigo":"132","bairro":"BOM JESUS","cep":"56906345"},"geometry":{"type":"LineString","coordinates":[[-38.3101563,-7.9882063,0.0],[-38.3104272,-7.9896114,0.0],[-38.3105103,-7.9904374,0.0]]}},
{"type":"Feature","properties":{"name":"Travessa Miguel Mariano","descricao":"","codigo":"249","bairro":"BOM JESUS","cep":"56906392"},"geometry":{"type":"LineString","coordinates":[[-38.3094318,-7.9905405,0.0],[-38.3092762,-7.9898207,0.0]]}},
{"type":"Feature","properties":{"name":"Avenida Adriano Duque de Godoy Sousa","descricao":"prolongamento do Anel Viário (antiga Rua Beira Rio)","codigo":"8040","bairro":"BOM JESUS","cep":""},"geometry":{"type":"LineString","coordinates":[[-38.3066273,-7.9891229,0.0],[-38.3071396,-7.989779,0.0],[-38.3076036,-7.9901721,0.0],[-38.3079381,-7.9903376,0.0],[-38.3088518,-7.9905938,0.0],[-38.3094375,-7.9906006,0.0]]}},
{"type":"Feature","properties":{"name":"Rua Miguel Mariano de Souza","descricao":"Lei 436 12.05.77 (antiga Rua Onze)","codigo":"35","bairro":"BOM JESUS","cep":"56906370"},"geometry":{"type":"LineString","coordinates":[[-38.3088706,-7.9898394,0.0],[-38.3090423,-7.9897837,0.0],[-38.3093159,-7.9897491,0.0],[-38.3104075,-7.9896641,0.0],[-38.3106409,-7.989619,0.0],[-38.3129476,-7.9894091,0.0]]}},
{"type":"Feature","properties":{"name":"Rua Joaquim Timóteo de Lima","descricao":"","codigo":"221","bairro":"BOM JESUS","cep":"56906185"},"geometry":{"type":"LineString","coordinates":[[-38.3043557,-7.9863716,0.0],[-38.3044308,-7.9868657,0.0],[-38.3057136,-7.9880092,0.0],[-38.3060656,-7.9883373,0.0]]}},
{"type":"Feature","properties":{"name":"Rua Rio Branco","descricao":"","codigo":"248","bairro":"BOM JESUS","cep":"56906350"},"geometry":{"type":"LineString","coordinates":[[-38.3117989,-7.9910306,0.0],[-38.3117922,-7.9902045,0.0],[-38.3117278,-7.9894953,0.0],[-38.3116313,-7.9889029,0.0]]}},
{"type":"Feature","properties":{"name":"Travessa Rio Branco","descricao":"","codigo":"242","bairro":"BOM JESUS","cep":"56906351"},"geometry":{"type":"LineString","coordinates":[[-38.3123843,-7.9890069,0.0],[-38.3117191,-7.9890999,0.0]]}},
{"type":"Feature","properties":{"name":"Travessa Granja","descricao":"","codigo":"256","bairro":"BOM JESUS","cep":"56906420"},"geometry":{"type":"LineString","coordinates":[[-38.3121824,-7.9904617,0.0],[-38.3121636,-7.9901933,0.0],[-38.3121569,-7.9900751,0.0],[-38.312456,-7.9903606,0.0],[-38.3121569,-7.9900751,0.0],[-38.3121529,-7.9899517,0.0],[-38.3122072,-7.9898813,0.0],[-38.3123313,-7.989864,0.0],[-38.3122072,-7.9898813,0.0],[-38.3121529,-7.9899517,0.0]]}},
{"type":"Feature","properties":{"name":"Rua Pedro Ferraz","descricao":"","codigo":"247","bairro":"BOM JESUS","cep":"56906305"},"geometry":{"type":"LineString","coordinates":[[-38.3118406,-7.9905057,0.0],[-38.3121517,-7.9904897,0.0]]}},
{"type":"Feature","properties":{"name":"Travessa Quatro","descricao":"Bom Jesus","codigo":"205","bairro":"BOM JESUS","cep":"56906391"},"geometry":{"type":"LineString","coordinates":[[-38.3085967,-7.9904243,0.0],[-38.3085592,-7.9902596,0.0],[-38.3080228,-7.9893512,0.0],[-38.3079798,-7.9891759,0.0]]}},
{"type":"Feature","properties":{"name":"Travessa Três","descricao":"Bom Jesus","codigo":"204","bairro":"BOM JESUS","cep":"56906322"},"geometry":{"type":"LineString","coordinates":[[-38.3079417,-7.9902567,0.0],[-38.3076923,-7.9894306,0.0],[-38.3076226,-7.9888383,0.0]]}},
{"type":"Feature","properties":{"name":"Rua Vila Nova","descricao":"","codigo":"224","bairro":"BOM JESUS","cep":"56906290"},"geometry":{"type":"LineString","coordinates":[[-38.3130733,-7.987799,0.0],[-38.3129634,-7.9875016,0.0],[-38.3120085,-7.9862505,0.0]]}},
{"type":"Feature","properties":{"name":"Rua do Retiro","descricao":"","codigo":"223","bairro":"BOM JESUS","cep":"56906300"},"geometry":{"type":"LineString","coordinates":[[-38.3129714,-7.9883585,0.0],[-38.3129258,-7.9882097,0.0],[-38.3117483,-7.9864141,0.0]]}},
{"type":"Feature","properties":{"name":"Travessa do Retiro","descricao":"","codigo":"228","bairro":"BOM JESUS","cep":""},"geometry":{"type":"LineString","coordinates":[[-38.3119288,-7.9868046,0.0],[-38.3114031,-7.9870782,0.0]]}},
{"type":"Feature","properties":{"name":"Travessa Antônio Medeiros","descricao":"","codigo":"43","bairro":"BOM JESUS","cep":"56906195"},"geometry":{"type":"LineString","coordinates":[[-38.3110556,-7.9879367,0.0],[-38.3109402,-7.987432,0.0],[-38.310782,-7.9870203,0.0]]}},
{"type":"Feature","properties":{"name":"Travessa Seis","descricao":"","codigo":"207","bairro":"BOM JESUS","cep":"56906321"},"geometry":{"type":"LineString","coordinates":[[-38.30978,-7.9882256,0.0],[-38.3091792,-7.9863344,0.0]]}},
{"type":"Feature","properties":{"name":"Avenida Antônio Romão de Farias","descricao":"Lei 602 de 13.10.85","codigo":"227","bairro":"BOM JESUS","cep":"56906170"},"geometry":{"type":"LineString","coordinates":[[-38.3047045,-7.9815381,0.0],[-38.3064748,-7.9837428,0.0],[-38.3079393,-7.9865557,0.0],[-38.3084274,-7.9875836,0.0]]}},
{"type":"Feature","properties":{"name":"Rua José Dias da Silva","descricao":"Lei 1497 de 18.11.15 (antiga Rua Projetada 02)","codigo":"270","bairro":"BOM JESUS","cep":"56906255"},"geometry":{"type":"LineString","coordinates":[[-38.3061181,-7.9857702,0.0],[-38.3063112,-7.986158,0.0],[-38.3072473,-7.98581,0.0],[-38.3070462,-7.9854142,0.0]]}},
{"type":"Feature","properties":{"name":"Rua Livino Gomes","descricao":"Conhecida como Rua Projetada Sebastião Inácio de Oliveira","codigo":"33","bairro":"BOM JESUS","cep":"56916140"},"geometry":{"type":"LineString","coordinates":[[-38.3060967,-7.985725,0.0],[-38.3069871,-7.9853983,0.0]]}},
{"type":"Feature","properties":{"name":"Rua José Carlos de Oliveira","descricao":"Conhecida por Rua Nove","codigo":"230","bairro":"BOM JESUS","cep":"56906160"},"geometry":{"type":"LineString","coordinates":[[-38.3048428,-7.9871799,0.0],[-38.3062322,-7.9866779,0.0],[-38.3063368,-7.986723,0.0],[-38.3076967,-7.9860536,0.0],[-38.3077611,-7.9859501,0.0],[-38.3110039,-7.9846565,0.0]]}},
{"type":"Feature","properties":{"name":"Rua Teodora Maria Nogueira","descricao":"","codigo":"130","bairro":"BOM JESUS","cep":"56906270"},"geometry":{"type":"LineString","coordinates":[[-38.3073451,-7.9878417,0.0],[-38.3072539,-7.9875363,0.0],[-38.3070501,-7.9872468,0.0]]}},
{"type":"Feature","properties":{"name":"Rua Seis","descricao":"","codigo":"41","bairro":"BOM JESUS","cep":"56906240"},"geometry":{"type":"LineString","coordinates":[[-38.3114557,-7.9853935,0.0],[-38.3109434,-7.9857149,0.0],[-38.3109876,-7.9859447,0.0],[-38.3109434,-7.9857149,0.0],[-38.3108602,-7.985691,0.0],[-38.310305,-7.9859008,0.0]]}},
{"type":"Feature","properties":{"name":"Travessa Livino Gomes","descricao":"","codigo":"133","bairro":"BOM JESUS","cep":"56906141"},"geometry":{"type":"LineString","coordinates":[[-38.308876,-7.9863609,0.0],[-38.3082028,-7.9847167,0.0]]}},
{"type":"Feature","properties":{"name":"Travessa S Um","descricao":"","codigo":"217","bairro":"BOM JESUS","cep":""},"geometry":{"type":"LineString","coordinates":[[-38.3108386,-7.9890365,0.0],[-38.3107179,-7.9885876,0.0]]}},
{"type":"Feature","properties":{"name":"Travessa S Dois","descricao":"","codigo":"34","bairro":"BOM JESUS","cep":""},"geometry":{"type":"LineString","coordinates":[[-38.311426,-7.9888612,0.0],[-38.3113241,-7.9884601,0.0]]}},
{"type":"Feature","properties":{"name":"Rua Dez","descricao":"","codigo":"229","bairro":"BOM JESUS","cep":"56906150"},"geometry":{"type":"LineString","coordinates":[[-38.3096732,-7.9845469,0.0],[-38.3083991,-7.9850171,0.0]]}},
{"type":"Feature","properties":{"name":"Rua Livino Gomes","descricao":"","codigo":"33","bairro":"BOM JESUS","cep":"56906140"},"geometry":{"type":"LineString","coordinates":[[-38.3096034,-7.9841644,0.0],[-38.3071599,-7.9850596,0.0],[-38.3069252,-7.9851552,0.0],[-38.3060699,-7.9857131,0.0],[-38.3043946,-7.9863265,0.0]]}},
{"type":"Feature","properties":{"name":"Rua Bela Vista","descricao":"","codigo":"234","bairro":"BOM JESUS","cep":"56906100"},"geometry":{"type":"LineString","coordinates":[[-38.3101533,-7.983163,0.0],[-38.3069856,-7.9846293,0.0]]}},
{"type":"Feature","properties":{"name":"Rua Rodolfo Lourenço da Silva","descricao":"Lei 1628 de 15.08.17 (antiga Rua do Sertão)","codigo":"239","bairro":"BOM JESUS","cep":"56906474"},"geometry":{"type":"LineString","coordinates":[[-38.3119909,-7.9860884,0.0],[-38.3103119,-7.9834136,0.0],[-38.3101751,-7.9831188,0.0],[-38.3099632,-7.9824547,0.0],[-38.3094777,-7.9814241,0.0]]}},
{"type":"Feature","properties":{"name":"Travessa Nove","descricao":"","codigo":"581","bairro":"BOM JESUS","cep":"56906225"},"geometry":{"type":"LineString","coordinates":[[-38.3106056,-7.984751,0.0],[-38.3104554,-7.9843287,0.0],[-38.310737,-7.98418,0.0]]}},
{"type":"Feature","properties":{"name":"Travessa Bela Vista","descricao":"Travessa Bela Vista Um","codigo":"235","bairro":"BOM JESUS","cep":"56906101"},"geometry":{"type":"LineString","coordinates":[[-38.3102341,-7.9849131,0.0],[-38.3099122,-7.9833247,0.0]]}},
{"type":"Feature","properties":{"name":"Rua Boa Vista","descricao":"","codigo":"44","bairro":"BOM JESUS","cep":"56906130"},"geometry":{"type":"LineString","coordinates":[[-38.3098726,-7.9850314,0.0],[-38.3096929,-7.98454,0.0],[-38.3095266,-7.9834908,0.0]]}},
{"type":"Feature","properties":{"name":"Travessa Bela Vista II","descricao":"","codigo":"299","bairro":"BOM JESUS","cep":"56906102"},"geometry":{"type":"LineString","coordinates":[[-38.3093359,-7.9839582,0.0],[-38.3083783,-7.9843248,0.0],[-38.308271,-7.9840565,0.0]]}},
{"type":"Feature","properties":{"name":"Travessa Bela Vista III","descricao":"","codigo":"17248","bairro":"BOM JESUS","cep":""},"geometry":{"type":"LineString","coordinates":[[-38.3080203,-7.9844738,0.0],[-38.3078942,-7.9842135,0.0]]}},
{"type":"Feature","properties":{"name":"Rua do Sol","descricao":"","codigo":"241","bairro":"BOM JESUS","cep":"56906070"},"geometry":{"type":"LineString","coordinates":[[-38.3099273,-7.9831892,0.0],[-38.3092756,-7.981893,0.0],[-38.3087525,-7.9802647,0.0],[-38.308825,-7.9799964,0.0]]}},
{"type":"Feature","properties":{"name":"Travessa do Sol","descricao":"Travessa do Sol I","codigo":"131","bairro":"BOM JESUS","cep":"56906103"},"geometry":{"type":"LineString","coordinates":[[-38.3096727,-7.9828024,0.0],[-38.3068376,-7.984327,0.0]]}},
{"type":"Feature","properties":{"name":"Rua da Aurora","descricao":"","codigo":"253","bairro":"BOM JESUS","cep":"56906120"},"geometry":{"type":"LineString","coordinates":[[-38.3090795,-7.9830567,0.0],[-38.3088488,-7.9821111,0.0]]}},
{"type":"Feature","properties":{"name":"Travessa Luiz Brás da Silva","descricao":"Lei 1155 de 23.05.06 (antiga Travessa Central)","codigo":"98","bairro":"BOM JESUS","cep":"56906034"},"geometry":{"type":"LineString","coordinates":[[-38.308268,-7.9834938,0.0],[-38.3075894,-7.9820488,0.0],[-38.3071415,-7.9805773,0.0]]}},
{"type":"Feature","properties":{"name":"Travessa da Aurora","descricao":"","codigo":"243","bairro":"BOM JESUS","cep":"56906121"},"geometry":{"type":"LineString","coordinates":[[-38.3089812,-7.9828331,0.0],[-38.3081524,-7.9831784,0.0]]}},
{"type":"Feature","properties":{"name":"Rua João David","descricao":"","codigo":"252","bairro":"BOM JESUS","cep":"56906110"},"geometry":{"type":"LineString","coordinates":[[-38.3088694,-7.9824081,0.0],[-38.3079843,-7.9827959,0.0]]}},
{"type":"Feature","properties":{"name":"Rua da Glória","descricao":"","codigo":"251","bairro":"BOM JESUS","cep":"56906080"},"geometry":{"type":"LineString","coordinates":[[-38.3095668,-7.9817603,0.0],[-38.3078528,-7.9824988,0.0]]}},
{"type":"Feature","properties":{"name":"Rua Manoel de Lima Magalhães","descricao":"Lei 952 de 03.11.98 (antiga Travessa do Sol II)","codigo":"134","bairro":"BOM JESUS","cep":"56906072"},"geometry":{"type":"LineString","coordinates":[[-38.3091072,-7.9815168,0.0],[-38.3076454,-7.9820321,0.0]]}},
{"type":"Feature","properties":{"name":"Rua Manoel de Lima Magalhães","descricao":"Prolongamento","codigo":"134","bairro":"BOM JESUS","cep":"56906072"},"geometry":{"type":"LineString","coordinates":[[-38.3075475,-7.9820736,0.0],[-38.3067375,-7.9823711,0.0]]}},
{"type":"Feature","properties":{"name":"Rua São Francisco","descricao":"","codigo":"","bairro":"BOM JESUS","cep":""},"geometry":{"type":"LineString","coordinates":[[-38.3112087,-7.980756,0.0],[-38.3118524,-7.9805382,0.0],[-38.3125391,-7.980416,0.0]]}},
{"type":"Feature","properties":{"name":"Rua Vigia Belarmino Luiz Silva","descricao":"Lei 747 de 20.07.90 (antiga Rua do Meio)","codigo":"97","bairro":"BOM JESUS","cep":"56906040"},"geometry":{"type":"LineString","coordinates":[[-38.3070868,-7.9821932,0.0],[-38.3067837,-7.9806871,0.0]]}},
{"type":"Feature","properties":{"name":"Rua José Pereira de Souza","descricao":"Lei 759 de 30.07.90 (Zé da Serra, antiga Rua São Pedro)","codigo":"96","bairro":"BOM JESUS","cep":"56906060"},"geometry":{"type":"LineString","coordinates":[[-38.3073698,-7.9814667,0.0],[-38.3064766,-7.9815596,0.0]]}},
{"type":"Feature","properties":{"name":"Rua Padre Cícero","descricao":"","codigo":"260","bairro":"BOM JESUS","cep":""},"geometry":{"type":"LineString","coordinates":[[-38.306729,-7.9824948,0.0],[-38.306214,-7.9808798,0.0]]}},
{"type":"Feature","properties":{"name":"Rua São Francisco","descricao":"","codigo":"267","bairro":"BOM JESUS","cep":"56906465"},"geometry":{"type":"LineString","coordinates":[[-38.3089392,-7.9810418,0.0],[-38.3079038,-7.9813393,0.0]]}},
{"type":"Feature","properties":{"name":"Travessa São Francisco","descricao":"","codigo":"331","bairro":"BOM JESUS","cep":""},"geometry":{"type":"LineString","coordinates":[[-38.3078868,-7.981284,0.0],[-38.3077581,-7.9808992,0.0],[-38.3075435,-7.980355,0.0],[-38.3077581,-7.9808992,0.0],[-38.3081711,-7.9807435,0.0],[-38.3082623,-7.9809998,0.0]]}},
{"type":"Feature","properties":{"name":"Rua Antônio Luiz de Souza","descricao":"Lei 1740 de 08.12.19 (Malhada)","codigo":"178","bairro":"BOM JESUS","cep":""},"geometry":{"type":"LineString","coordinates":[[-38.3105708,-7.9798846,0.0],[-38.3137653,-7.9848358,0.0]]}},
{"type":"Feature","properties":{"name":"Rua Francisco de Assis Magalhães","descricao":"Lei 1772 de 01.09.2020 (antiga Rua Projetada 01, Malhada)","codigo":"717","bairro":"BOM JESUS","cep":"56906425"},"geometry":{"type":"LineString","coordinates":[[-38.3125149,-7.9856869,0.0],[-38.3114313,-7.9837638,0.0]]}},
{"type":"Feature","properties":{"name":"Rua Projetada Dois","descricao":"Baixa Renda/Malhada","codigo":"","bairro":"BOM JESUS","cep":""},"geometry":{"type":"LineString","coordinates":[[-38.3128818,-7.9860887,0.0],[-38.3126377,-7.985754,0.0]]}},
{"type":"Feature","properties":{"name":"Rua Tabelião Antônio Alves","descricao":"antiga Rua Projetada 03 - Baixa Renda/Malhada (prolongamento sem lei)","codigo":"222","bairro":"BOM JESUS","cep":"56906310"},"geometry":{"type":"LineString","coordinates":[[-38.3126739,-7.9862933,0.0],[-38.3146333,-7.9848257,0.0],[-38.3155774,-7.9840674,0.0]]}},
{"type":"Feature","properties":{"name":"Rua Antônio Saturnino Alves","descricao":"Lei 1629 de 15.08.2017 (antiga Rua Projetada ao lado da chácara de Jazon, Malhada)","codigo":"799","bairro":"BOM JESUS","cep":"56906245"},"geometry":{"type":"LineString","coordinates":[[-38.3157706,-7.9842521,0.0],[-38.3152555,-7.9836145,0.0]]}},
{"type":"Feature","properties":{"name":"Rua Manoel Luiz de Souza","descricao":"Lei 1736 de 05.12.19 (Manoel Fogoió, antiga Rua Projetada Cinco, Malhada)","codigo":"9193","bairro":"BOM JESUS","cep":""},"geometry":{"type":"LineString","coordinates":[[-38.3154253,-7.9830812,0.0],[-38.3136389,-7.9845554,0.0]]}},
{"type":"Feature","properties":{"name":"Rua Projetada Seis (Malhada)","descricao":"Baixa Renda/Malhada","codigo":"887","bairro":"BOM JESUS","cep":""},"geometry":{"type":"LineString","coordinates":[[-38.3145259,-7.9830793,0.0],[-38.3137803,-7.9836531,0.0]]}},
{"type":"Feature","properties":{"name":"Rua Antônio Mariano","descricao":"Antiga Rua Projetada Baixa Renda","codigo":"720","bairro":"BOM JESUS","cep":"56906285"},"geometry":{"type":"LineString","coordinates":[[-38.3143019,-7.9831994,0.0],[-38.3134785,-7.9820506,0.0],[-38.3127033,-7.9808593,0.0],[-38.3124753,-7.9797862,0.0]]}},
{"type":"Feature","properties":{"name":"Rua José Luiz de Souza","descricao":"","codigo":"269","bairro":"BOM JESUS","cep":"56906265"},"geometry":{"type":"LineString","coordinates":[[-38.3126618,-7.9808781,0.0],[-38.3118812,-7.9811915,0.0],[-38.3115728,-7.9813907,0.0]]}},
{"type":"Feature","properties":{"name":"Rua Manoel João","descricao":"","codigo":"1014","bairro":"BOM JESUS","cep":""},"geometry":{"type":"LineString","coordinates":[[-38.3128838,-7.981213,0.0],[-38.3118619,-7.9818134,0.0]]}},
{"type":"Feature","properties":{"name":"Rua da Esperança","descricao":"","codigo":"597","bairro":"BOM JESUS","cep":"56906275"},"geometry":{"type":"LineString","coordinates":[[-38.313105,-7.9815699,0.0],[-38.3121448,-7.9822366,0.0]]}},
{"type":"Feature","properties":{"name":"Rua Manoel Mariano dos Prazeres","descricao":"","codigo":"7035","bairro":"BOM JESUS","cep":""},"geometry":{"type":"LineString","coordinates":[[-38.314915,-7.981677,0.0],[-38.3145214,-7.9816447,0.0],[-38.3141485,-7.9817111,0.0],[-38.3123246,-7.9825558,0.0]]}},
{"type":"Feature","properties":{"name":"Rua Projetada Joaquim Gonçalo","descricao":"","codigo":"901","bairro":"BOM JESUS","cep":""},"geometry":{"type":"LineString","coordinates":[[-38.3140448,-7.9822649,0.0],[-38.3125253,-7.9830711,0.0],[-38.3108235,-7.9840313,0.0]]}},
{"type":"Feature","properties":{"name":"Rua Projetada Oito (Malhada)","descricao":"Baixa Renda/Malhada","codigo":"908","bairro":"BOM JESUS","cep":""},"geometry":{"type":"LineString","coordinates":[[-38.3142386,-7.9826335,0.0],[-38.3139228,-7.9828486,0.0],[-38.3134004,-7.9831594,0.0],[-38.3129311,-7.9834782,0.0]]}},
{"type":"Feature","properties":{"name":"Travessa José Luiz de Souza","descricao":"Malhada","codigo":"940","bairro":"BOM JESUS","cep":""},"geometry":{"type":"LineString","coordinates":[[-38.3149071,-7.985194,0.0],[-38.3131235,-7.9827847,0.0]]}},
{"type":"Feature","properties":{"name":"Rua Projetada Seis (Malhada)","descricao":"Baixa Renda/Malhada","codigo":"887","bairro":"BOM JESUS","cep":""},"geometry":{"type":"LineString","coordinates":[[-38.3138321,-7.9838523,0.0],[-38.3133707,-7.9841737,0.0]]}},
{"type":"Feature","properties":{"name":"Rua Projetada Sete (Malhada)","descricao":"Baixa Renda/Malhada","codigo":"894","bairro":"BOM JESUS","cep":""},"geometry":{"type":"LineString","coordinates":[[-38.3136094,-7.9835096,0.0],[-38.3131266,-7.9838178,0.0]]}},
{"type":"Feature","properties":{"name":"Travessa José Rodrigues dos Santos","descricao":"Lei 1338 de 10.12.12 (Zé Pequeno)","codigo":"17361","bairro":"CACHOEIRA","cep":"56905060"},"geometry":{"type":"LineString","coordinates":[[-38.3231479,-7.984114,0.0],[-38.3230567,-7.984887,0.0]]}},
{"type":"Feature","properties":{"name":"Avenida Manoel Gomes de Souza","descricao":"Lei 2122 de 24.09.2025 (antiga Avenida Projetada Cachoeira II)","codigo":"1103","bairro":"CACHOEIRA","cep":""},"geometry":{"type":"LineString","coordinates":[[-38.3224918,-7.9845696,0.0],[-38.3227841,-7.9839136,0.0],[-38.3229907,-7.9829361,0.0],[-38.3231757,-7.9791536,0.0],[-38.3234439,-7.9759767,0.0]]}},
{"type":"Feature","properties":{"name":"Rua S/D","descricao":"","codigo":"","bairro":"CACHOEIRA","cep":""},"geometry":{"type":"LineString","coordinates":[[-38.3229881,-7.9811537,0.0],[-38.3201584,-7.9798788,0.0]]}},
{"type":"Feature","properties":{"name":"Rua S/D","descricao":"","codigo":"","bairro":"CACHOEIRA","cep":""},"geometry":{"type":"LineString","coordinates":[[-38.3224345,-7.9809851,0.0],[-38.3220563,-7.9815961,0.0]]}},
{"type":"Feature","properties":{"name":"Vila DNOCS","descricao":"","codigo":"86","bairro":"CACHOEIRA","cep":""},"geometry":{"type":"LineString","coordinates":[[-38.3232543,-7.977319,0.0],[-38.3221412,-7.9774333,0.0]]}},
{"type":"Feature","properties":{"name":"Rua S/D","descricao":"","codigo":"","bairro":"CACHOEIRA","cep":""},"geometry":{"type":"LineString","coordinates":[[-38.3231604,-7.9788501,0.0],[-38.3227882,-7.9788103,0.0],[-38.3227187,-7.9787625,0.0],[-38.3223596,-7.9782033,0.0],[-38.3222591,-7.9781296,0.0],[-38.3220727,-7.9780931,0.0],[-38.322023,-7.9780493,0.0],[-38.3219734,-7.9779922,0.0],[-38.3218823,-7.9779006,0.0],[-38.3217683,-7.9778262,0.0],[-38.3216643,-7.9777385,0.0],[-38.3215976,-7.9777053,0.0],[-38.3211916,-7.9778381,0.0]]}},
{"type":"Feature","properties":{"name":"Rua Mariano Nogueira Peixoto","descricao":"Existe uma rua com mesmo nome no Bairro Tancredo Neves com Lei aprovada.","codigo":"1106","bairro":"CACHOEIRA","cep":"56905010"},"geometry":{"type":"LineString","coordinates":[[-38.3233083,-7.9782768,0.0],[-38.3269078,-7.9784999,0.0]]}},
{"type":"Feature","properties":{"name":"Rua Professora Maria Luiza Duarte de Sá","descricao":"Existe uma rua com mesmo nome no Bairro Vila Bela com Lei aprovada.","codigo":"1512","bairro":"CACHOEIRA","cep":"56905020"},"geometry":{"type":"LineString","coordinates":[[-38.3232614,-7.9787767,0.0],[-38.3268797,-7.9790238,0.0]]}},
{"type":"Feature","properties":{"name":"Rua Projetada Doutor Sebastião Pereira de Aguiar","descricao":"","codigo":"1105","bairro":"CACHOEIRA","cep":"56905030"},"geometry":{"type":"LineString","coordinates":[[-38.3232116,-7.9793487,0.0],[-38.3268594,-7.9796117,0.0]]}},
{"type":"Feature","properties":{"name":"Rua Projetada Iracema Deusdete Ferraz","descricao":"","codigo":"1109","bairro":"CACHOEIRA","cep":"56905040"},"geometry":{"type":"LineString","coordinates":[[-38.324675,-7.9783823,0.0],[-38.3245919,-7.9794368,0.0]]}},
{"type":"Feature","properties":{"name":"Rua Projetada Olímpio Cavalcante de Araújo","descricao":"","codigo":"1108","bairro":"CACHOEIRA","cep":""},"geometry":{"type":"LineString","coordinates":[[-38.3259339,-7.979504,0.0],[-38.3260064,-7.9784654,0.0]]}},
{"type":"Feature","properties":{"name":"Rua S/D","descricao":"","codigo":"","bairro":"AABB","cep":""},"geometry":{"type":"LineString","coordinates":[[-38.2961811,-7.9964938,0.0],[-38.2969489,-7.9970011,0.0],[-38.2977328,-7.997454,0.0]]}},
{"type":"Feature","properties":{"name":"Rua Antônio Baião da Silva","descricao":"Lei 1793 de 13.11.2020 (antiga Rua Projetada)","codigo":"9172","bairro":"AABB","cep":"56912556"},"geometry":{"type":"LineString","coordinates":[[-38.2936316,-7.9971266,0.0],[-38.2951148,-7.9992555,0.0]]}},
{"type":"Feature","properties":{"name":"Rua Conj Hab Ten PM David Jurubeba II","descricao":"Vila Militar","codigo":"365","bairro":"TANCREDO NEVES","cep":""},"geometry":{"type":"LineString","coordinates":[[-38.2834043,-7.9786251,0.0],[-38.2828813,-7.9776794,0.0]]}},
{"type":"Feature","properties":{"name":"Rua Antônio Alves da Silveira","descricao":"Prolongamento","codigo":"","bairro":"SÃO CRISTÓVÃO","cep":""},"geometry":{"type":"LineString","coordinates":[[-38.2907842,-7.9865155,0.0],[-38.2899604,-7.9868124,0.0],[-38.2889254,-7.9872486,0.0]]}},
{"type":"Feature","properties":{"name":"Rua José Joaquim de Lima","descricao":"Prolongamento","codigo":"152","bairro":"NOSSA SENHORA DA PENHA - AABB","cep":"56912290"},"geometry":{"type":"LineString","coordinates":[[-38.2969626,-7.9937204,0.0],[-38.2958455,-7.99459,0.0]]}},
{"type":"Feature","properties":{"name":"Praça Manoel Antônio de Souza","descricao":"Lei 1095 de 15.10.04 (Manoel Totó)","codigo":"","bairro":"NOSSA SENHORA DA PENHA","cep":"56903425"},"geometry":{"type":"LineString","coordinates":[[-38.3009363,-7.9868845,0.0],[-38.3008693,-7.987275,0.0],[-38.3007271,-7.9868314,0.0]]}},
{"type":"Feature","properties":{"name":"Travessa São Tomé","descricao":"","codigo":"213","bairro":"NOSSA SENHORA DE FÁTIMA","cep":""},"geometry":{"type":"LineString","coordinates":[[-38.2857431,-7.9808465,0.0],[-38.2854481,-7.981059,0.0]]}},
{"type":"Feature","properties":{"name":"Travessa Raimundo Targino de Souza","descricao":"Lei 1945 de 07.12.2022 (antiga Travessa Joaquim de Souza Melo)","codigo":"847","bairro":"TANCREDO NEVES","cep":""},"geometry":{"type":"LineString","coordinates":[[-38.28569,-7.9789127,0.0],[-38.2852554,-7.9792155,0.0]]}},
{"type":"Feature","properties":{"name":"Rua José Alfredo de Mendonça Neto","descricao":"Lei 1664 de 11.04.18 (antiga Rua Projetada 02 - Lot. Preto Inácio)","codigo":"1016","bairro":"NOSSA SENHORA DA CONCEIÇÃO","cep":"56912582"},"geometry":{"type":"LineString","coordinates":[[-38.2822394,-7.9905783,0.0],[-38.2809465,-7.9909183,0.0]]}},
{"type":"Feature","properties":{"name":"Rodovia PE-418","descricao":"Estrada para o 7º Distrito - Santa Rita","codigo":"9190","bairro":"CACHOEIRA","cep":""},"geometry":{"type":"LineString","coordinates":[[-38.3259641,-7.9865197,0.0],[-38.3266634,-7.9866722,0.0],[-38.327173,-7.9867546,0.0],[-38.3276236,-7.9867254,0.0],[-38.3281627,-7.986643,0.0],[-38.3293939,-7.9865102,0.0],[-38.3301502,-7.9863774,0.0],[-38.330934,-7.9862209,0.0],[-38.3315911,-7.986128,0.0],[-38.3321222,-7.9860669,0.0],[-38.3326882,-7.9859925,0.0],[-38.3332809,-7.9858517,0.0],[-38.3337181,-7.9857083,0.0],[-38.3341848,-7.9855064,0.0],[-38.3345872,-7.9852992,0.0],[-38.3349332,-7.9850522,0.0],[-38.3352577,-7.9847999,0.0],[-38.3357298,-7.9843828,0.0]]}},
{"type":"Feature","properties":{"name":"Avenida Luciano Alves de Sousa Melo","descricao":"Lei 1335 de 19.09.12 (Via Pública na BR-232)","codigo":"85","bairro":"VILA BELA - CACHOEIRA - VANETE ALMEIDA","cep":"56907320"},"geometry":{"type":"LineString","coordinates":[[-38.3537744,-7.9999867,0.0],[-38.3398368,-7.9934341,0.0],[-38.3329326,-7.9901788,0.0],[-38.3259641,-7.9865197,0.0]]}},
{"type":"Feature","properties":{"name":"Rua José Antunes Nogueira","descricao":"Tio Juca","codigo":"273","bairro":"BOM JESUS","cep":"56906190"},"geometry":{"type":"LineString","coordinates":[[-38.3063143,-7.9882359,0.0],[-38.3061319,-7.9878986,0.0]]}},
{"type":"Feature","properties":{"name":"Travessa Casé Romão","descricao":"Lei 327 de 22.10.72 (antiga Travessa Cônego Torres)","codigo":"11","bairro":"NOSSA SENHORA DA PENHA","cep":"56903412"},"geometry":{"type":"LineString","coordinates":[[-38.3016011,-7.9909596,0.0],[-38.3014697,-7.9904788,0.0]]}},
{"type":"Feature","properties":{"name":"Travessa do Meio","descricao":"","codigo":"268","bairro":"BOM JESUS","cep":""},"geometry":{"type":"LineString","coordinates":[[-38.3069809,-7.9818808,0.0],[-38.3066161,-7.9820056,0.0]]}},
{"type":"Feature","properties":{"name":"Rua Projetada 83","descricao":"Loteamento Morada da Serra II","codigo":"","bairro":"TANCREDO NEVES","cep":""},"geometry":{"type":"LineString","coordinates":[[-38.2592764,-7.9515637,0.0],[-38.257026,-7.9525227,0.0]]}},
{"type":"Feature","properties":{"name":"Avenida Adriano Duque de Godoy Sousa","descricao":"prolongamento do Anel Viário (antiga Rua Projetada - Anel Viário, Loteamento Morada da Serra I e II)","codigo":"","bairro":"TANCREDO NEVES","cep":""},"geometry":{"type":"LineString","coordinates":[[-38.2599794,-7.9520453,0.0],[-38.2579704,-7.9538676,0.0],[-38.2545559,-7.95875,0.0]]}},
{"type":"Feature","properties":{"name":"Avenida Projetada Linha Férrea","descricao":"Loteamento Morada da Serra II","codigo":"9109","bairro":"TANCREDO NEVES","cep":""},"geometry":{"type":"LineString","coordinates":[[-38.2600298,-7.9520164,0.0],[-38.2560375,-7.9491854,0.0]]}},
{"type":"Feature","properties":{"name":"Rua Maria Izabel de Lima","descricao":"Lei 1381 de 15.10.13 (antiga Rua Projetada 05, loteamento Jardim das Oliveiras I) ","codigo":"","bairro":"TANCREDO NEVES","cep":""},"geometry":{"type":"LineString","coordinates":[[-38.2674007,-7.9847064,0.0],[-38.2667033,-7.9819386,0.0]]}},
{"type":"Feature","properties":{"name":"Rua Jorge Manoel da Silva","descricao":"Lei 1398 de 03.01.14 (antiga Rua Projetada 06, loteamento Jardim das Oliveiras I)","codigo":"","bairro":"TANCREDO NEVES","cep":""},"geometry":{"type":"LineString","coordinates":[[-38.2662364,-7.9820019,0.0],[-38.2669713,-7.9847963,0.0]]}},
{"type":"Feature","properties":{"name":"Rua José Tavares de Oliveira","descricao":"Lei 1402 de 03.01.14 (antiga Rua Projetada 07, loteamento Jardim das Oliveiras I)","codigo":"853","bairro":"TANCREDO NEVES","cep":""},"geometry":{"type":"LineString","coordinates":[[-38.2657925,-7.9820848,0.0],[-38.2665006,-7.984911,0.0]]}},
{"type":"Feature","properties":{"name":"Rua Armando Lima do Nascimento","descricao":"Lei 1401 de 03.01.14 (antiga Rua Projetada 08, loteamento Jardim das Oliveiras I)","codigo":"","bairro":"TANCREDO NEVES","cep":""},"geometry":{"type":"LineString","coordinates":[[-38.2660929,-7.9850013,0.0],[-38.2653366,-7.9821698,0.0]]}},
{"type":"Feature","properties":{"name":"Rua Antônio Pedro da Silva","descricao":"Lei 1400 de 03.01.14 (antiga Rua Projetada 09, loteamento Jardim das Oliveiras I)","codigo":"868","bairro":"TANCREDO NEVES","cep":""},"geometry":{"type":"LineString","coordinates":[[-38.264922,-7.9822672,0.0],[-38.2656301,-7.9850934,0.0]]}},
{"type":"Feature","properties":{"name":"Avenida Dona Margarita Elihimas de Carvalho","descricao":"Lei 1981 de 25.07.2023 (Loteamento Quitandinha)","codigo":"984","bairro":"JOSÉ ALVES CARVALHO NUNES","cep":"56904430"},"geometry":{"type":"LineString","coordinates":[[-38.2695176,-7.985956,0.0],[-38.2721194,-7.9961131,0.0]]}},
{"type":"Feature","properties":{"name":"Avenida Edvirges de Souza Magalhães","descricao":"Prolongamento (Loteamento Quitandinha)","codigo":"201","bairro":"JOSÉ ALVES CARVALHO NUNES","cep":""},"geometry":{"type":"LineString","coordinates":[[-38.2765458,-8.0001101,0.0],[-38.276184,-7.9997723,0.0],[-38.2758168,-7.9994425,0.0],[-38.2750289,-7.9988652,0.0],[-38.2733349,-7.997684,0.0],[-38.2667713,-7.989603,0.0]]}},
{"type":"Feature","properties":{"name":"Avenida Doutor Paulo César Elihimas de Carvalho","descricao":"Lei 1982 de 25.07.2023 (Loteamento Quitantinha)","codigo":"2149","bairro":"JOSÉ ALVES CARVALHO NUNES","cep":"56904440"},"geometry":{"type":"LineString","coordinates":[[-38.2743243,-7.9877784,0.0],[-38.2729992,-7.9883787,0.0],[-38.2652262,-7.9898609,0.0]]}},
{"type":"Feature","properties":{"name":"Rua Projetada Pedro Gomes de Lucena","descricao":"Loteamento Quitantinha","codigo":"","bairro":"JOSÉ ALVES CARVALHO NUNES","cep":""},"geometry":{"type":"LineString","coordinates":[[-38.2667631,-7.9865061,0.0],[-38.2674176,-7.9894066,0.0]]}},
{"type":"Feature","properties":{"name":"Rua Projetada José Gomes de Lucena","descricao":"Loteamento Quitandinha","codigo":"979","bairro":"JOSÉ ALVES CARVALHO NUNES","cep":""},"geometry":{"type":"LineString","coordinates":[[-38.2719276,-7.9867949,0.0],[-38.2641599,-7.9882293,0.0]]}},
{"type":"Feature","properties":{"name":"Rua Projetada Professora Maria Alencar Callou de Lucena","descricao":"Loteamento Quitandinha","codigo":"980","bairro":"JOSÉ ALVES CARVALHO NUNES","cep":""},"geometry":{"type":"LineString","coordinates":[[-38.2720671,-7.9873474,0.0],[-38.2643208,-7.9888136,0.0]]}},
{"type":"Feature","properties":{"name":"Rua Projetada Dona Zefinha Gomes de Lucena","descricao":"Loteamento Quitandinha","codigo":"981","bairro":"JOSÉ ALVES CARVALHO NUNES","cep":""},"geometry":{"type":"LineString","coordinates":[[-38.2722279,-7.9880009,0.0],[-38.2644388,-7.9893873,0.0]]}},
{"type":"Feature","properties":{"name":"Largo Nossa Senhora de Fátima","descricao":"Loteamento Quitandinha","codigo":"","bairro":"JOSÉ ALVES CARVALHO NUNES","cep":""},"geometry":{"type":"LineString","coordinates":[[-38.2717132,-7.9855926,0.0],[-38.2723569,-7.9884613,0.0]]}},
{"type":"Feature","properties":{"name":"Rua Projetada Dona Ana Maria Carvalho Callou de Lucena","descricao":"Loteamento Quitandinha","codigo":"987","bairro":"JOSÉ ALVES CARVALHO NUNES","cep":""},"geometry":{"type":"LineString","coordinates":[[-38.2754253,-7.9901134,0.0],[-38.2685052,-7.9914628,0.0]]}},
{"type":"Feature","properties":{"name":"Rua Projetada Doutor Marcos César Elihimas de Carvalho","descricao":"Loteamento Quitandinha","codigo":"988","bairro":"JOSÉ ALVES CARVALHO NUNES","cep":""},"geometry":{"type":"LineString","coordinates":[[-38.2760557,-7.9919666,0.0],[-38.2736364,-7.9925408,0.0],[-38.2729149,-7.992634,0.0],[-38.2697579,-7.9932796,0.0]]}},
{"type":"Feature","properties":{"name":"Rua Projetada Arnaldo Bittencourt Costa","descricao":"Rua Projetada 39 (Loteamento Quitandinha)","codigo":"989","bairro":"JOSÉ ALVES CARVALHO NUNES","cep":""},"geometry":{"type":"LineString","coordinates":[[-38.2764768,-7.9939702,0.0],[-38.2719063,-7.9949476,0.0]]}},
{"type":"Feature","properties":{"name":"Rua Projetada Doutor Augusto César Elihimas de Carvalho","descricao":"Rua Projetada 25 (Loteamento Quitandinha)","codigo":"2196","bairro":"JOSÉ ALVES CARVALHO NUNES","cep":""},"geometry":{"type":"LineString","coordinates":[[-38.270916,-7.9888826,0.0],[-38.2729491,-7.9969573,0.0]]}},
{"type":"Feature","properties":{"name":"Rua Projetada Arnaldo César Elihimas de Carvalho","descricao":"Rua Projetada 24 (Loteamento Quitandinha)","codigo":"994","bairro":"JOSÉ ALVES CARVALHO NUNES","cep":""},"geometry":{"type":"LineString","coordinates":[[-38.271565,-7.988777,0.0],[-38.2734748,-7.9968252,0.0]]}},
{"type":"Feature","properties":{"name":"Rua Projetada Dona Ana Lúcia Carvalho Callou de Lucena","descricao":"Rua Projetada 23 (Loateamento Quitandinha)","codigo":"993","bairro":"JOSÉ ALVES CARVALHO NUNES","cep":""},"geometry":{"type":"LineString","coordinates":[[-38.272198,-7.9886602,0.0],[-38.2741614,-7.9966818,0.0]]}},
{"type":"Feature","properties":{"name":"Rua Projetada Doutor Júlio César Elihimas de Carvalho","descricao":"Rua Projetada 22 (Loteamento Quitandinha)","codigo":"992","bairro":"JOSÉ ALVES CARVALHO NUNES","cep":""},"geometry":{"type":"LineString","coordinates":[[-38.272864,-7.9885106,0.0],[-38.2748167,-7.9964738,0.0]]}},
{"type":"Feature","properties":{"name":"Rua Projetada Dona Iraci Cuchatruz Godoy","descricao":"Rua Projetada 21 (Loteamento Quitandinha)","codigo":"991","bairro":"JOSÉ ALVES CARVALHO NUNES","cep":""},"geometry":{"type":"LineString","coordinates":[[-38.2745472,-7.9923371,0.0],[-38.2755074,-7.9963373,0.0]]}},
{"type":"Feature","properties":{"name":"Rua Projetada Moacir Godoy","descricao":"Loteamento Quitandinha","codigo":"990","bairro":"JOSÉ ALVES CARVALHO NUNES","cep":""},"geometry":{"type":"LineString","coordinates":[[-38.2746373,-7.9902562,0.0],[-38.2750504,-7.9921394,0.0],[-38.2751523,-7.9922536,0.0],[-38.2759838,-7.99587,0.0]]}},
{"type":"Feature","properties":{"name":"Avenida Arnaldo Bittencout Costa","descricao":"Prolongamento sem lei (antiga Avenida Doutor José Alves de Carvalho Nunes)","codigo":"985","bairro":"JOSÉ ALVES CARVALHO NUNES","cep":""},"geometry":{"type":"LineString","coordinates":[[-38.2769352,-7.9956607,0.0],[-38.2757725,-7.9959808,0.0],[-38.2758744,-7.9963208,0.0],[-38.2729562,-7.9970114,0.0]]}},
{"type":"Feature","properties":{"name":"Rua Projetada Enfermeiro Raimundo Valério","descricao":"Loteamento Quitandinha","codigo":"","bairro":"JOSÉ ALVES CARVALHO NUNES","cep":""},"geometry":{"type":"LineString","coordinates":[[-38.2742017,-7.9984303,0.0],[-38.2735741,-7.9996149,0.0]]}},
{"type":"Feature","properties":{"name":"Rua Projetada Antônio Cruz Sampaio (Lot Quitandinha)","descricao":"Loteamento Quitandinha","codigo":"2151","bairro":"JOSÉ ALVES CARVALHO NUNES","cep":""},"geometry":{"type":"LineString","coordinates":[[-38.2706147,-7.9930751,0.0],[-38.2695525,-7.9890749,0.0]]}},
{"type":"Feature","properties":{"name":"Rua Projetada José Rosas de Magalhães","descricao":"Loteamento Quitandinha","codigo":"2152","bairro":"JOSÉ ALVES CARVALHO NUNES","cep":""},"geometry":{"type":"LineString","coordinates":[[-38.2699709,-7.9932345,0.0],[-38.2688712,-7.9892237,0.0]]}},
{"type":"Feature","properties":{"name":"Rua Projetada Geraldo Ferraz de Sá Torres","descricao":"Loteamento Quitandinha","codigo":"983","bairro":"JOSÉ ALVES CARVALHO NUNES","cep":""},"geometry":{"type":"LineString","coordinates":[[-38.2681202,-7.9893724,0.0],[-38.268662,-7.9914017,0.0]]}},
{"type":"Feature","properties":{"name":"Travessa Projetada Jonas de Sá Carvalho","descricao":"","codigo":"7032","bairro":"JOSÉ ALVES CARVALHO NUNES","cep":""},"geometry":{"type":"LineString","coordinates":[[-38.2799153,-7.9948055,0.0],[-38.2790758,-7.9916952,0.0]]}},
{"type":"Feature","properties":{"name":"Travessa Miguel Pereira de Lima","descricao":"Lei 1696 de 01.04.19 (antiga Travessa Joel Nunes da Silva)","codigo":"9057","bairro":"JOSÉ ALVES CARVALHO NUNES","cep":"56904350"},"geometry":{"type":"LineString","coordinates":[[-38.2794795,-7.9948856,0.0],[-38.2786748,-7.9917832,0.0]]}},
{"type":"Feature","properties":{"name":"Travessa Projetada Jerônimo de Albuquerque Neiva ","descricao":"","codigo":"967","bairro":"JOSÉ ALVES CARVALHO NUNES","cep":""},"geometry":{"type":"LineString","coordinates":[[-38.2787875,-7.9937009,0.0],[-38.2783261,-7.9918735,0.0]]}},
{"type":"Feature","properties":{"name":"Rua Projetada B","descricao":"Loteamento Bela Vista","codigo":"8012","bairro":"BOM JESUS","cep":""},"geometry":{"type":"LineString","coordinates":[[-38.3066454,-7.9842072,0.0],[-38.3042261,-7.9854184,0.0]]}},
{"type":"Feature","properties":{"name":"Rua Projetada C","descricao":"Loteamento Bela Vista","codigo":"8018","bairro":"BOM JESUS - NOSSA SENHORA DA PENHA","cep":""},"geometry":{"type":"LineString","coordinates":[[-38.3063879,-7.9837424,0.0],[-38.304096,-7.9849111,0.0],[-38.30357,-7.985033,0.0],[-38.3023248,-7.9848308,0.0]]}},
{"type":"Feature","properties":{"name":"Rua Projetada D","descricao":"Loteamento Bela Vista","codigo":"8017","bairro":"BOM JESUS","cep":""},"geometry":{"type":"LineString","coordinates":[[-38.306076,-7.9833651,0.0],[-38.3040643,-7.9844064,0.0]]}},
{"type":"Feature","properties":{"name":"Rua Anniely Marília Carvalho de Andrada","descricao":"Lei 1556 de 17.08.16 (antiga Rua Projetada E, Loteamento Bela Vista)","codigo":"8016","bairro":"BOM JESUS","cep":"56906496"},"geometry":{"type":"LineString","coordinates":[[-38.3057622,-7.9829374,0.0],[-38.3039892,-7.9838724,0.0]]}},
{"type":"Feature","properties":{"name":"Avenida Projetada Beira Rio","descricao":"Loteamento Bela Vista","codigo":"8022","bairro":"BOM JESUS","cep":""},"geometry":{"type":"LineString","coordinates":[[-38.3043086,-7.9863011,0.0],[-38.3038794,-7.9834563,0.0]]}},
{"type":"Feature","properties":{"name":"Rua Pedro Alves Terto","descricao":"Lei 1763 de 23.06.2020 (antiga Rua Projetada 15, Loteamento Nova Serra II)","codigo":"1002","bairro":"TANCREDO NEVES","cep":"56909298"},"geometry":{"type":"LineString","coordinates":[[-38.2698457,-7.9832113,0.0],[-38.2693736,-7.9813838,0.0]]}},
{"type":"Feature","properties":{"name":"Rua Benedita Nunes de Souza","descricao":"Lei 1764 de 23.06.2020 (antiga Rua Projetada 16, Loteamento Nova Serra II)","codigo":"1003","bairro":"TANCREDO NEVES","cep":"56909312"},"geometry":{"type":"LineString","coordinates":[[-38.2702801,-7.9831263,0.0],[-38.2698027,-7.9813254,0.0]]}},
{"type":"Feature","properties":{"name":"Rua Severino Ramos de Carvalho","descricao":"Lei 2057 de 11.11.2024 (Seu Carvalho da padaria, antiga Rua Projetada 17, Loteamento Nova Serra II)","codigo":"1004","bairro":"TANCREDO NEVES","cep":"56909"},"geometry":{"type":"LineString","coordinates":[[-38.2702533,-7.9812457,0.0],[-38.2707039,-7.9830466,0.0]]}},
{"type":"Feature","properties":{"name":"Rua Manoel Panta de Araújo","descricao":"Lei 2049 de 27.06.2024 (Antiga Rua Projetada 18 - Loteamento Nova Serra II)","codigo":"1005","bairro":"TANCREDO NEVES","cep":""},"geometry":{"type":"LineString","coordinates":[[-38.2706825,-7.9811713,0.0],[-38.27116,-7.9829456,0.0]]}},
{"type":"Feature","properties":{"name":"Rua Projetada 19","descricao":"Loteamento Nova Serra II","codigo":"1006","bairro":"TANCREDO NEVES","cep":""},"geometry":{"type":"LineString","coordinates":[[-38.2711546,-7.9811235,0.0],[-38.2715811,-7.9828022,0.0]]}},
{"type":"Feature","properties":{"name":"Rua Projetada 20","descricao":"Loteamento Nova Serra II","codigo":"1007","bairro":"TANCREDO NEVES","cep":""},"geometry":{"type":"LineString","coordinates":[[-38.2714228,-7.9811023,0.0],[-38.2718184,-7.9827279,0.0]]}},
{"type":"Feature","properties":{"name":"Rua Projetada 21","descricao":"Loteamento Nova Serra II","codigo":"1008","bairro":"TANCREDO NEVES","cep":""},"geometry":{"type":"LineString","coordinates":[[-38.2720505,-7.9816919,0.0],[-38.2721739,-7.9821913,0.0]]}},
{"type":"Feature","properties":{"name":"Rua Projetada","descricao":"Loteamento Jardim das Oliveiras","codigo":"","bairro":"TANCREDO NEVES","cep":""},"geometry":{"type":"LineString","coordinates":[[-38.2651199,-7.9851768,0.0],[-38.2644065,-7.9823824,0.0]]}},
{"type":"Feature","properties":{"name":"Rua Projetada","descricao":"Loteamento Jardim das Oliveiras","codigo":"","bairro":"TANCREDO NEVES","cep":""},"geometry":{"type":"LineString","coordinates":[[-38.2646839,-7.985249,0.0],[-38.2639704,-7.9824652,0.0]]}},
{"type":"Feature","properties":{"name":"Rua Projetada","descricao":"Loteamento Jardim das Oliveiras","codigo":"","bairro":"TANCREDO NEVES","cep":""},"geometry":{"type":"LineString","coordinates":[[-38.2642332,-7.9853286,0.0],[-38.2635359,-7.9825715,0.0]]}},
{"type":"Feature","properties":{"name":"Via Local 42","descricao":"Loteamento Poço da Cruz IV","codigo":"9154","bairro":"VILA BELA","cep":""},"geometry":{"type":"LineString","coordinates":[[-38.3296103,-7.9953869,0.0],[-38.3269013,-7.9926564,0.0]]}},
{"type":"Feature","properties":{"name":"Via Local 44","descricao":"Loteamento Poço da Cruz IV","codigo":"2282","bairro":"VILA BELA","cep":""},"geometry":{"type":"LineString","coordinates":[[-38.3293421,-7.9956391,0.0],[-38.3281278,-7.9944762,0.0],[-38.3269174,-7.9932114,0.0]]}},
{"type":"Feature","properties":{"name":"Via Local 46","descricao":"Loteamento Poço da Cruz IV","codigo":"2296","bairro":"VILA BELA","cep":""},"geometry":{"type":"LineString","coordinates":[[-38.3278854,-7.9947535,0.0],[-38.3266543,-7.9934971,0.0]]}},
{"type":"Feature","properties":{"name":"Via Local 47","descricao":"Loteamento Poço da Cruz IV","codigo":"2297","bairro":"VILA BELA","cep":""},"geometry":{"type":"LineString","coordinates":[[-38.3278752,-7.9960564,0.0],[-38.3279821,-7.9959213,0.0],[-38.3280433,-7.9957324,0.0],[-38.3282172,-7.9953937,0.0],[-38.3278216,-7.9950205,0.0]]}},
{"type":"Feature","properties":{"name":"Via Local 48","descricao":"Loteamento Poço da Cruz IV","codigo":"2298","bairro":"VILA BELA","cep":""},"geometry":{"type":"LineString","coordinates":[[-38.3279986,-7.9956992,0.0],[-38.3264255,-7.9941672,0.0],[-38.3261694,-7.9944096,0.0]]}},
{"type":"Feature","properties":{"name":"Via Local 50","descricao":"Loteamento Poço da Cruz IV","codigo":"2230","bairro":"VILA BELA","cep":""},"geometry":{"type":"LineString","coordinates":[[-38.3269396,-7.9958039,0.0],[-38.3256615,-7.9945715,0.0],[-38.3254456,-7.9947972,0.0]]}},
{"type":"Feature","properties":{"name":"Via Local 51","descricao":"Loteamento Poço do Cruz IV","codigo":"2231","bairro":"VILA BELA","cep":""},"geometry":{"type":"LineString","coordinates":[[-38.3277684,-7.9968212,0.0],[-38.3269208,-7.9959925,0.0]]}},
{"type":"Feature","properties":{"name":"Via Local 52","descricao":"Loteamento Poço da Cruz IV","codigo":"2254","bairro":"VILA BELA","cep":""},"geometry":{"type":"LineString","coordinates":[[-38.326674,-7.996059,0.0],[-38.325424,-7.9948159,0.0]]}},
{"type":"Feature","properties":{"name":"Via Local 53","descricao":"Loteamento Poço da Cruz IV","codigo":"","bairro":"VILA BELA","cep":""},"geometry":{"type":"LineString","coordinates":[[-38.3277254,-7.9968611,0.0],[-38.3274545,-7.9970218,0.0],[-38.326666,-7.9962661,0.0]]}},
{"type":"Feature","properties":{"name":"Via Local 54","descricao":"Loteamento Poço da Cruz IV","codigo":"7025","bairro":"VILA BELA","cep":""},"geometry":{"type":"LineString","coordinates":[[-38.3265184,-7.9962315,0.0],[-38.3262126,-7.995934,0.0],[-38.3259766,-7.9958995,0.0],[-38.3249439,-7.9948928,0.0]]}},
{"type":"Feature","properties":{"name":"Rua Manoel Vieira dos Santos","descricao":"Lei 1698 de 25.04.2019 (Bil Sapateiro, Loteamento Poço da Cruz IV)","codigo":"2295","bairro":"VILA BELA","cep":"56907330"},"geometry":{"type":"LineString","coordinates":[[-38.3284497,-7.9942628,0.0],[-38.3265373,-7.9962947,0.0]]}},
{"type":"Feature","properties":{"name":"Via Local 59","descricao":"Loteamento Poço do Cruz IV","codigo":"7030","bairro":"VILA BELA","cep":""},"geometry":{"type":"LineString","coordinates":[[-38.3250301,-7.9977643,0.0],[-38.3238137,-7.998326,0.0],[-38.323685,-7.9980339,0.0]]}},
{"type":"Feature","properties":{"name":"Via Local 60","descricao":"Loteamento Poço da Cruz IV","codigo":"7029","bairro":"VILA BELA","cep":""},"geometry":{"type":"LineString","coordinates":[[-38.3231485,-7.998249,0.0],[-38.3249053,-7.9973884,0.0],[-38.3251844,-7.9969953,0.0]]}},
{"type":"Feature","properties":{"name":"Via Local 57","descricao":"Loteamento Poço da Cruz IV","codigo":"","bairro":"VILA BELA","cep":""},"geometry":{"type":"LineString","coordinates":[[-38.3251574,-7.9969541,0.0],[-38.3247042,-7.9964668,0.0]]}},
{"type":"Feature","properties":{"name":"Rua Laura Alves de Lima","descricao":"Lei 2003 de 11.10.2023 ( antiga Rua Projetada Paralela a Avenida Souza Guerra)","codigo":"1413","bairro":"JOSÉ TOMÉ DE SOUZA ","cep":""},"geometry":{"type":"LineString","coordinates":[[-38.2854946,-7.9764944,0.0],[-38.2854088,-7.9764353,0.0],[-38.2852975,-7.9763828,0.0],[-38.2850964,-7.976331,0.0]]}},
{"type":"Feature","properties":{"name":"Rua Projetada 02","descricao":"Loteamento Morada da Serra I","codigo":"","bairro":"TANCREDO NEVES","cep":""},"geometry":{"type":"LineString","coordinates":[[-38.2627165,-7.9569024,0.0],[-38.2649842,-7.9561633,0.0]]}},
{"type":"Feature","properties":{"name":"Rua Projetada 28","descricao":"Loteamento Morada da Serra I","codigo":"","bairro":"TANCREDO NEVES","cep":""},"geometry":{"type":"LineString","coordinates":[[-38.2625582,-7.9569539,0.0],[-38.2611702,-7.957444,0.0],[-38.2608925,-7.9575781,0.0],[-38.2595488,-7.9587948,0.0]]}},
{"type":"Feature","properties":{"name":"Rua Projetada 01","descricao":"Loteamento Morada da Serra I","codigo":"","bairro":"TANCREDO NEVES","cep":""},"geometry":{"type":"LineString","coordinates":[[-38.2649216,-7.9561216,0.0],[-38.2629004,-7.9539996,0.0]]}},
{"type":"Feature","properties":{"name":"Avenida Projetada 02","descricao":"Loteamento Morada da Serra I","codigo":"","bairro":"TANCREDO NEVES","cep":""},"geometry":{"type":"LineString","coordinates":[[-38.2650077,-7.9557884,0.0],[-38.2646,-7.9557911,0.0],[-38.2603675,-7.9561922,0.0],[-38.2602696,-7.9562093,0.0],[-38.2601972,-7.9562359,0.0],[-38.2588347,-7.957155,0.0]]}},
{"type":"Feature","properties":{"name":"Avenida Projetada 01","descricao":"Loteamento Morada da Serra I","codigo":"","bairro":"TANCREDO NEVES","cep":""},"geometry":{"type":"LineString","coordinates":[[-38.2648035,-7.9555301,0.0],[-38.2647821,-7.9556125,0.0],[-38.2647338,-7.9556736,0.0],[-38.2645112,-7.9557081,0.0],[-38.2601821,-7.9561012,0.0],[-38.2586264,-7.9571877,0.0],[-38.2559388,-7.9598228,0.0]]}},
{"type":"Feature","properties":{"name":"Rua Projetada 03","descricao":"Loteamento Morada da Serra I","codigo":"","bairro":"TANCREDO NEVES","cep":""},"geometry":{"type":"LineString","coordinates":[[-38.2642811,-7.9558546,0.0],[-38.2643213,-7.9563407,0.0]]}},
{"type":"Feature","properties":{"name":"Rua Projetada 04","descricao":"Loteamento Morada da Serra I","codigo":"","bairro":"TANCREDO NEVES","cep":""},"geometry":{"type":"LineString","coordinates":[[-38.2638359,-7.9559024,0.0],[-38.2638814,-7.9564868,0.0]]}},
{"type":"Feature","properties":{"name":"Rua Projetada 05","descricao":"Loteamento Morada da Serra I","codigo":"","bairro":"TANCREDO NEVES","cep":""},"geometry":{"type":"LineString","coordinates":[[-38.2633745,-7.9559449,0.0],[-38.2634469,-7.9566329,0.0]]}},
{"type":"Feature","properties":{"name":"Rua Projetada 06","descricao":"Loteamento Morada da Serra I","codigo":"7136","bairro":"TANCREDO NEVES","cep":""},"geometry":{"type":"LineString","coordinates":[[-38.2633879,-7.9563747,0.0],[-38.2627844,-7.9564119,0.0]]}},
{"type":"Feature","properties":{"name":"Rua Projetada 19","descricao":"Loteamento Morada da Serra I","codigo":"","bairro":"TANCREDO NEVES","cep":""},"geometry":{"type":"LineString","coordinates":[[-38.2625913,-7.9568953,0.0],[-38.2625993,-7.9560187,0.0]]}},
{"type":"Feature","properties":{"name":"Rua Projetada 20","descricao":"Loteamento Morada da Serra I","codigo":"","bairro":"TANCREDO NEVES","cep":""},"geometry":{"type":"LineString","coordinates":[[-38.262112,-7.957068,0.0],[-38.2621388,-7.9560665,0.0]]}},
{"type":"Feature","properties":{"name":"Rua Projetada 21","descricao":"Loteamento Morada da Serra I","codigo":"","bairro":"TANCREDO NEVES","cep":""},"geometry":{"type":"LineString","coordinates":[[-38.2616855,-7.9560957,0.0],[-38.2616507,-7.9572407,0.0]]}},
{"type":"Feature","properties":{"name":"Rua Projetada 22","descricao":"Loteamento Morada da Serra I","codigo":"","bairro":"TANCREDO NEVES","cep":""},"geometry":{"type":"LineString","coordinates":[[-38.2612334,-7.9561591,0.0],[-38.2611824,-7.9574129,0.0]]}},
{"type":"Feature","properties":{"name":"Rua Projetada 23","descricao":"Loteamento Morada da Serra I","codigo":"","bairro":"TANCREDO NEVES","cep":""},"geometry":{"type":"LineString","coordinates":[[-38.260773,-7.9562076,0.0],[-38.2607382,-7.9576527,0.0]]}},
{"type":"Feature","properties":{"name":"Rua Projetada 24","descricao":"Loteamento Morada da Serra I","codigo":"","bairro":"TANCREDO NEVES","cep":""},"geometry":{"type":"LineString","coordinates":[[-38.2603211,-7.9562364,0.0],[-38.2602808,-7.95808,0.0]]}},
{"type":"Feature","properties":{"name":"Rua Projetada 25","descricao":"Loteamento Morada da Serra I","codigo":"","bairro":"TANCREDO NEVES","cep":""},"geometry":{"type":"LineString","coordinates":[[-38.2598544,-7.9565127,0.0],[-38.2598034,-7.9585262,0.0]]}},
{"type":"Feature","properties":{"name":"Rua Projetada 26","descricao":"Loteamento Morada da Serra I","codigo":"","bairro":"TANCREDO NEVES","cep":""},"geometry":{"type":"LineString","coordinates":[[-38.2594118,-7.9568102,0.0],[-38.2593608,-7.9585634,0.0]]}},
{"type":"Feature","properties":{"name":"Rua Projetada 27","descricao":"Loteamento Morada da Serra I","codigo":"","bairro":"TANCREDO NEVES","cep":""},"geometry":{"type":"LineString","coordinates":[[-38.258831,-7.9571966,0.0],[-38.2591233,-7.9590294,0.0]]}},
{"type":"Feature","properties":{"name":"Rua Projetada 44","descricao":"Loteamento Morada da Serra I","codigo":"","bairro":"TANCREDO NEVES","cep":""},"geometry":{"type":"LineString","coordinates":[[-38.2587885,-7.9574852,0.0],[-38.2562431,-7.9600008,0.0]]}},
{"type":"Feature","properties":{"name":"Rua Projetada 42","descricao":"Loteamento Morada da Serra I","codigo":"","bairro":"TANCREDO NEVES","cep":""},"geometry":{"type":"LineString","coordinates":[[-38.2589172,-7.9579806,0.0],[-38.2566079,-7.960289,0.0]]}},
{"type":"Feature","properties":{"name":"Rua Projetada 40","descricao":"Loteamento Morada da Serra I","codigo":"","bairro":"TANCREDO NEVES","cep":""},"geometry":{"type":"LineString","coordinates":[[-38.2590115,-7.9585398,0.0],[-38.2569962,-7.9605389,0.0]]}},
{"type":"Feature","properties":{"name":"Rua Projetada 38","descricao":"Loteamento Morada da Serra I","codigo":"","bairro":"TANCREDO NEVES","cep":""},"geometry":{"type":"LineString","coordinates":[[-38.2597446,-7.9590793,0.0],[-38.25769,-7.9610689,0.0]]}},
{"type":"Feature","properties":{"name":"Rua Projetada 45","descricao":"Loteamento Morada da Serra I","codigo":"","bairro":"TANCREDO NEVES","cep":""},"geometry":{"type":"LineString","coordinates":[[-38.2549865,-7.959121,0.0],[-38.2589427,-7.9620403,0.0]]}},
{"type":"Feature","properties":{"name":"Rua Projetada 75","descricao":"Loteamento Morada da Serra I","codigo":"","bairro":"TANCREDO NEVES","cep":""},"geometry":{"type":"LineString","coordinates":[[-38.2517973,-7.9568126,0.0],[-38.2545065,-7.9587757,0.0]]}},
{"type":"Feature","properties":{"name":"Rua Projetada 39","descricao":"Loteamento Morada da Serra I","codigo":"","bairro":"TANCREDO NEVES","cep":""},"geometry":{"type":"LineString","coordinates":[[-38.2573375,-7.9608269,0.0],[-38.2591292,-7.9590896,0.0]]}},
{"type":"Feature","properties":{"name":"Rua Projetada 29","descricao":"Loteamento Morada da Serra I","codigo":"","bairro":"TANCREDO NEVES","cep":""},"geometry":{"type":"LineString","coordinates":[[-38.2593883,-7.9586742,0.0],[-38.2610889,-7.9604381,0.0]]}},
{"type":"Feature","properties":{"name":"Rua Projetada 32","descricao":"Loteamento Morada da Serra I","codigo":"","bairro":"TANCREDO NEVES","cep":""},"geometry":{"type":"LineString","coordinates":[[-38.258787,-7.9618844,0.0],[-38.2606831,-7.9600494,0.0]]}},
{"type":"Feature","properties":{"name":"Rua Projetada 43","descricao":"Loteamento Morada da Serra I","codigo":"","bairro":"TANCREDO NEVES","cep":""},"geometry":{"type":"LineString","coordinates":[[-38.2575603,-7.9587402,0.0],[-38.2583965,-7.9597242,0.0]]}},
{"type":"Feature","properties":{"name":"Rua Projetada 34","descricao":"Loteamento Morada da Serra I","codigo":"","bairro":"TANCREDO NEVES","cep":""},"geometry":{"type":"LineString","coordinates":[[-38.2584448,-7.95978,0.0],[-38.259572,-7.9611043,0.0]]}},
{"type":"Feature","properties":{"name":"Rua Projetada 31","descricao":"Loteamento Morada da Serra I","codigo":"","bairro":"TANCREDO NEVES","cep":""},"geometry":{"type":"LineString","coordinates":[[-38.2590573,-7.9598024,0.0],[-38.2599263,-7.9607534,0.0]]}},
{"type":"Feature","properties":{"name":"Rua Projetada 30","descricao":"Loteamento Morada da Serra I","codigo":"","bairro":"TANCREDO NEVES","cep":""},"geometry":{"type":"LineString","coordinates":[[-38.2593746,-7.9594826,0.0],[-38.2602597,-7.9604282,0.0]]}},
{"type":"Feature","properties":{"name":"Rua Projetada 33","descricao":"Loteamento Morada da Serra I","codigo":"","bairro":"TANCREDO NEVES","cep":""},"geometry":{"type":"LineString","coordinates":[[-38.2595671,-7.9604007,0.0],[-38.2592533,-7.9607036,0.0]]}},
{"type":"Feature","properties":{"name":"Rua Projetada 35","descricao":"Loteamento Morada da Serra I","codigo":"","bairro":"TANCREDO NEVES","cep":""},"geometry":{"type":"LineString","coordinates":[[-38.258403,-7.9604114,0.0],[-38.2592506,-7.9613969,0.0]]}},
{"type":"Feature","properties":{"name":"Rua Projetada 41","descricao":"Loteamento Morada da Serra I","codigo":"","bairro":"TANCREDO NEVES","cep":""},"geometry":{"type":"LineString","coordinates":[[-38.2569224,-7.9593825,0.0],[-38.2577861,-7.9603521,0.0]]}},
{"type":"Feature","properties":{"name":"Rua Projetada 36","descricao":"Loteamento Morada da Serra I","codigo":"","bairro":"TANCREDO NEVES","cep":""},"geometry":{"type":"LineString","coordinates":[[-38.257821,-7.9603919,0.0],[-38.2589434,-7.9617021,0.0]]}},
{"type":"Feature","properties":{"name":"Rua Projetada 12","descricao":"Loteamento Morada da Serra I","codigo":"","bairro":"TANCREDO NEVES","cep":""},"geometry":{"type":"LineString","coordinates":[[-38.2602305,-7.9560571,0.0],[-38.2626793,-7.9541552,0.0]]}},
{"type":"Feature","properties":{"name":"Rua Projetada 14","descricao":"Loteamento Morada da Serra I","codigo":"","bairro":"TANCREDO NEVES","cep":""},"geometry":{"type":"LineString","coordinates":[[-38.2626022,-7.9558641,0.0],[-38.2627095,-7.9541853,0.0]]}},
{"type":"Feature","properties":{"name":"Rua Projetada 07","descricao":"Loteamento Morada da Serra I","codigo":"","bairro":"TANCREDO NEVES","cep":""},"geometry":{"type":"LineString","coordinates":[[-38.2641322,-7.9553556,0.0],[-38.2641188,-7.9557222,0.0]]}},
{"type":"Feature","properties":{"name":"Rua Projetada 08","descricao":"Loteamento Morada da Serra I","codigo":"","bairro":"TANCREDO NEVES","cep":""},"geometry":{"type":"LineString","coordinates":[[-38.263678,-7.9551078,0.0],[-38.2636619,-7.9557719,0.0]]}},
{"type":"Feature","properties":{"name":"Rua Projetada 09","descricao":"Loteamento Morada da Serra I","codigo":"","bairro":"TANCREDO NEVES","cep":""},"geometry":{"type":"LineString","coordinates":[[-38.2632059,-7.9558012,0.0],[-38.2632327,-7.9551264,0.0]]}},
{"type":"Feature","properties":{"name":"Rua Projetada 10","descricao":"Loteamento Morada da Serra I","codigo":"","bairro":"TANCREDO NEVES","cep":""},"geometry":{"type":"LineString","coordinates":[[-38.263847,-7.9550414,0.0],[-38.2627955,-7.9551397,0.0]]}},
{"type":"Feature","properties":{"name":"Rua Projetada 13","descricao":"Loteamento Morada da Serra I","codigo":"","bairro":"TANCREDO NEVES","cep":""},"geometry":{"type":"LineString","coordinates":[[-38.2626063,-7.9551557,0.0],[-38.2612839,-7.9552938,0.0]]}},
{"type":"Feature","properties":{"name":"Rua Projetada 11","descricao":"Loteamento Morada da Serra I","codigo":"","bairro":"TANCREDO NEVES","cep":""},"geometry":{"type":"LineString","coordinates":[[-38.2626331,-7.9547178,0.0],[-38.2618633,-7.9548134,0.0]]}},
{"type":"Feature","properties":{"name":"Rua Projetada 15","descricao":"Loteamento Morada da Serra I","codigo":"","bairro":"TANCREDO NEVES","cep":""},"geometry":{"type":"LineString","coordinates":[[-38.2621422,-7.9559026,0.0],[-38.2621717,-7.9552438,0.0]]}},
{"type":"Feature","properties":{"name":"Rua Projetada 16","descricao":"Loteamento Morada da Serra I","codigo":"","bairro":"TANCREDO NEVES","cep":""},"geometry":{"type":"LineString","coordinates":[[-38.2616916,-7.9559477,0.0],[-38.2617077,-7.9552836,0.0]]}},
{"type":"Feature","properties":{"name":"Rua Projetada 17","descricao":"Loteamento Morada da Serra I","codigo":"","bairro":"TANCREDO NEVES","cep":""},"geometry":{"type":"LineString","coordinates":[[-38.2612354,-7.9559684,0.0],[-38.2612676,-7.9553362,0.0]]}},
{"type":"Feature","properties":{"name":"Rua Projetada 18","descricao":"Loteamento Morada da Serra I","codigo":"","bairro":"TANCREDO NEVES","cep":""},"geometry":{"type":"LineString","coordinates":[[-38.2607743,-7.9560162,0.0],[-38.2607851,-7.9556549,0.0]]}},
{"type":"Feature","properties":{"name":"Rua Projetada 76","descricao":"Loteamento Morada da Serra I","codigo":"","bairro":"TANCREDO NEVES","cep":""},"geometry":{"type":"LineString","coordinates":[[-38.2518334,-7.9567387,0.0],[-38.2571524,-7.9528343,0.0]]}},
{"type":"Feature","properties":{"name":"Rua Projetada 59","descricao":"Loteamento Morada da Serra I e II","codigo":"","bairro":"TANCREDO NEVES","cep":""},"geometry":{"type":"LineString","coordinates":[[-38.2559774,-7.9510529,0.0],[-38.2579353,-7.9538314,0.0]]}},
{"type":"Feature","properties":{"name":"Rua Projetada 58","descricao":"Loteamento Morada da Serra I","codigo":"","bairro":"TANCREDO NEVES","cep":""},"geometry":{"type":"LineString","coordinates":[[-38.2596784,-7.9563702,0.0],[-38.2582595,-7.9542822,0.0]]}},
{"type":"Feature","properties":{"name":"Avenida Projetada 03","descricao":"Loteamento Morada da Serra I","codigo":"","bairro":"TANCREDO NEVES","cep":""},"geometry":{"type":"LineString","coordinates":[[-38.2586797,-7.9549631,0.0],[-38.2553565,-7.9593701,0.0]]}},
{"type":"Feature","properties":{"name":"Avenida Projetada 04","descricao":"Loteamento Morada da Serra I","codigo":"","bairro":"TANCREDO NEVES","cep":""},"geometry":{"type":"LineString","coordinates":[[-38.2577803,-7.9537232,0.0],[-38.2542639,-7.9585366,0.0]]}},
{"type":"Feature","properties":{"name":"Rua Projetada 67","descricao":"Loteamento Morada da Serra I","codigo":"","bairro":"TANCREDO NEVES","cep":""},"geometry":{"type":"LineString","coordinates":[[-38.2558486,-7.9568438,0.0],[-38.2544298,-7.954894,0.0]]}},
{"type":"Feature","properties":{"name":"Rua Projetada 68","descricao":"Loteamento Morada da Serra I","codigo":"","bairro":"TANCREDO NEVES","cep":""},"geometry":{"type":"LineString","coordinates":[[-38.2549018,-7.9556537,0.0],[-38.2525761,-7.9573214,0.0]]}},
{"type":"Feature","properties":{"name":"Rua Projetada 50","descricao":"Loteamento Morada da Serra I","codigo":"","bairro":"TANCREDO NEVES","cep":""},"geometry":{"type":"LineString","coordinates":[[-38.2575293,-7.9587044,0.0],[-38.2573282,-7.9584654,0.0],[-38.2563331,-7.9571132,0.0]]}},
{"type":"Feature","properties":{"name":"Rua Projetada 57","descricao":"Loteamento Morada da Serra I","codigo":"","bairro":"TANCREDO NEVES","cep":""},"geometry":{"type":"LineString","coordinates":[[-38.2579639,-7.9547019,0.0],[-38.2593104,-7.9566756,0.0]]}},
{"type":"Feature","properties":{"name":"Rua Projetada 56","descricao":"Loteamento Morada da Serra I","codigo":"","bairro":"TANCREDO NEVES","cep":""},"geometry":{"type":"LineString","coordinates":[[-38.2577075,-7.9550823,0.0],[-38.2589332,-7.9569258,0.0]]}},
{"type":"Feature","properties":{"name":"Rua Projetada 55","descricao":"Loteamento Morada da Serra I","codigo":"","bairro":"TANCREDO NEVES","cep":""},"geometry":{"type":"LineString","coordinates":[[-38.2585845,-7.9571596,0.0],[-38.2574393,-7.9554595,0.0]]}},
{"type":"Feature","properties":{"name":"Rua Projetada 53","descricao":"Loteamento Morada da Serra I","codigo":"","bairro":"TANCREDO NEVES","cep":""},"geometry":{"type":"LineString","coordinates":[[-38.2571585,-7.9558688,0.0],[-38.2582689,-7.9574865,0.0]]}},
{"type":"Feature","properties":{"name":"Rua Projetada 54","descricao":"Loteamento Morada da Serra I","codigo":"","bairro":"TANCREDO NEVES","cep":""},"geometry":{"type":"LineString","coordinates":[[-38.2581402,-7.9565359,0.0],[-38.2578076,-7.9567856,0.0]]}},
{"type":"Feature","properties":{"name":"Rua Projetada 52","descricao":"Loteamento Morada da Serra I","codigo":"","bairro":"TANCREDO NEVES","cep":""},"geometry":{"type":"LineString","coordinates":[[-38.2579425,-7.9578007,0.0],[-38.2568777,-7.9563131,0.0]]}},
{"type":"Feature","properties":{"name":"Rua Projetada 51","descricao":"Loteamento Morada da Serra I","codigo":"","bairro":"TANCREDO NEVES","cep":""},"geometry":{"type":"LineString","coordinates":[[-38.2566018,-7.9567061,0.0],[-38.2576397,-7.9581246,0.0]]}},
{"type":"Feature","properties":{"name":"Rua Projetada 49","descricao":"Loteamento Morada da Serra I","codigo":"","bairro":"TANCREDO NEVES","cep":""},"geometry":{"type":"LineString","coordinates":[[-38.2569472,-7.958767,0.0],[-38.2560567,-7.9575211,0.0]]}},
{"type":"Feature","properties":{"name":"Rua Projetada 48","descricao":"Loteamento Morada da Serra I","codigo":"","bairro":"TANCREDO NEVES","cep":""},"geometry":{"type":"LineString","coordinates":[[-38.2558056,-7.957922,0.0],[-38.2566479,-7.9590935,0.0]]}},
{"type":"Feature","properties":{"name":"Rua Projetada 47","descricao":"Loteamento Morada da Serra I","codigo":"","bairro":"TANCREDO NEVES","cep":""},"geometry":{"type":"LineString","coordinates":[[-38.2555311,-7.9583372,0.0],[-38.2563331,-7.959413,0.0]]}},
{"type":"Feature","properties":{"name":"Rua Projetada 46","descricao":"Loteamento Morada da Serra I","codigo":"","bairro":"TANCREDO NEVES","cep":""},"geometry":{"type":"LineString","coordinates":[[-38.2559952,-7.9597183,0.0],[-38.2552576,-7.9587302,0.0]]}},
{"type":"Feature","properties":{"name":"Rua Projetada 69","descricao":"Loteamento Morada da Serra I","codigo":"","bairro":"TANCREDO NEVES","cep":""},"geometry":{"type":"LineString","coordinates":[[-38.2540677,-7.9551458,0.0],[-38.2555779,-7.9572283,0.0]]}},
{"type":"Feature","properties":{"name":"Rua Projetada 70","descricao":"Loteamento Morada da Serra I","codigo":"","bairro":"TANCREDO NEVES","cep":""},"geometry":{"type":"LineString","coordinates":[[-38.2538371,-7.9553078,0.0],[-38.255425,-7.9574754,0.0]]}},
{"type":"Feature","properties":{"name":"Rua Projetada 71","descricao":"Loteamento Morada da Serra I","codigo":"","bairro":"TANCREDO NEVES","cep":""},"geometry":{"type":"LineString","coordinates":[[-38.2534374,-7.9555974,0.0],[-38.2551594,-7.9578499,0.0]]}},
{"type":"Feature","properties":{"name":"Rua Projetada 72","descricao":"Loteamento Morada da Serra I","codigo":"","bairro":"TANCREDO NEVES","cep":""},"geometry":{"type":"LineString","coordinates":[[-38.2548725,-7.9582564,0.0],[-38.2530513,-7.9558842,0.0]]}},
{"type":"Feature","properties":{"name":"Rua Projetada 73","descricao":"Loteamento Morada da Serra I","codigo":"","bairro":"TANCREDO NEVES","cep":""},"geometry":{"type":"LineString","coordinates":[[-38.2527541,-7.95612,0.0],[-38.254578,-7.9586382,0.0]]}},
{"type":"Feature","properties":{"name":"Rua Projetada 74","descricao":"Loteamento Morada da Serra I","codigo":"","bairro":"TANCREDO NEVES","cep":""},"geometry":{"type":"LineString","coordinates":[[-38.2523672,-7.9564136,0.0],[-38.2533785,-7.957771,0.0]]}},
{"type":"Feature","properties":{"name":"Rua Projetada 60","descricao":"Loteamento Morada da Serra I","codigo":"","bairro":"TANCREDO NEVES","cep":""},"geometry":{"type":"LineString","coordinates":[[-38.2576418,-7.9542899,0.0],[-38.2568157,-7.9531263,0.0]]}},
{"type":"Feature","properties":{"name":"Rua Projetada 61","descricao":"Loteamento Morada da Serra I","codigo":"","bairro":"TANCREDO NEVES","cep":""},"geometry":{"type":"LineString","coordinates":[[-38.257387,-7.9546751,0.0],[-38.2564402,-7.9533946,0.0]]}},
{"type":"Feature","properties":{"name":"Rua Projetada 62","descricao":"Loteamento Morada da Serra I","codigo":"","bairro":"TANCREDO NEVES","cep":""},"geometry":{"type":"LineString","coordinates":[[-38.2571241,-7.9550656,0.0],[-38.2560968,-7.9536549,0.0]]}},
{"type":"Feature","properties":{"name":"Rua Projetada 63","descricao":"Loteamento Morada da Serra I","codigo":"","bairro":"TANCREDO NEVES","cep":""},"geometry":{"type":"LineString","coordinates":[[-38.2558711,-7.9538243,0.0],[-38.2569386,-7.9552854,0.0]]}},
{"type":"Feature","properties":{"name":"Rua Projetada 64","descricao":"Loteamento Morada da Serra I","codigo":"","bairro":"TANCREDO NEVES","cep":""},"geometry":{"type":"LineString","coordinates":[[-38.2566784,-7.9556625,0.0],[-38.2555171,-7.954082,0.0]]}},
{"type":"Feature","properties":{"name":"Rua Projetada 65","descricao":"Loteamento Morada da Serra I","codigo":"","bairro":"TANCREDO NEVES","cep":""},"geometry":{"type":"LineString","coordinates":[[-38.2551439,-7.9543575,0.0],[-38.2563724,-7.9560845,0.0]]}},
{"type":"Feature","properties":{"name":"Rua Projetada 66","descricao":"Loteamento Morada da Serra I","codigo":"","bairro":"TANCREDO NEVES","cep":""},"geometry":{"type":"LineString","coordinates":[[-38.2556937,-7.9550755,0.0],[-38.256018,-7.9548165,0.0]]}},
{"type":"Feature","properties":{"name":"Travessa Capitão Manoel Inácio de Medeiros","descricao":"","codigo":"304","bairro":"BOM JESUS","cep":""},"geometry":{"type":"LineString","coordinates":[[-38.3094766,-7.9896869,0.0],[-38.3093828,-7.9892924,0.0],[-38.3093117,-7.9892386,0.0],[-38.309187,-7.9888979,0.0]]}},
{"type":"Feature","properties":{"name":"Rua Projetada 02","descricao":"Parcelamento Adauto Carvalho","codigo":"9047","bairro":"JOSÉ ALVES CARVALHO NUNES","cep":""},"geometry":{"type":"LineString","coordinates":[[-38.2781933,-7.9929797,0.0],[-38.2772814,-7.9932135,0.0]]}},
{"type":"Feature","properties":{"name":"Rua Espedito de Sá Nogueira","descricao":"Lei 1723 de 25.09.19 (Espedito de Venâncio, antiga Rua Projetada 03 - Parcel. Adauto Carvalho)","codigo":"9045","bairro":"JOSÉ ALVES CARVALHO NUNES","cep":"56904370"},"geometry":{"type":"LineString","coordinates":[[-38.2783194,-7.9933994,0.0],[-38.2773887,-7.9936464,0.0]]}},
{"type":"Feature","properties":{"name":"Rua Projetada 04","descricao":"Parcelamento Adauto Carvalho","codigo":"9050","bairro":"JOSÉ ALVES CARVALHO NUNES","cep":""},"geometry":{"type":"LineString","coordinates":[[-38.2784334,-7.9938355,0.0],[-38.2775295,-7.9940719,0.0]]}},
{"type":"Feature","properties":{"name":"Rua Projetada 05","descricao":"Parcelamento Adauto Carvalho","codigo":"9052","bairro":"JOSÉ ALVES CARVALHO NUNES","cep":""},"geometry":{"type":"LineString","coordinates":[[-38.2785589,-7.9942083,0.0],[-38.2776228,-7.9944553,0.0]]}},
{"type":"Feature","properties":{"name":"Rua Projetada Joaquim Rosas Maçaroca","descricao":"Loteamento Quitandinha","codigo":"969","bairro":"JOSÉ ALVES CARVALHO NUNES","cep":""},"geometry":{"type":"LineString","coordinates":[[-38.2787332,-7.9948257,0.0],[-38.2777569,-7.995001,0.0]]}},
{"type":"Feature","properties":{"name":"Rua Projetada 06","descricao":"Parcelamento Adauto Carvalho","codigo":"9158","bairro":"JOSÉ ALVES CARVALHO NUNES","cep":""},"geometry":{"type":"LineString","coordinates":[[-38.2779795,-7.9943977,0.0],[-38.278119,-7.994921,0.0]]}},
{"type":"Feature","properties":{"name":"Rua Maria Deusa Alencar de Souza","descricao":"Lei 1697 de 01.04.19 (antiga Rua Projetada Centro Empresarial, Empresarial H&M)","codigo":"7045","bairro":"NOSSA SENHORA DA PENHA","cep":"56906497"},"geometry":{"type":"LineString","coordinates":[[-38.3016352,-7.986788,0.0],[-38.3018337,-7.9848569,0.0]]}},
{"type":"Feature","properties":{"name":"Rua Projetada do Empreendedor II","descricao":"Empresarial H&M","codigo":"","bairro":"NOSSA SENHORA DA PENHA","cep":"0"},"geometry":{"type":"LineString","coordinates":[[-38.3023248,-7.9848308,0.0],[-38.3012999,-7.9847693,0.0]]}},
{"type":"Feature","properties":{"name":"Rua Projetada do Empreendedor I","descricao":"Empresarial H&M","codigo":"7044","bairro":"NOSSA SENHORA DA PENHA","cep":"0"},"geometry":{"type":"LineString","coordinates":[[-38.3017121,-7.9857498,0.0],[-38.3011944,-7.9856993,0.0]]}},
{"type":"Feature","properties":{"name":"Rua Projetada A","descricao":"Loteamento Bela Vista","codigo":"8019","bairro":"BOM JESUS","cep":""},"geometry":{"type":"LineString","coordinates":[[-38.3068767,-7.9846649,0.0],[-38.3043125,-7.9859133,0.0]]}},
{"type":"Feature","properties":{"name":"Rua Valdeci Lopes Barros","descricao":"Lei 1548 de 29.06.16 (antiga Rua Projetada F, Loteamento Bela Vista)","codigo":"8003","bairro":"BOM JESUS","cep":"56906498"},"geometry":{"type":"LineString","coordinates":[[-38.3038941,-7.9834221,0.0],[-38.3054712,-7.9825933,0.0]]}},
{"type":"Feature","properties":{"name":"Travessa Projetada B","descricao":"Loteamento Bela Vista","codigo":"","bairro":"BOM JESUS","cep":""},"geometry":{"type":"LineString","coordinates":[[-38.30654,-7.9847858,0.0],[-38.3063549,-7.9844378,0.0]]}},
{"type":"Feature","properties":{"name":"Travessa Projetada A","descricao":"Loteamento Bela Vista","codigo":"9230","bairro":"BOM JESUS","cep":""},"geometry":{"type":"LineString","coordinates":[[-38.3060517,-7.9856531,0.0],[-38.3058438,-7.9852361,0.0]]}},
{"type":"Feature","properties":{"name":"Rua Maria Helena de Lima","descricao":"Lei 1789 de 28.10.2020 (antiga Rua Projetada 04 - Loteamento Lions Club)","codigo":"9205","bairro":"AABB","cep":"56912538"},"geometry":{"type":"LineString","coordinates":[[-38.2918727,-7.9996088,0.0],[-38.2923408,-8.0012038,0.0]]}},
{"type":"Feature","properties":{"name":"Rua Ulisses Correia de Melo","descricao":"Lei 1888 de 29.12.2021 (Antiga rua projetada 08, Loteamento Lions Club)","codigo":"","bairro":"AABB","cep":""},"geometry":{"type":"LineString","coordinates":[[-38.2917729,-8.0003654,0.0],[-38.2933916,-8.0000148,0.0]]}},
{"type":"Feature","properties":{"name":"Rua Helena Ângelo da Silva","descricao":"Lei 1889 de 29.12.2021 (Antiga Rua Projetada 07, Loteamento Lions Club)","codigo":"9197","bairro":"AABB","cep":""},"geometry":{"type":"LineString","coordinates":[[-38.2920351,-8.0013193,0.0],[-38.2938845,-8.0008,0.0]]}},
{"type":"Feature","properties":{"name":"Rua Projetada 84","descricao":"Loteamento Morada da Serra II","codigo":"9108","bairro":"TANCREDO NEVES","cep":""},"geometry":{"type":"LineString","coordinates":[[-38.2588119,-7.951247,0.0],[-38.2567654,-7.9521528,0.0]]}},
{"type":"Feature","properties":{"name":"Rua Projetada 85","descricao":"Loteamento Morada da Serra II","codigo":"","bairro":"TANCREDO NEVES","cep":""},"geometry":{"type":"LineString","coordinates":[[-38.2583774,-7.9509255,0.0],[-38.2565374,-7.9517809,0.0]]}},
{"type":"Feature","properties":{"name":"Rua Projetada 86","descricao":"Loteamento Morada da Serra II","codigo":"","bairro":"TANCREDO NEVES","cep":""},"geometry":{"type":"LineString","coordinates":[[-38.2579492,-7.9506104,0.0],[-38.2562648,-7.9513807,0.0]]}},
{"type":"Feature","properties":{"name":"Rua Projetada 87","descricao":"Loteamento Morada da Serra II","codigo":"","bairro":"TANCREDO NEVES","cep":""},"geometry":{"type":"LineString","coordinates":[[-38.2575112,-7.9503062,0.0],[-38.255132,-7.9514193,0.0]]}},
{"type":"Feature","properties":{"name":"Rua Projetada 79","descricao":"Loteamento Morada da Serra II","codigo":"","bairro":"TANCREDO NEVES","cep":""},"geometry":{"type":"LineString","coordinates":[[-38.2572107,-7.952669,0.0],[-38.2587597,-7.9525601,0.0],[-38.2591848,-7.9527088,0.0]]}},
{"type":"Feature","properties":{"name":"Rua Projetada 80","descricao":"Loteamento Morada da Serra II","codigo":"","bairro":"TANCREDO NEVES","cep":""},"geometry":{"type":"LineString","coordinates":[[-38.2579724,-7.9521749,0.0],[-38.2581602,-7.9525521,0.0]]}},
{"type":"Feature","properties":{"name":"Rua Projetada 81","descricao":"Loteamento Morada da Serra II","codigo":"","bairro":"TANCREDO NEVES","cep":""},"geometry":{"type":"LineString","coordinates":[[-38.2584177,-7.9519969,0.0],[-38.2586591,-7.9524803,0.0]]}},
{"type":"Feature","properties":{"name":"Rua Projetada 82","descricao":"Loteamento Morada da Serra II","codigo":"","bairro":"TANCREDO NEVES","cep":""},"geometry":{"type":"LineString","coordinates":[[-38.258812,-7.9518322,0.0],[-38.2589783,-7.9522014,0.0]]}},
{"type":"Feature","properties":{"name":"Rua Projetada 77","descricao":"Loteamento Morada da Serra II","codigo":"","bairro":"TANCREDO NEVES","cep":""},"geometry":{"type":"LineString","coordinates":[[-38.2593784,-7.9516804,0.0],[-38.2580265,-7.9535983,0.0]]}},
{"type":"Feature","properties":{"name":"Avenida Adriano Duque de Godoy Sousa","descricao":"prolongamento do Anel Viário (Rua Projetada - Anel Viário, Loteamento Morada da Serra I)","codigo":"","bairro":"TANCREDO NEVES","cep":""},"geometry":{"type":"LineString","coordinates":[[-38.2582264,-7.9542539,0.0],[-38.2549998,-7.9590699,0.0]]}},
{"type":"Feature","properties":{"name":"Rua Projetada 78","descricao":"Loteamento Morada da Serra II","codigo":"","bairro":"TANCREDO NEVES","cep":""},"geometry":{"type":"LineString","coordinates":[[-38.2586734,-7.9531927,0.0],[-38.2583904,-7.9530798,0.0],[-38.2574851,-7.9531395,0.0]]}},
{"type":"Feature","properties":{"name":"Rua Projetada 112","descricao":"Loteamento Morada da Serra II","codigo":"","bairro":"TANCREDO NEVES","cep":""},"geometry":{"type":"LineString","coordinates":[[-38.2517756,-7.95676,0.0],[-38.2515073,-7.9565661,0.0],[-38.2500268,-7.9512984,0.0]]}},
{"type":"Feature","properties":{"name":"Avenida Projetada 01","descricao":"Bosque do Pajeú I","codigo":"","bairro":"AABB","cep":""},"geometry":{"type":"LineString","coordinates":[[-38.2857392,-8.001108,0.0],[-38.2861094,-8.0026326,0.0]]}},
{"type":"Feature","properties":{"name":"Rua Projetada 01","descricao":"Bosque do Pajeú I","codigo":"","bairro":"AABB","cep":""},"geometry":{"type":"LineString","coordinates":[[-38.2858277,-8.0013231,0.0],[-38.2864258,-8.0011957,0.0]]}},
{"type":"Feature","properties":{"name":"Rua Projetada 02","descricao":"Bosque do Pajeú I","codigo":"","bairro":"AABB","cep":""},"geometry":{"type":"LineString","coordinates":[[-38.2865439,-8.0016286,0.0],[-38.2859135,-8.0017774,0.0]]}},
{"type":"Feature","properties":{"name":"Rua Projetada 03","descricao":"Bosque do Pajeú I","codigo":"","bairro":"AABB","cep":""},"geometry":{"type":"LineString","coordinates":[[-38.2860262,-8.0022023,0.0],[-38.2866512,-8.0020483,0.0]]}},
{"type":"Feature","properties":{"name":"Rua Projetada 04","descricao":"Bosque do Pajeú I","codigo":"","bairro":"AABB","cep":""},"geometry":{"type":"LineString","coordinates":[[-38.2867665,-8.0024653,0.0],[-38.2861308,-8.0026353,0.0]]}},
{"type":"Feature","properties":{"name":"Rua Leonel Inácio de Oliveira","descricao":"Lei 1819 de 01.03.2021 (Brizola Inácio, antiga Via Local 40, Loteamento Poço do Cruz II)","codigo":"2260","bairro":"VILA BELA","cep":"56907315"},"geometry":{"type":"LineString","coordinates":[[-38.325316,-7.9928281,0.0],[-38.3257344,-7.9932584,0.0]]}},
{"type":"Feature","properties":{"name":"Avenida Projetada 02","descricao":"Loteamento Líder","codigo":"8032","bairro":"VILA BELA","cep":""},"geometry":{"type":"LineString","coordinates":[[-38.3218417,-7.9978438,0.0],[-38.3208652,-7.9987594,0.0]]}},
{"type":"Feature","properties":{"name":"Avenida Projetada 01","descricao":"Loteamento Líder","codigo":"8031","bairro":"VILA BELA","cep":""},"geometry":{"type":"LineString","coordinates":[[-38.3228389,-7.9986368,0.0],[-38.3218707,-7.9978957,0.0]]}},
{"type":"Feature","properties":{"name":"Rua Projetada 01","descricao":"Loteamento Líder","codigo":"8033","bairro":"VILA BELA","cep":""},"geometry":{"type":"LineString","coordinates":[[-38.3214603,-7.9981056,0.0],[-38.3181933,-7.9947721,0.0]]}},
{"type":"Feature","properties":{"name":"Rua Projetada 02","descricao":"","codigo":"","bairro":"VILA BELA","cep":""},"geometry":{"type":"LineString","coordinates":[[-38.3228736,-7.998719,0.0],[-38.3214279,-7.9992688,0.0]]}},
{"type":"Feature","properties":{"name":"Rua Projetada 03","descricao":"Loteamento Líder","codigo":"8034","bairro":"VILA BELA","cep":""},"geometry":{"type":"LineString","coordinates":[[-38.3211454,-7.9984195,0.0],[-38.3177481,-7.994947,0.0]]}},
{"type":"Feature","properties":{"name":"Rua Projetada 06","descricao":"Loteamento Líder","codigo":"8037","bairro":"VILA BELA","cep":""},"geometry":{"type":"LineString","coordinates":[[-38.3213573,-7.9992641,0.0],[-38.3172009,-7.9950267,0.0]]}},
{"type":"Feature","properties":{"name":"Rua Projetada 07","descricao":"Loteamento Líder","codigo":"8039","bairro":"VILA BELA","cep":""},"geometry":{"type":"LineString","coordinates":[[-38.3183956,-7.9966213,0.0],[-38.3169955,-7.9952242,0.0]]}},
{"type":"Feature","properties":{"name":"Via Local 10","descricao":"Loteamento Poço do Cruz I","codigo":"","bairro":"VILA BELA","cep":""},"geometry":{"type":"LineString","coordinates":[[-38.3206039,-7.9934318,0.0],[-38.3186056,-7.9944279,0.0]]}},
{"type":"Feature","properties":{"name":"Avenida Projetada 03","descricao":"Loteamento Líder","codigo":"8036","bairro":"VILA BELA","cep":""},"geometry":{"type":"LineString","coordinates":[[-38.3185316,-7.9945137,0.0],[-38.3178791,-7.9947906,0.0],[-38.3172025,-7.9950037,0.0]]}},
{"type":"Feature","properties":{"name":"Rua Projetada 05","descricao":"Loteamento Líder","codigo":"8038","bairro":"VILA BELA","cep":""},"geometry":{"type":"LineString","coordinates":[[-38.3195642,-7.995608,0.0],[-38.3183116,-7.9968458,0.0]]}},
{"type":"Feature","properties":{"name":"Rua Raimundo Gorgonho do Nascimento","descricao":"Lei 2110 de 02.06.2025 (Raimundo Arara, antiga Rua Projetada 04, Loteamento Líder)","codigo":"8035","bairro":"VILA BELA","cep":"56907360"},"geometry":{"type":"LineString","coordinates":[[-38.3205674,-7.9965802,0.0],[-38.3194596,-7.99764,0.0]]}},
{"type":"Feature","properties":{"name":"Rua Joaquim Marques de Lima","descricao":"Loteamento Quitandinha","codigo":"962","bairro":"JOSÉ ALVES CARVALHO NUNES","cep":""},"geometry":{"type":"LineString","coordinates":[[-38.2776201,-7.9909573,0.0],[-38.276743,-7.9911539,0.0]]}},
{"type":"Feature","properties":{"name":"Rua Francisco Assis Alves","descricao":"Lei 1691 de 01.04.19 (antiga Rua Projetada 01)","codigo":"386","bairro":"BOM JESUS","cep":"56906315"},"geometry":{"type":"LineString","coordinates":[[-38.3059589,-7.986284,0.0],[-38.3044623,-7.9868152,0.0]]}},
{"type":"Feature","properties":{"name":"Travessa Joana Nunes de Sousa","descricao":"Conhecida como Travessa dos Amigos","codigo":"7109","bairro":"AABB","cep":""},"geometry":{"type":"LineString","coordinates":[[-38.2849566,-7.9921795,0.0],[-38.2848681,-7.9919006,0.0]]}},
{"type":"Feature","properties":{"name":"Beco do Videl","descricao":"","codigo":"67","bairro":"NOSSA SENHORA DA PENHA","cep":"0"},"geometry":{"type":"LineString","coordinates":[[-38.2975738,-7.9874308,0.0],[-38.2977722,-7.9878,0.0]]}},
{"type":"Feature","properties":{"name":"Travessa Francisco Gomes","descricao":"","codigo":"17","bairro":"NOSSA SENHORA DA PENHA","cep":"56903559"},"geometry":{"type":"LineString","coordinates":[[-38.300876,-7.9906248,0.0],[-38.3009913,-7.9911135,0.0]]}},
{"type":"Feature","properties":{"name":"Rua Projetada paralela à Vila Ferroviária","descricao":"","codigo":"8028","bairro":"SÃO CRISTÓVÃO","cep":""},"geometry":{"type":"LineString","coordinates":[[-38.2963126,-7.9825519,0.0],[-38.2961369,-7.9823832,0.0]]}},
{"type":"Feature","properties":{"name":"Rua Alta Tensão","descricao":"","codigo":"264","bairro":"SÃO SEBASTIÃO","cep":"56906325"},"geometry":{"type":"LineString","coordinates":[[-38.3058806,-7.977829,0.0],[-38.3070393,-7.9778503,0.0]]}},
{"type":"Feature","properties":{"name":"Rua Geraldo Severino de Andrada Filho","descricao":"Lei 1922 de 06.07.2022 (Antiga Rua São Severino)","codigo":"191","bairro":"TANCREDO NEVES","cep":"56909248"},"geometry":{"type":"LineString","coordinates":[[-38.2819202,-7.9803288,0.0],[-38.2803029,-7.9812904,0.0]]}},
{"type":"Feature","properties":{"name":"Rua Benjamim de Melo Lima","descricao":"Lei 675 de 28.10.88 (Ouro Melo, antiga Rua Santos Dumont)","codigo":"122","bairro":"SÃO CRISTÓVÃO","cep":"56903010"},"geometry":{"type":"LineString","coordinates":[[-38.28855,-7.9869506,0.0],[-38.2856959,-7.9829398,0.0]]}},
{"type":"Feature","properties":{"name":"Rua Vereador Expedito Eliodorio da Silva","descricao":"Lei 1284 de 31.03.11 (Louro Eliodorio, antiga Rua Maria das Neves de Souza Nogueira)","codigo":"372","bairro":"AABB","cep":"56912275"},"geometry":{"type":"LineString","coordinates":[[-38.2923058,-7.9979214,0.0],[-38.2905717,-7.9992468,0.0]]}},
{"type":"Feature","properties":{"name":"Praça Luiz Godoy Lima","descricao":"Lei 732 de 30.04.90","codigo":"147","bairro":"AABB","cep":"56912520"},"geometry":{"type":"LineString","coordinates":[[-38.2881388,-7.9974955,0.0],[-38.2884177,-7.9983242,0.0]]}},
{"type":"Feature","properties":{"name":"Viela Maria França","descricao":"entre as casas 563 e 571 na Rua Coronel Cornélio Soares","codigo":"257","bairro":"NOSSA SENHORA DA PENHA","cep":"56903440"},"geometry":{"type":"LineString","coordinates":[[-38.3000932,-7.9923319,0.0],[-38.3000423,-7.9920689,0.0]]}},
{"type":"Feature","properties":{"name":"Travessa Projetada 25","descricao":"","codigo":"","bairro":"TANCREDO NEVES","cep":""},"geometry":{"type":"LineString","coordinates":[[-38.2813294,-7.9802805,0.0],[-38.2807635,-7.9806152,0.0]]}},
{"type":"Feature","properties":{"name":"Travessa Antônio Inácio Medeiros","descricao":"","codigo":"250","bairro":"SÃO CRISTÓVAO","cep":""},"geometry":{"type":"LineString","coordinates":[[-38.2897119,-7.9865194,0.0],[-38.2892156,-7.9865353,0.0]]}},
{"type":"Feature","properties":{"name":"Rua S/D","descricao":"","codigo":"","bairro":"AABB","cep":""},"geometry":{"type":"LineString","coordinates":[[-38.2845815,-7.998821,0.0],[-38.2851823,-8.0010362,0.0]]}},
{"type":"Feature","properties":{"name":"Rua Projetada 02","descricao":"início na Rua João Simião da Silva","codigo":"1527","bairro":"AABB","cep":""},"geometry":{"type":"LineString","coordinates":[[-38.2861399,-7.9989219,0.0],[-38.2847022,-7.9993947,0.0]]}},
{"type":"Feature","properties":{"name":"Rua S/D","descricao":"","codigo":"","bairro":"AABB","cep":""},"geometry":{"type":"LineString","coordinates":[[-38.2851636,-7.99923,0.0],[-38.2849866,-7.9986191,0.0]]}},
{"type":"Feature","properties":{"name":"Rua S/D","descricao":"","codigo":"","bairro":"AABB","cep":""},"geometry":{"type":"LineString","coordinates":[[-38.2858395,-7.9989937,0.0],[-38.2856705,-7.9983775,0.0]]}},
{"type":"Feature","properties":{"name":"Rua S/D","descricao":"","codigo":"","bairro":"AABB","cep":""},"geometry":{"type":"LineString","coordinates":[[-38.2835381,-7.999647,0.0],[-38.2843535,-7.9993575,0.0]]}},
{"type":"Feature","properties":{"name":"Rua Manoel de Lima Magalhães","descricao":"Prolongamento","codigo":"134","bairro":"BOM JESUS","cep":"56906072"},"geometry":{"type":"LineString","coordinates":[[-38.3091821,-7.9814784,0.0],[-38.3092116,-7.9814678,0.0],[-38.3094316,-7.981412,0.0]]}},
{"type":"Feature","properties":{"name":"Rua S/D","descricao":"","codigo":"","bairro":"NOSSA SENHORA DE FÁTIMA","cep":""},"geometry":{"type":"LineString","coordinates":[[-38.2886106,-7.9786415,0.0],[-38.288404,-7.9783174,0.0]]}},
{"type":"Feature","properties":{"name":"Travessa Eneias Inácio de Oliveira","descricao":"","codigo":"","bairro":"TANCREDO NEVES","cep":""},"geometry":{"type":"LineString","coordinates":[[-38.2845691,-7.9796734,0.0],[-38.2842607,-7.9798089,0.0]]}},
{"type":"Feature","properties":{"name":"Travessa Sargento João Eliodório da Silva","descricao":"","codigo":"9155","bairro":"NOSSA SENHORA DE FÁTIMA","cep":""},"geometry":{"type":"LineString","coordinates":[[-38.2854411,-7.9807072,0.0],[-38.2851326,-7.9810286,0.0]]}},
{"type":"Feature","properties":{"name":"Travessa São Braz","descricao":"","codigo":"","bairro":"TANCREDO NEVES","cep":""},"geometry":{"type":"LineString","coordinates":[[-38.2853928,-7.9794788,0.0],[-38.285248,-7.9795877,0.0],[-38.2848805,-7.9791308,0.0]]}},
{"type":"Feature","properties":{"name":"Rua Projetada 23","descricao":"COHAB","codigo":"194","bairro":"TANCREDO NEVES","cep":"56909150"},"geometry":{"type":"LineString","coordinates":[[-38.2808297,-7.979289,0.0],[-38.2803844,-7.9785028,0.0]]}},
{"type":"Feature","properties":{"name":"Travessa Mário Alves de Melo Lima","descricao":"","codigo":"","bairro":"TANCREDO NEVES","cep":"56909216"},"geometry":{"type":"LineString","coordinates":[[-38.2786234,-7.979992,0.0],[-38.2785027,-7.979474,0.0]]}},
{"type":"Feature","properties":{"name":"Praça José Marcolino Alves","descricao":"","codigo":"945","bairro":"TANCREDO NEVES","cep":""},"geometry":{"type":"LineString","coordinates":[[-38.2777758,-7.980146,0.0],[-38.2776551,-7.9796121,0.0]]}},
{"type":"Feature","properties":{"name":"Travessa Andrelino Serafim de Lima","descricao":"","codigo":"830","bairro":"TANCREDO NEVES","cep":""},"geometry":{"type":"LineString","coordinates":[[-38.2789282,-7.9805521,0.0],[-38.2788075,-7.9800182,0.0]]}},
{"type":"Feature","properties":{"name":"Rua Projetada","descricao":"Passagem d'água (Loteamento Poço do Cruz II)","codigo":"","bairro":"VILA BELA","cep":""},"geometry":{"type":"LineString","coordinates":[[-38.3228329,-7.9930178,0.0],[-38.3224628,-7.9933817,0.0]]}},
{"type":"Feature","properties":{"name":"Rua Espedito Constantino Gregório","descricao":"Lei 1936 de 25.10.2022 (antigos trechos de prolongamento da Rua Maria Gomes de Souza e Rua Projetada 01, Loteamento Zona Sul - Jorge Andrada Magalhães)","codigo":"1994","bairro":"JOSÉ RUFINO ALVES","cep":"56915340"},"geometry":{"type":"LineString","coordinates":[[-38.305069,-7.998488,0.0],[-38.307112,-7.997578,0.0]]}},
{"type":"Feature","properties":{"name":"Rua Anichela Priscila Ferraz de Souza","descricao":"Lei 1937 de 25.10.2022 (antigos trechos de prolongamento da Rua Francisco Rufino Alves  e Rua Projetada 02, Loteamento Zona Sul - Jorge Andrada Magalhães)","codigo":"9228","bairro":"JOSÉ RUFINO ALVES","cep":"56915350"},"geometry":{"type":"LineString","coordinates":[[-38.3052954,-7.9989666,0.0],[-38.3071086,-7.998122,0.0]]}},
{"type":"Feature","properties":{"name":"Rua José de Oliveira Neto","descricao":"Lei 1869 de 04.11.2021 (Antiga Rua Projetada 09, Loteamento Zona Sul - Jorge Andrada Magalhães)","codigo":"9195","bairro":"JOSÉ RUFINO ALVES","cep":""},"geometry":{"type":"LineString","coordinates":[[-38.3056022,-8.0028385,0.0],[-38.3075111,-8.002013,0.0]]}},
{"type":"Feature","properties":{"name":"Rua Antônio Gustavo Filho","descricao":"Lei 1919 de 31.05.2022 (antiga Rua Projetada 07)","codigo":"","bairro":"TANCREDO NEVES","cep":"56909318"},"geometry":{"type":"LineString","coordinates":[[-38.2838289,-7.9761336,0.0],[-38.2815382,-7.9774458,0.0]]}},
{"type":"Feature","properties":{"name":"Rua Damião Wilson da Silva","descricao":"Lei 2112 de 16.06.2025 (Antiga Rua Projetada 14, Loteamento Nova Serra II)","codigo":"1001","bairro":"TANCREDO NEVES","cep":"56909157"},"geometry":{"type":"LineString","coordinates":[[-38.2693795,-7.9832813,0.0],[-38.2689235,-7.9814485,0.0]]}},
{"type":"Feature","properties":{"name":"Rua Projetada 13","descricao":"Loteamento Nova Serra II","codigo":"1000","bairro":"TANCREDO NEVES","cep":""},"geometry":{"type":"LineString","coordinates":[[-38.2716122,-7.9818024,0.0],[-38.2724383,-7.9815049,0.0]]}},
{"type":"Feature","properties":{"name":"Travessa Maria Aliete de Melo Lima e Sá","descricao":"","codigo":"970","bairro":"TANCREDO NEVES","cep":""},"geometry":{"type":"LineString","coordinates":[[-38.2769772,-7.9771695,0.0],[-38.2768484,-7.9766409,0.0]]}},
{"type":"Feature","properties":{"name":"Rua Maria Emília de Carvalho","descricao":"Lei 1432 de 13.11.14 (Antiga Rua Projetada 04 - Lot. João Inácio de Medeiros)","codigo":"1051","bairro":"NOSSA SENHORA DA CONCEIÇÃO","cep":"56903241"},"geometry":{"type":"LineString","coordinates":[[-38.2808752,-7.9909392,0.0],[-38.2795314,-7.9913084,0.0]]}},
{"type":"Feature","properties":{"name":"Avenida José Pedro Jurubeba","descricao":"Lei 504 de 27.07.80","codigo":"79","bairro":"AABB","cep":"56912280"},"geometry":{"type":"LineString","coordinates":[[-38.2952397,-7.9939546,0.0],[-38.2940663,-7.9953503,0.0]]}},
{"type":"Feature","properties":{"name":"Rua Lindaura Gomes Gregório","descricao":"PROLONGAMENTO","codigo":"828","bairro":"JOSÉ RUFINO ALVES","cep":"56915035"},"geometry":{"type":"LineString","coordinates":[[-38.304517,-7.997241,0.0],[-38.304356,-7.996843,0.0],[-38.304057,-7.9958099,0.0]]}},
{"type":"Feature","properties":{"name":"Rua Projetada V","descricao":"Loteamento Pedro Ferreira Lima","codigo":"","bairro":"TANCREDO NEVES","cep":""},"geometry":{"type":"LineString","coordinates":[[-38.2749953,-7.9744555,0.0],[-38.2765778,-7.974158,0.0]]}},
{"type":"Feature","properties":{"name":"Rua Projetada","descricao":"Loteamento Pedro Ferreira Lima","codigo":"","bairro":"TANCREDO NEVES","cep":""},"geometry":{"type":"LineString","coordinates":[[-38.2756245,-7.9737134,0.0],[-38.2748306,-7.9738568,0.0]]}},
{"type":"Feature","properties":{"name":"Travessa Maria Helena Nogueira","descricao":"Loteamento Quitandinha","codigo":"2283","bairro":"JOSÉ ALVES CARVALHO NUNES","cep":""},"geometry":{"type":"LineString","coordinates":[[-38.2790532,-7.9910361,0.0],[-38.2791471,-7.9914318,0.0]]}},
{"type":"Feature","properties":{"name":"Rua Projetada 03","descricao":"início na Rua João Simião da Silva","codigo":"1536","bairro":"AABB","cep":""},"geometry":{"type":"LineString","coordinates":[[-38.2862815,-7.9993829,0.0],[-38.2848224,-7.9998716,0.0]]}},
{"type":"Feature","properties":{"name":"Rua Projetada 04","descricao":"início na Rua João Simião da Silva","codigo":"1542","bairro":"AABB","cep":""},"geometry":{"type":"LineString","coordinates":[[-38.2863834,-7.9998169,0.0],[-38.2849779,-8.0002897,0.0]]}},
{"type":"Feature","properties":{"name":"Avenida Clovis Alves de Carvalho","descricao":"Lei 1248 de 30.11.09 (Via Pública na BR-232)","codigo":"9213","bairro":"TANCREDO NEVES - JOSÉ ALVES CARVALHO NUNES","cep":""},"geometry":{"type":"LineString","coordinates":[[-38.2443391,-7.9999551,0.0],[-38.2445195,-7.9962307,0.0],[-38.2445842,-7.9954744,0.0],[-38.2446486,-7.9950919,0.0],[-38.2447639,-7.9946935,0.0],[-38.2449057,-7.9943555,0.0],[-38.2450241,-7.9941091,0.0],[-38.2451341,-7.9939259,0.0],[-38.2453808,-7.9935938,0.0],[-38.2457832,-7.9931476,0.0],[-38.2479527,-7.9910034,0.0],[-38.248865,-7.9902418,0.0],[-38.2494068,-7.989923,0.0],[-38.2498843,-7.9897318,0.0],[-38.2504851,-7.989583,0.0],[-38.2599566,-7.9877287,0.0],[-38.2711553,-7.9855235,0.0],[-38.2724893,-7.9852873,0.0]]}},
{"type":"Feature","properties":{"name":"ROD BR 232 LUIZ GONZAGA - URB/LESTE-JAZIGO","descricao":"","codigo":"88","bairro":"FORA DO PERÍMETRO URBANO","cep":""},"geometry":{"type":"LineString","coordinates":[[-38.2443391,-7.9999551,0.0],[-38.2441386,-8.0063398,0.0],[-38.2440617,-8.0083527,0.0],[-38.2440027,-8.0086396,0.0],[-38.2439169,-8.0089105,0.0],[-38.2438043,-8.0091761,0.0],[-38.243654,-8.0094205,0.0],[-38.2434126,-8.0096914,0.0],[-38.2432088,-8.0098773,0.0],[-38.2429674,-8.0100473,0.0],[-38.2427796,-8.0101429,0.0],[-38.2425275,-8.0102438,0.0],[-38.2421896,-8.0103182,0.0],[-38.231965,-8.0123527,0.0]]}},
{"type":"Feature","properties":{"name":"Rua Cleonice Florentino de Medeiros","descricao":"Lei 1938 de 25.10.2022 (Dona Nicinha, antiga Rua Projetada 01, paralela a Avenida Edvirges de Souza Magalhaes)","codigo":"9156","bairro":"AABB","cep":""},"geometry":{"type":"LineString","coordinates":[[-38.2838583,-8.0012341,0.0],[-38.2844108,-8.003274,0.0]]}},
{"type":"Feature","properties":{"name":"Rua Projetada Paralela a Antônio Baião da Silva","descricao":"","codigo":"17370","bairro":"AABB","cep":""},"geometry":{"type":"LineString","coordinates":[[-38.293577,-7.9979884,0.0],[-38.2931907,-7.9974152,0.0]]}},
{"type":"Feature","properties":{"name":"Rua Projetada 01","descricao":"Parcelamento Adauto Carvalho","codigo":"9046","bairro":"JOSÉ ALVES CARVALHO NUNES","cep":""},"geometry":{"type":"LineString","coordinates":[[-38.2777493,-7.9930811,0.0],[-38.2776179,-7.9926136,0.0]]}},
{"type":"Feature","properties":{"name":"Travessa Projetada Doutor Carlos Chagas","descricao":"","codigo":"9164","bairro":"JOSE TOME DE SOUZA","cep":""},"geometry":{"type":"LineString","coordinates":[[-38.2915425,-7.979192,0.0],[-38.2920535,-7.9789795,0.0],[-38.2924572,-7.9789317,0.0]]}},
{"type":"Feature","properties":{"name":"Travessa Antônio Baião da Silva","descricao":"","codigo":"17906","bairro":"AABB","cep":""},"geometry":{"type":"LineString","coordinates":[[-38.2938167,-7.9968964,0.0],[-38.2929346,-7.9975063,0.0]]}},
{"type":"Feature","properties":{"name":"Rua Rêmulo Callou de Alencar","descricao":"Lei 1804 de 30.12.2020 (antiga Rua Projetada ao lado do Pereirão)","codigo":"9173","bairro":"AABB","cep":"56912552"},"geometry":{"type":"LineString","coordinates":[[-38.2938342,-7.996903,0.0],[-38.2957355,-7.9995762,0.0]]}},
{"type":"Feature","properties":{"name":"Rua Projetada Paralela a Rua Tabelião Antônio Alves (Malhada)","descricao":"","codigo":"9170","bairro":"BOM JESUS","cep":""},"geometry":{"type":"LineString","coordinates":[[-38.3154586,-7.9847247,0.0],[-38.3149356,-7.9851563,0.0]]}},
{"type":"Feature","properties":{"name":"Rua Projetada das Flores (Vale Verde)","descricao":"Condomínio Vale Verde","codigo":"9169","bairro":"AABB","cep":""},"geometry":{"type":"LineString","coordinates":[[-38.2824396,-7.99567,0.0],[-38.2808396,-7.9960697,0.0]]}},
{"type":"Feature","properties":{"name":"Via Local 56","descricao":"Loteamento Poço da Cruz VI","codigo":"7026","bairro":"VILA BELA","cep":""},"geometry":{"type":"LineString","coordinates":[[-38.3247146,-7.9964399,0.0],[-38.3249748,-7.9961955,0.0],[-38.3252725,-7.9964904,0.0],[-38.3251948,-7.9969313,0.0]]}},
{"type":"Feature","properties":{"name":"Via Local 58","descricao":"Loteamento Poço da Cruz IV","codigo":"7028","bairro":"VILA BELA","cep":""},"geometry":{"type":"LineString","coordinates":[[-38.3249093,-7.9974367,0.0],[-38.325038,-7.9977103,0.0]]}},
{"type":"Feature","properties":{"name":"Via Local 43","descricao":"Loteamento Poço da Cruz IV","codigo":"","bairro":"VILA BELA","cep":""},"geometry":{"type":"LineString","coordinates":[[-38.3296006,-7.995415,0.0],[-38.329386,-7.9956248,0.0]]}},
{"type":"Feature","properties":{"name":"Via Local 45","descricao":"Loteamento Poço da Cruz IV","codigo":"","bairro":"VILA BELA","cep":""},"geometry":{"type":"LineString","coordinates":[[-38.326855,-7.9932569,0.0],[-38.3266244,-7.9934747,0.0]]}},
{"type":"Feature","properties":{"name":"Via Local 49","descricao":"Loteamento Poço da Cruz IV","codigo":"2299","bairro":"VILA BELA","cep":""},"geometry":{"type":"LineString","coordinates":[[-38.3278176,-7.9960482,0.0],[-38.3257938,-7.9940481,0.0]]}},
{"type":"Feature","properties":{"name":"Rua Projetada 06","descricao":"Loteamento Monte das Oliveiras","codigo":"8090","bairro":"SÃO SEBASTIÃO","cep":""},"geometry":{"type":"LineString","coordinates":[[-38.3057915,-7.9778401,0.0],[-38.30572,-7.975989,0.0]]}},
{"type":"Feature","properties":{"name":"Rua Projetada 06","descricao":"Loteamento Monte das Oliveiras","codigo":"","bairro":"SÃO SEBASTIÃO","cep":""},"geometry":{"type":"LineString","coordinates":[[-38.30543,-7.969326,0.0],[-38.305487,-7.970628,0.0]]}},
{"type":"Feature","properties":{"name":"Rua Projetada 06","descricao":"Loteamento Monte das Oliveiras","codigo":"8090","bairro":"SÃO SEBASTIÃO","cep":""},"geometry":{"type":"LineString","coordinates":[[-38.305654,-7.970621,0.0],[-38.305893,-7.976109,0.0]]}},
{"type":"Feature","properties":{"name":"Rua Projetada 07","descricao":"Loteamento Monte das Oliveiras","codigo":"8096","bairro":"SÃO SEBASTIÃO","cep":""},"geometry":{"type":"LineString","coordinates":[[-38.306095,-7.970602,0.0],[-38.30634,-7.976238,0.0]]}},
{"type":"Feature","properties":{"name":"Rua Projetada 08","descricao":"Loteamento Monte das Oliveiras","codigo":"","bairro":"SÃO SEBASTIÃO","cep":""},"geometry":{"type":"LineString","coordinates":[[-38.306642,-7.969273,0.0],[-38.306699,-7.970575,0.0]]}},
{"type":"Feature","properties":{"name":"Rua Projetada 08","descricao":"Loteamento Monte das Oliveiras","codigo":"8097","bairro":"SÃO SEBASTIÃO","cep":""},"geometry":{"type":"LineString","coordinates":[[-38.306536,-7.970583,0.0],[-38.306782,-7.976224,0.0]]}},
{"type":"Feature","properties":{"name":"Rua Projetada 01","descricao":"Loteamento Monte das Oliveiras","codigo":"8091","bairro":"SÃO SEBASTIÃO","cep":""},"geometry":{"type":"LineString","coordinates":[[-38.306987,-7.975935,0.0],[-38.30572,-7.975989,0.0]]}},
{"type":"Feature","properties":{"name":"Rua Projetada 01","descricao":"Loteamento Monte das Oliveiras","codigo":"8091","bairro":"SÃO SEBASTIÃO","cep":""},"geometry":{"type":"LineString","coordinates":[[-38.306992,-7.976061,0.0],[-38.305726,-7.976116,0.0]]}},
{"type":"Feature","properties":{"name":"Rua Projetada 02","descricao":"Loteamento Monte das Oliveiras","codigo":"8092","bairro":"SÃO SEBASTIÃO","cep":""},"geometry":{"type":"LineString","coordinates":[[-38.306934,-7.974719,0.0],[-38.305597,-7.974465,0.0]]}},
{"type":"Feature","properties":{"name":"Rua Projetada 03","descricao":"Loteamento Monte das Oliveiras","codigo":"8093","bairro":"SÃO SEBASTIÃO","cep":""},"geometry":{"type":"LineString","coordinates":[[-38.306789,-7.97264,0.0],[-38.305576,-7.972693,0.0]]}},
{"type":"Feature","properties":{"name":"Rua Projetada 04","descricao":"Loteamento Monte das Oliveiras","codigo":"8094","bairro":"SÃO SEBASTIÃO","cep":""},"geometry":{"type":"LineString","coordinates":[[-38.306699,-7.970575,0.0],[-38.305487,-7.970628,0.0]]}},
{"type":"Feature","properties":{"name":"Rua Projetada 05","descricao":"Loteamento Monte das Oliveiras","codigo":"8095","bairro":"SÃO SEBASTIÃO","cep":""},"geometry":{"type":"LineString","coordinates":[[-38.306642,-7.969273,0.0],[-38.30543,-7.969326,0.0]]}},
{"type":"Feature","properties":{"name":"Rua Projetada 01","descricao":"Loteamento Vale do Pajeú I","codigo":"","bairro":"JOSÉ RUFINO ALVES","cep":""},"geometry":{"type":"LineString","coordinates":[[-38.301497,-8.000209,0.0],[-38.302149,-8.000775,0.0],[-38.30222,-8.00087,0.0],[-38.300996,-8.004832,0.0],[-38.301137,-8.005098,0.0],[-38.300446,-8.007333,0.0]]}},
{"type":"Feature","properties":{"name":"Rua Projetada 01","descricao":"Loteamento Vale do Pajeú I","codigo":"","bairro":"JOSÉ RUFINO ALVES","cep":""},"geometry":{"type":"LineString","coordinates":[[-38.2998458,-8.0085467,0.0],[-38.300242,-8.007271,0.0]]}},
{"type":"Feature","properties":{"name":"Rua Projetada 04","descricao":"Loteamento Vale do Pajeú I","codigo":"","bairro":"JOSÉ RUFINO ALVES","cep":""},"geometry":{"type":"LineString","coordinates":[[-38.299981,-8.007191,0.0],[-38.300446,-8.007333,0.0]]}},
{"type":"Feature","properties":{"name":"Rua Projetada 01","descricao":"LOTEAMENTO JARDIM DAS OLIVEIRAS II","codigo":"9204","bairro":"TANCREDO NEVES","cep":""},"geometry":{"type":"LineString","coordinates":[[-38.2636923,-7.9859416,0.0],[-38.2625443,-7.9861753,0.0]]}},
{"type":"Feature","properties":{"name":"Rua Projetada 02","descricao":"LOTEAMENTO JARDIM DAS OLIVEIRAS II","codigo":"","bairro":"TANCREDO NEVES","cep":""},"geometry":{"type":"LineString","coordinates":[[-38.2634563,-7.9849561,0.0],[-38.2623066,-7.9852243,0.0]]}},
{"type":"Feature","properties":{"name":"Rua Projetada 05","descricao":"LOTEAMENTO JARDIM DAS OLIVEIRAS II","codigo":"","bairro":"TANCREDO NEVES","cep":""},"geometry":{"type":"LineString","coordinates":[[-38.2630796,-7.9835985,0.0],[-38.2618699,-7.9838721,0.0]]}},
{"type":"Feature","properties":{"name":"Rua Projetada 06","descricao":"LOTEAMENTO JARDIM DAS OLIVEIRAS II","codigo":"","bairro":"TANCREDO NEVES","cep":""},"geometry":{"type":"LineString","coordinates":[[-38.2628069,-7.9826431,0.0],[-38.2616321,-7.9829035,0.0]]}},
{"type":"Feature","properties":{"name":"Avenida Projetada 06","descricao":"LOTEAMENTO JARDIM DAS OLIVEIRAS II","codigo":"1432","bairro":"TANCREDO NEVES","cep":""},"geometry":{"type":"LineString","coordinates":[[-38.2637168,-7.985941,0.0],[-38.2604846,-7.9734472,0.0],[-38.2574297,-7.9610437,0.0]]}},
{"type":"Feature","properties":{"name":"Avenida Projetada 05","descricao":"LOTEAMENTO JARDIM DAS OLIVEIRAS II","codigo":"","bairro":"TANCREDO NEVES","cep":""},"geometry":{"type":"LineString","coordinates":[[-38.262754,-7.9871192,0.0],[-38.2625099,-7.9861736,0.0],[-38.2616258,-7.9829355,0.0],[-38.2582587,-7.9695348,0.0],[-38.2557884,-7.9598577,0.0]]}},
{"type":"Feature","properties":{"name":"Rua Projetada 03","descricao":"LOTEAMENTO JARDIM DAS OLIVEIRAS II","codigo":"","bairro":"TANCREDO NEVES","cep":""},"geometry":{"type":"LineString","coordinates":[[-38.2627782,-7.9860907,0.0],[-38.2622284,-7.9838356,0.0]]}},
{"type":"Feature","properties":{"name":"Rua Projetada 04","descricao":"LOTEAMENTO JARDIM DAS OLIVEIRAS II","codigo":"","bairro":"TANCREDO NEVES","cep":""},"geometry":{"type":"LineString","coordinates":[[-38.2626656,-7.9837307,0.0],[-38.2632626,-7.9860008,0.0]]}},
{"type":"Feature","properties":{"name":"Rua Projetada 07","descricao":"LOTEAMENTO JARDIM DAS OLIVEIRAS II","codigo":"","bairro":"TANCREDO NEVES","cep":""},"geometry":{"type":"LineString","coordinates":[[-38.2619572,-7.9828077,0.0],[-38.2613216,-7.9803587,0.0]]}},
{"type":"Feature","properties":{"name":"Rua Projetada 08","descricao":"LOTEAMENTO JARDIM DAS OLIVEIRAS II","codigo":"","bairro":"TANCREDO NEVES","cep":""},"geometry":{"type":"LineString","coordinates":[[-38.2623991,-7.9827182,0.0],[-38.2617556,-7.9802594,0.0]]}},
{"type":"Feature","properties":{"name":"Beco Projetado","descricao":"Loteamento Bela Vista","codigo":"","bairro":"BOM JESUS","cep":""},"geometry":{"type":"LineString","coordinates":[[-38.306386,-7.9849498,0.0],[-38.306563,-7.9853137,0.0]]}},
{"type":"Feature","properties":{"name":"Rua Projetada 05","descricao":"Loteamento Vale do Pajeú I","codigo":"","bairro":"JOSÉ RUFINO ALVES","cep":""},"geometry":{"type":"LineString","coordinates":[[-38.301041,-8.005409,0.0],[-38.300577,-8.005269,0.0]]}},
{"type":"Feature","properties":{"name":"Rua Projetada Início Avenida Edvirges de Souza Km 1","descricao":"","codigo":"9177","bairro":"JOSÉ ALVES CARVALHO NUNES","cep":""},"geometry":{"type":"LineString","coordinates":[[-38.2793158,-8.0010625,0.0],[-38.2798791,-8.0034688,0.0]]}},
{"type":"Feature","properties":{"name":"Avenida Projetada Givaldo Andrada Araújo","descricao":"Avenida Projetada 01 - Distrito Industrial","codigo":"9105","bairro":"VANETE ALMEIDA","cep":"56908020"},"geometry":{"type":"LineString","coordinates":[[-38.348322,-7.997761,0.0],[-38.345112,-8.00223,0.0],[-38.342968,-8.005243,0.0],[-38.340076,-8.009307,0.0],[-38.337351,-8.013137,0.0]]}},
{"type":"Feature","properties":{"name":"Rua Projetada 01 Angico","descricao":"","codigo":"9178","bairro":"CACHOEIRA","cep":"56900000"},"geometry":{"type":"LineString","coordinates":[[-38.3540296,-7.999158,0.0],[-38.350017,-7.9972456,0.0]]}},
{"type":"Feature","properties":{"name":"Rua Projetada 02 Angico","descricao":"","codigo":"9179","bairro":"CACHOEIRA","cep":"56900000"},"geometry":{"type":"LineString","coordinates":[[-38.3535802,-7.9998723,0.0],[-38.3563483,-7.9959705,0.0]]}},
{"type":"Feature","properties":{"name":"Rua Projetada 03 Angico","descricao":"","codigo":"9180","bairro":"CACHOEIRA","cep":"56900000"},"geometry":{"type":"LineString","coordinates":[[-38.3534885,-7.9988469,0.0],[-38.3556235,-7.9958508,0.0]]}},
{"type":"Feature","properties":{"name":"Rua Projetada 04 Angico","descricao":"","codigo":"9181","bairro":"CACHOEIRA","cep":"56900000"},"geometry":{"type":"LineString","coordinates":[[-38.352952,-7.9986185,0.0],[-38.3548715,-7.9957891,0.0]]}},
{"type":"Feature","properties":{"name":"Rua Projetada 05 Angico","descricao":"","codigo":"9182","bairro":"CACHOEIRA","cep":"56900000"},"geometry":{"type":"LineString","coordinates":[[-38.3524711,-7.9984143,0.0],[-38.3541448,-7.9957847,0.0]]}},
{"type":"Feature","properties":{"name":"Rua Projetada 06 Angico","descricao":"","codigo":"9183","bairro":"CACHOEIRA","cep":"56900000"},"geometry":{"type":"LineString","coordinates":[[-38.3517684,-7.9980637,0.0],[-38.3535225,-7.9953146,0.0]]}},
{"type":"Feature","properties":{"name":"Rua Projetada 07 Angico","descricao":"","codigo":"9184","bairro":"CACHOEIRA","cep":"56900000"},"geometry":{"type":"LineString","coordinates":[[-38.3511917,-7.9977805,0.0],[-38.3529512,-7.9950606,0.0]]}},
{"type":"Feature","properties":{"name":"Rua Projetada 08 Angico","descricao":"","codigo":"9185","bairro":"CACHOEIRA","cep":"56900000"},"geometry":{"type":"LineString","coordinates":[[-38.3506356,-7.9975246,0.0],[-38.3521453,-7.9950545,0.0]]}},
{"type":"Feature","properties":{"name":"Rua Projetada 09 Angico","descricao":"","codigo":"9186","bairro":"CACHOEIRA","cep":"56900000"},"geometry":{"type":"LineString","coordinates":[[-38.3495114,-7.9979563,0.0],[-38.3516367,-7.994842,0.0]]}},
{"type":"Feature","properties":{"name":"Rua Natanael Henrique da Silva","descricao":"Lei 1866 de 18.10.2021 (Seu Natal, antiga rua Projetada - Empresarial H&M)","codigo":"9192","bairro":"NOSSA SENHORA DA PENHA","cep":"56906502"},"geometry":{"type":"LineString","coordinates":[[-38.3023248,-7.9848308,0.0],[-38.3022068,-7.9869665,0.0]]}},
{"type":"Feature","properties":{"name":"Rua Projetada 01","descricao":"Loteamento Reserva da Serra","codigo":"","bairro":"ZONA RURAL (1º DISTRITO)","cep":""},"geometry":{"type":"LineString","coordinates":[[-38.2527205,-7.9897001,0.0],[-38.2516208,-7.9899179,0.0]]}},
{"type":"Feature","properties":{"name":"Rua Projetada 02","descricao":"Loteamento Reserva da Serra","codigo":"","bairro":"ZONA RURAL (1º DISTRITO)","cep":""},"geometry":{"type":"LineString","coordinates":[[-38.2528305,-7.9901582,0.0],[-38.2516422,-7.9904185,0.0]]}},
{"type":"Feature","properties":{"name":"Rua Projetada 03","descricao":"Loteamento Reserva da Serra","codigo":"","bairro":"ZONA RURAL (1º DISTRITO)","cep":""},"geometry":{"type":"LineString","coordinates":[[-38.252919,-7.9906177,0.0],[-38.2517227,-7.9908807,0.0]]}},
{"type":"Feature","properties":{"name":"Rua Projetada 04","descricao":"Loteamento Reserva da Serra","codigo":"","bairro":"ZONA RURAL (1º DISTRITO)","cep":""},"geometry":{"type":"LineString","coordinates":[[-38.2530173,-7.9910646,0.0],[-38.2518398,-7.9913303,0.0]]}},
{"type":"Feature","properties":{"name":"Rua Projetada 05","descricao":"Loteamento Reserva da Serra","codigo":"","bairro":"ZONA RURAL (1º DISTRITO)","cep":""},"geometry":{"type":"LineString","coordinates":[[-38.2531148,-7.9915323,0.0],[-38.2519507,-7.9917634,0.0]]}},
{"type":"Feature","properties":{"name":"Rua Projetada 06","descricao":"Loteamento Reserva da Serra","codigo":"","bairro":"ZONA RURAL (1º DISTRITO)","cep":""},"geometry":{"type":"LineString","coordinates":[[-38.2532006,-7.9919812,0.0],[-38.2520285,-7.9922309,0.0]]}},
{"type":"Feature","properties":{"name":"Rua Projetada 07","descricao":"Loteamento Reserva da Serra","codigo":"9187","bairro":"ZONA RURAL (1º DISTRITO)","cep":""},"geometry":{"type":"LineString","coordinates":[[-38.2533106,-7.9924309,0.0],[-38.2520928,-7.9926885,0.0]]}},
{"type":"Feature","properties":{"name":"Rua Projetada 08","descricao":"Loteamento Reserva da Serra","codigo":"","bairro":"ZONA RURAL (1º DISTRITO)","cep":""},"geometry":{"type":"LineString","coordinates":[[-38.252978,-7.9925345,0.0],[-38.2530557,-7.9931002,0.0]]}},
{"type":"Feature","properties":{"name":"Rua Projetada 09","descricao":"Loteamento Reserva da Serra","codigo":"","bairro":"ZONA RURAL (1º DISTRITO)","cep":""},"geometry":{"type":"LineString","coordinates":[[-38.2520472,-7.9927204,0.0],[-38.2520767,-7.9929515,0.0]]}},
{"type":"Feature","properties":{"name":"Rua Projetada 10","descricao":"Loteamento Reserva da Serra","codigo":"","bairro":"ZONA RURAL (1º DISTRITO)","cep":""},"geometry":{"type":"LineString","coordinates":[[-38.2521062,-7.9929701,0.0],[-38.252632,-7.9928798,0.0]]}},
{"type":"Feature","properties":{"name":"Avenida Projetada Principal","descricao":"Loteamento Reserva da Serra","codigo":"","bairro":"ZONA RURAL (1º DISTRITO)","cep":""},"geometry":{"type":"LineString","coordinates":[[-38.2549997,-7.9887798,0.0],[-38.2549166,-7.9891278,0.0],[-38.2527601,-7.9895607,0.0],[-38.2533455,-7.9924129,0.0]]}},
{"type":"Feature","properties":{"name":"Rua Pedro Victor","descricao":"Lei 261 de 19.03.1969","codigo":"554","bairro":"CAIÇARINHA DA PENHA","cep":""},"geometry":{"type":"LineString","coordinates":[[-38.1337161,-8.1198449,0.0],[-38.1325976,-8.1210769,0.0]]}},
{"type":"Feature","properties":{"name":"Rua Joaquim Cordeiro","descricao":"Lei 263 de 19.03.1969","codigo":"","bairro":"CAIÇARINHA DA PENHA","cep":""},"geometry":{"type":"LineString","coordinates":[[-38.1366747,-8.1159985,0.0],[-38.1361562,-8.1178464,0.0],[-38.1360301,-8.1181889,0.0],[-38.1356635,-8.1188991,0.0],[-38.1344378,-8.1202115,0.0],[-38.1343438,-8.1203177,0.0]]}},
{"type":"Feature","properties":{"name":"Rua Luiz de Melo Lima","descricao":"Lei 263 de 19.03.1969","codigo":"518","bairro":"CAIÇARINHA DA PENHA","cep":""},"geometry":{"type":"LineString","coordinates":[[-38.1333494,-8.119188,0.0],[-38.1344378,-8.1202115,0.0],[-38.1343438,-8.1203177,0.0],[-38.1332486,-8.1192857,0.0]]}},
{"type":"Feature","properties":{"name":"Rua Miguel de Melo Lima","descricao":"Lei 1856 de 23.09.2021","codigo":"525","bairro":"CAIÇARINHA DA PENHA","cep":""},"geometry":{"type":"LineString","coordinates":[[-38.1343143,-8.1203575,0.0],[-38.1337688,-8.1209198,0.0]]}},
{"type":"Feature","properties":{"name":"Rua José Avelino de Souza","descricao":"Lei 1870 de 04.11.2021 (Antiga Rua Luiz Andrada) ","codigo":"","bairro":"CAIÇARINHA DA PENHA","cep":""},"geometry":{"type":"LineString","coordinates":[[-38.1346307,-8.1206679,0.0],[-38.1340916,-8.1212069,0.0]]}},
{"type":"Feature","properties":{"name":"Rua João Alves da Silva","descricao":"Lei 1867 de 18.10.2021","codigo":"","bairro":"CAIÇARINHA DA PENHA","cep":""},"geometry":{"type":"LineString","coordinates":[[-38.1347622,-8.1218519,0.0],[-38.1329168,-8.1202454,0.0]]}},
{"type":"Feature","properties":{"name":"Rua Abel Bernardino","descricao":"Lei 265 de 19.03.1969","codigo":"504","bairro":"CAIÇARINHA DA PENHA","cep":""},"geometry":{"type":"LineString","coordinates":[[-38.1344378,-8.1202115,0.0],[-38.1362489,-8.1219197,0.0],[-38.1361684,-8.1220232,0.0],[-38.1343438,-8.1203177,0.0]]}},
{"type":"Feature","properties":{"name":"Rua Manoel Alves de Lima","descricao":"Lei 1987 de 18.08.2023 (Antiga Rua da Cadeia)","codigo":"553","bairro":"CAIÇARINHA DA PENHA","cep":""},"geometry":{"type":"LineString","coordinates":[[-38.1356415,-8.1189852,0.0],[-38.135502,-8.1194864,0.0],[-38.1356093,-8.1198124,0.0],[-38.1348904,-8.1205811,0.0]]}},
{"type":"Feature","properties":{"name":"Estrada Sem Nome","descricao":"","codigo":"","bairro":"CAIÇARINHA DA PENHA","cep":""},"geometry":{"type":"LineString","coordinates":[[-38.1334366,-8.1190676,0.0],[-38.1331845,-8.1193543,0.0],[-38.13286,-8.120212,0.0],[-38.1324174,-8.120759,0.0],[-38.1315993,-8.1213432,0.0],[-38.1314813,-8.1214096,0.0],[-38.1312694,-8.1214096,0.0]]}},
{"type":"Feature","properties":{"name":"Estrada Sem Nome","descricao":"","codigo":"","bairro":"CAIÇARINHA DA PENHA","cep":""},"geometry":{"type":"LineString","coordinates":[[-38.1361684,-8.1220232,0.0],[-38.1363796,-8.1221849,0.0],[-38.1372326,-8.1225699,0.0],[-38.1379573,-8.1228733,0.0],[-38.1384777,-8.1231574,0.0]]}},
{"type":"Feature","properties":{"name":"Rua José Moreno do Nascimento","descricao":"Lei 1994 de 04.09.2023, altera a Lei 1904/2022 (Antiga Rua José Alves de Lima)","codigo":"","bairro":"CAIÇARINHA DA PENHA","cep":""},"geometry":{"type":"LineString","coordinates":[[-38.1352185,-8.1211769,0.0],[-38.1348268,-8.1218514,0.0]]}},
{"type":"Feature","properties":{"name":"Rua Luiz Moreno Neto","descricao":"Lei 2022 de 28.12.2023 (Antiga Rua Projetada Luiz Moreno)","codigo":"","bairro":"CAIÇARINHA DA PENHA","cep":""},"geometry":{"type":"LineString","coordinates":[[-38.1362538,-8.1201918,0.0],[-38.1359606,-8.1209949,0.0],[-38.1357631,-8.1213832,0.0],[-38.1354805,-8.1217809,0.0]]}},
{"type":"Feature","properties":{"name":"Rua Projetada 03","descricao":"Distrito Industrial","codigo":"","bairro":"VANETE ALMEIDA","cep":"56908030"},"geometry":{"type":"LineString","coordinates":[[-38.345112,-8.00223,0.0],[-38.346741,-8.003381,0.0]]}},
{"type":"Feature","properties":{"name":"Rua Projetada 04","descricao":"Distrito Industrial","codigo":"","bairro":"VANETE ALMEIDA","cep":"56908035"},"geometry":{"type":"LineString","coordinates":[[-38.342968,-8.005243,0.0],[-38.344596,-8.006395,0.0]]}},
{"type":"Feature","properties":{"name":"Rua Projetada 05","descricao":"Distrito Industrial","codigo":"","bairro":"VANETE ALMEIDA","cep":"56908040"},"geometry":{"type":"LineString","coordinates":[[-38.342255,-8.006245,0.0],[-38.343883,-8.007397,0.0]]}},
{"type":"Feature","properties":{"name":"Rua Projetada 06","descricao":"Distrito Industrial","codigo":"","bairro":"VANETE ALMEIDA","cep":"56908045"},"geometry":{"type":"LineString","coordinates":[[-38.340076,-8.009307,0.0],[-38.341704,-8.010458,0.0]]}},
{"type":"Feature","properties":{"name":"Rua Projetada 01","descricao":"Distrito Industrial","codigo":"","bairro":"VANETE ALMEIDA","cep":""},"geometry":{"type":"LineString","coordinates":[[-38.337351,-8.013137,0.0],[-38.339557,-8.013477,0.0]]}},
{"type":"Feature","properties":{"name":"Rua Projetada 02","descricao":"Distrito Industrial","codigo":"","bairro":"VANETE ALMEIDA","cep":"56908025"},"geometry":{"type":"LineString","coordinates":[[-38.339557,-8.013477,0.0],[-38.3467315,-8.0034022,0.0]]}},
{"type":"Feature","properties":{"name":"Rua Projetada Sapateiro Raimundo Morais","descricao":"Loteamento Quitandinha","codigo":"9201","bairro":"José Alves de Carvalho Nunes","cep":""},"geometry":{"type":"LineString","coordinates":[[-38.2689719,-7.9923374,0.0],[-38.2684489,-7.9927598,0.0]]}},
{"type":"Feature","properties":{"name":"Rua Major João Rufino Alves","descricao":"Prolongamento","codigo":"161","bairro":"JOSÉ RUFINO ALVES","cep":"56915010"},"geometry":{"type":"LineString","coordinates":[[-38.304694,-7.99763,0.0],[-38.305791,-7.99714,0.0],[-38.306982,-7.996612,0.0]]}},
{"type":"Feature","properties":{"name":"Avenida Luiz Rufino Alves","descricao":"Prolongamento","codigo":"1431","bairro":"JOSÉ RUFINO ALVES","cep":"56915260"},"geometry":{"type":"LineString","coordinates":[[-38.306101,-7.998028,0.0],[-38.305988,-7.997788,0.0],[-38.305915,-7.99757,0.0],[-38.305534,-7.996324,0.0]]}},
{"type":"Feature","properties":{"name":"Rua Darlineia Lopes Fernandes Silva","descricao":"Lei 1980 de 25.07.2023 (antiga Rua Projetada 01 Quadra 54 Quitandinha)","codigo":"9198","bairro":"JOSÉ ALVES CARVALHO NUNES","cep":""},"geometry":{"type":"LineString","coordinates":[[-38.2753079,-7.9920631,0.0],[-38.2749057,-7.9901916,0.0]]}},
{"type":"Feature","properties":{"name":"Avenida Paulo Nazzon Araújo Leão","descricao":"Lei 1907 de  01.04.2022","codigo":"","bairro":"JOSE RUFINO ALVES","cep":"56915115"},"geometry":{"type":"LineString","coordinates":[[-38.3058563,-8.0076425,0.0],[-38.2596572,-8.0164692,0.0]]}},
{"type":"Feature","properties":{"name":"Rodovia Vereador Bartolomeu Ferraz (PE 390)","descricao":"Lei Estadual 17327 de 28.06.2021 (Rodovia PE 390, que liga os municípios de Serra Talhada e Floresta)","codigo":"","bairro":"","cep":""},"geometry":{"type":"LineString","coordinates":[[-38.3228503,-8.0715024,0.0],[-38.2442894,-8.0032339,0.0]]}},
{"type":"Feature","properties":{"name":"Avenida Manoel Firmino Sobrinho","descricao":"Lei 1493 de 28.10.2015 (Antiga Rua do Comércio)","codigo":"","bairro":"VARZINHA","cep":"56923000"},"geometry":{"type":"LineString","coordinates":[[-38.1254423,-8.0325451,0.0],[-38.1252144,-8.0326514,0.0],[-38.1235487,-8.0328001,0.0],[-38.1223364,-8.0328665,0.0],[-38.121639,-8.0329023,0.0],[-38.1214378,-8.032901,0.0],[-38.1200377,-8.0326806,0.0]]}},
{"type":"Feature","properties":{"name":"Rua Vicente Tavares da Silva","descricao":"","codigo":"","bairro":"Varzinha","cep":"56923000"},"geometry":{"type":"LineString","coordinates":[[-38.124368,-8.031471,0.0],[-38.1233667,-8.0314467,0.0],[-38.1223474,-8.0314945,0.0],[-38.1212853,-8.0315158,0.0]]}},
{"type":"Feature","properties":{"name":"Avenida Joaquim Tiburtino de Lima","descricao":"Lei 1501 de 25.11.2015 (Antiga Rua Barão de Lucena)","codigo":"","bairro":"VARZINHA","cep":"56923000"},"geometry":{"type":"LineString","coordinates":[[-38.1233988,-8.0324435,0.0],[-38.1233371,-8.0306269,0.0],[-38.1233289,-8.0301899,0.0],[-38.1233279,-8.0294212,0.0],[-38.1233065,-8.0283721,0.0]]}},
{"type":"Feature","properties":{"name":"Rua José Bezerra de Lima","descricao":"Lei 1498 de 18.11.2015 (Antiga Rua Boa Vista)","codigo":"","bairro":"VARZINHA","cep":"56923000"},"geometry":{"type":"LineString","coordinates":[[-38.1224839,-8.0324482,0.0],[-38.1224678,-8.0313274,0.0],[-38.1224356,-8.0305625,0.0],[-38.122427,-8.029973,0.0]]}},
{"type":"Feature","properties":{"name":"Rua Soldado José Arderval de Melo Lima","descricao":"Lei 1504 de 25.11.2015 (Antiga Travessa do Grupo)","codigo":"","bairro":"VARZINHA","cep":"56923000"},"geometry":{"type":"LineString","coordinates":[[-38.1256156,-8.0333384,0.0],[-38.123553,-8.0334499,0.0],[-38.1215923,-8.0335429,0.0]]}},
{"type":"Feature","properties":{"name":"Rua Maria Francisca de Lima","descricao":"Lei 1511 de 23.12.2015 (Antiga Travessa do Grupo I)","codigo":"","bairro":"VARZINHA","cep":"56923000"},"geometry":{"type":"LineString","coordinates":[[-38.1233961,-8.0340325,0.0],[-38.1224278,-8.0340909,0.0],[-38.1215159,-8.0341254,0.0]]}},
{"type":"Feature","properties":{"name":"Avenida Vereador Orlando Silva de Lima","descricao":"Lei 1499 de 18.11.2015 (Antiga Rua do Grupo)","codigo":"9225","bairro":"VARZINHA","cep":"56923000"},"geometry":{"type":"LineString","coordinates":[[-38.1233643,-8.0382975,0.0],[-38.1234502,-8.0374662,0.0],[-38.1235575,-8.036542,0.0],[-38.1235306,-8.0355062,0.0],[-38.1234877,-8.034242,0.0],[-38.123467,-8.033533,0.0],[-38.1234287,-8.0328768,0.0]]}},
{"type":"Feature","properties":{"name":"Rua José Hildo de Lima ","descricao":"Lei 1509 de 23.12.2015 (Dé d Zé Amarante, antiga Rua da Caixa D'água I)","codigo":"","bairro":"VARZINHA","cep":"56923000"},"geometry":{"type":"LineString","coordinates":[[-38.12344,-8.035047,0.0],[-38.1223317,-8.0350042,0.0],[-38.1213902,-8.0349538,0.0]]}},
{"type":"Feature","properties":{"name":"Rua José Serafim de Souza","descricao":"Lei 1508 de 07.12.2015 (Antiga Travessa do Comércio)","codigo":"","bairro":"Varzinha","cep":"56923000"},"geometry":{"type":"LineString","coordinates":[[-38.1216247,-8.0329558,0.0],[-38.1208967,-8.038344,0.0]]}},
{"type":"Feature","properties":{"name":"Rua Sebastião Lucindo de Souza","descricao":"Lei n° 1.541, de 15 de Abril de 2016. ","codigo":"","bairro":"Varzinha","cep":"56923000"},"geometry":{"type":"LineString","coordinates":[[-38.1214956,-8.0334508,0.0],[-38.1197897,-8.0332091,0.0]]}},
{"type":"Feature","properties":{"name":"Rua João Freire de Siqueira","descricao":"Lei 1911 de 18.04.2022","codigo":"","bairro":"VARZINHA","cep":"56923000"},"geometry":{"type":"LineString","coordinates":[[-38.1239797,-8.0356015,0.0],[-38.1213293,-8.0354514,0.0]]}},
{"type":"Feature","properties":{"name":"Rua Sem Denominação","descricao":"","codigo":"","bairro":"Varzinha","cep":""},"geometry":{"type":"LineString","coordinates":[[-38.1223776,-8.0335967,0.0],[-38.1223964,-8.0341028,0.0],[-38.1223317,-8.0350042,0.0],[-38.1219402,-8.0380733,0.0]]}},
{"type":"Feature","properties":{"name":"Rua Sem Denominação","descricao":"","codigo":"","bairro":"Varzinha","cep":""},"geometry":{"type":"LineString","coordinates":[[-38.1213455,-8.0345587,0.0],[-38.1198757,-8.03441,0.0]]}},
{"type":"Feature","properties":{"name":"Rua Sem Denominação","descricao":"","codigo":"","bairro":"Varzinha","cep":""},"geometry":{"type":"LineString","coordinates":[[-38.1207689,-8.0333822,0.0],[-38.1204752,-8.0349345,0.0],[-38.1202183,-8.0363083,0.0],[-38.1201788,-8.0367256,0.0],[-38.120091,-8.0372811,0.0],[-38.1199925,-8.0376347,0.0],[-38.1198832,-8.0382379,0.0],[-38.1199344,-8.0384041,0.0],[-38.1200044,-8.0385505,0.0]]}},
{"type":"Feature","properties":{"name":"Rua Sem Denominação","descricao":"","codigo":"","bairro":"Varzinha","cep":""},"geometry":{"type":"LineString","coordinates":[[-38.1229711,-8.0341175,0.0],[-38.1229658,-8.0350019,0.0]]}},
{"type":"Feature","properties":{"name":"Rua Antônio Tavares da Silva","descricao":"Lei 2035 de 20.03.2024","codigo":"","bairro":"Varzinha","cep":""},"geometry":{"type":"LineString","coordinates":[[-38.1238908,-8.0360824,0.0],[-38.1222412,-8.0360028,0.0]]}},
{"type":"Feature","properties":{"name":"Rua José Florentino de Lima","descricao":"Lei 2034 de 20.03.2024","codigo":"","bairro":"Varzinha","cep":""},"geometry":{"type":"LineString","coordinates":[[-38.1235126,-8.0365605,0.0],[-38.1221742,-8.0364729,0.0]]}},
{"type":"Feature","properties":{"name":"Rua Sem Denominação","descricao":"","codigo":"","bairro":"Varzinha","cep":""},"geometry":{"type":"LineString","coordinates":[[-38.1234634,-8.037051,0.0],[-38.1221062,-8.0369607,0.0]]}},
{"type":"Feature","properties":{"name":"Rua Sem Denominação","descricao":"","codigo":"","bairro":"Varzinha","cep":""},"geometry":{"type":"LineString","coordinates":[[-38.1234124,-8.0375423,0.0],[-38.1220418,-8.0374733,0.0]]}},
{"type":"Feature","properties":{"name":"Rua Sem Denominação","descricao":"","codigo":"","bairro":"Varzinha","cep":""},"geometry":{"type":"LineString","coordinates":[[-38.1235521,-8.0350882,0.0],[-38.1251802,-8.035144,0.0]]}},
{"type":"Feature","properties":{"name":"Rua Sem Denominação","descricao":"","codigo":"","bairro":"Varzinha","cep":""},"geometry":{"type":"LineString","coordinates":[[-38.1273851,-8.0328564,0.0],[-38.1269935,-8.0328882,0.0]]}},
{"type":"Feature","properties":{"name":"Rua Sem Denominação","descricao":"","codigo":"","bairro":"Varzinha","cep":""},"geometry":{"type":"LineString","coordinates":[[-38.1255937,-8.0326538,0.0],[-38.1256581,-8.0333257,0.0]]}},
{"type":"Feature","properties":{"name":"Rua Sem Denominação","descricao":"","codigo":"","bairro":"Varzinha","cep":""},"geometry":{"type":"LineString","coordinates":[[-38.1230094,-8.0334228,0.0],[-38.1229853,-8.0329262,0.0]]}},
{"type":"Feature","properties":{"name":"Rua Sem Denominação","descricao":"","codigo":"","bairro":"Varzinha","cep":""},"geometry":{"type":"LineString","coordinates":[[-38.122819,-8.0329288,0.0],[-38.1228163,-8.0334361,0.0]]}},
{"type":"Feature","properties":{"name":"Rua Sem Denominação","descricao":"","codigo":"","bairro":"Varzinha","cep":""},"geometry":{"type":"LineString","coordinates":[[-38.1202231,-8.0327736,0.0],[-38.1201453,-8.0332437,0.0]]}},
{"type":"Feature","properties":{"name":"Avenida Manoel Firmino Sobrinho","descricao":"","codigo":"","bairro":"","cep":""},"geometry":{"type":"LineString","coordinates":[[-38.1206757,-8.0321451,0.0],[-38.1213708,-8.0322561,0.0],[-38.1217249,-8.0323597,0.0],[-38.1221433,-8.0325323,0.0],[-38.1224779,-8.0325621,0.0],[-38.123414,-8.0325249,0.0],[-38.1251414,-8.0323576,0.0],[-38.1254793,-8.0324081,0.0]]}},
{"type":"Feature","properties":{"name":"BR-232","descricao":"","codigo":"","bairro":"","cep":""},"geometry":{"type":"LineString","coordinates":[[-38.1180551,-8.0319768,0.0],[-38.1216171,-8.0326301,0.0],[-38.1226365,-8.0327156,0.0],[-38.1235028,-8.0326625,0.0],[-38.133237,-8.0317216,0.0]]}},
{"type":"Feature","properties":{"name":"Via Local 01","descricao":"","codigo":"","bairro":"NOVO HORIZONTE","cep":""},"geometry":{"type":"LineString","coordinates":[[-38.1232084,-8.0388431,0.0],[-38.1218888,-8.0388165,0.0]]}},
{"type":"Feature","properties":{"name":"Via Local 02","descricao":"","codigo":"","bairro":"NOVO HORIZONTE","cep":""},"geometry":{"type":"LineString","coordinates":[[-38.1218244,-8.0392787,0.0],[-38.1231333,-8.0393052,0.0]]}},
{"type":"Feature","properties":{"name":"Rua Maria Cilene de Lima Teles","descricao":"Lei 1713 de 08.11.2011 (antiga Via Local 03)","codigo":"","bairro":"NOVO HORIZONTE","cep":""},"geometry":{"type":"LineString","coordinates":[[-38.1217547,-8.0397594,0.0],[-38.1230985,-8.0398045,0.0]]}},
{"type":"Feature","properties":{"name":"Avenida Vereador Orlando Silva de Lima","descricao":"Prolongamento","codigo":"","bairro":"","cep":""},"geometry":{"type":"LineString","coordinates":[[-38.1233643,-8.0382975,0.0],[-38.1222547,-8.0476688,0.0]]}},
{"type":"Feature","properties":{"name":"Rua José Gomes da Silva","descricao":"Prolongamento","codigo":"1519","bairro":"JOSÉ ALVES CARVALHO NUNES","cep":"56904240"},"geometry":{"type":"LineString","coordinates":[[-38.2768345,-7.9918082,0.0],[-38.2760557,-7.9919666,0.0]]}},
{"type":"Feature","properties":{"name":"Rua Antônio Alves de Oliveira","descricao":"Lei 1978 de 11.07.2023","codigo":"138","bairro":"AABB - NOSSA SENHORA DA CONCEIÇÃO","cep":"56912160"},"geometry":{"type":"LineString","coordinates":[[-38.2925766,-8.0034047,0.0],[-38.2921402,-8.0018438,0.0],[-38.2919233,-8.0010607,0.0],[-38.2917441,-8.000267,0.0],[-38.2915596,-7.9997902,0.0],[-38.2912588,-7.9990775,0.0],[-38.2908931,-7.998243,0.0],[-38.2906511,-7.9975928,0.0],[-38.2903074,-7.9966361,0.0],[-38.2900146,-7.995808,0.0],[-38.2897236,-7.9949974,0.0],[-38.2892418,-7.99372,0.0],[-38.2888036,-7.9924879,0.0],[-38.2859802,-7.9848283,0.0]]}},
{"type":"Feature","properties":{"name":"Avenida Luiz Cordeiro de Siqueira","descricao":"Lei 1924 de 20.07.2022 (Trecho da PE 320)","codigo":"","bairro":"1º Distrito","cep":""},"geometry":{"type":"LineString","coordinates":[[-38.1726625,-7.9431795,0.0],[-38.1684139,-7.9417131,0.0],[-38.1640472,-7.9401936,0.0],[-38.1579425,-7.9380897,0.0],[-38.1557968,-7.9373352,0.0]]}},
{"type":"Feature","properties":{"name":"Travessa Augusto Alves de Almeida","descricao":"","codigo":"","bairro":"SAO SEBASTIAO","cep":""},"geometry":{"type":"LineString","coordinates":[[-38.3068823,-7.9791627,0.0],[-38.306818,-7.9786925,0.0]]}},
{"type":"Feature","properties":{"name":"Estrada Antônio Pereira de Sousa","descricao":"Lei 1941 de 06.12.2022 (antiga Estrada Projetada no Assentamento São Lourenço, Distrito de Santa Rita)","codigo":"","bairro":"SANTA RITA","cep":""},"geometry":{"type":"LineString","coordinates":[[-38.5144037,-7.7658458,0.0],[-38.5174951,-7.7673149,0.0]]}},
{"type":"Feature","properties":{"name":"Rua Maria Edileuza de Melo","descricao":"Lei 1801 de 18.12.2020 (Didi, antiga Rua 11 COHAB)","codigo":"236","bairro":"TANCREDO NEVES","cep":"56909208"},"geometry":{"type":"LineString","coordinates":[[-38.2827648,-7.9788897,0.0],[-38.280647,-7.9751072,0.0]]}},
{"type":"Feature","properties":{"name":"Rua Maria Barbosa da Silva","descricao":"Lei 1939 de 25.10.2022 (Mercês, antiga Rua Projetada 02)","codigo":"","bairro":"AABB","cep":""},"geometry":{"type":"LineString","coordinates":[[-38.2834948,-8.0013028,0.0],[-38.2840085,-8.0031873,0.0]]}},
{"type":"Feature","properties":{"name":"Rua Maria do Carmo Pereira de Souza","descricao":"Lei 726 de 11.04.90","codigo":"263","bairro":"NOSSA SENHORA DA PENHA - SÃO CRISTÓVÃO","cep":"56903047"},"geometry":{"type":"LineString","coordinates":[[-38.3000844,-7.9863993,0.0],[-38.2988494,-7.985135,0.0],[-38.2975902,-7.9839372,0.0]]}},
{"type":"Feature","properties":{"name":"Avenida Adriano Duque de Godoy Sousa","descricao":"prolongamento do Anel Viário","codigo":"8040","bairro":"VILA BELA","cep":""},"geometry":{"type":"LineString","coordinates":[[-38.3122948,-7.9916081,0.0],[-38.3132886,-7.9923052,0.0],[-38.3138133,-7.9927048,0.0],[-38.3143252,-7.9931963,0.0],[-38.3147973,-7.9936877,0.0],[-38.3152854,-7.994195,0.0],[-38.316184,-7.9951141,0.0],[-38.3165085,-7.9953558,0.0],[-38.3166453,-7.9954022,0.0],[-38.3167351,-7.9954102,0.0],[-38.3168223,-7.9953664,0.0],[-38.3171831,-7.9950224,0.0]]}},
{"type":"Feature","properties":{"name":"Avenida Adriano Duque de Godoy Sousa","descricao":"prolongamento do Anel Viário","codigo":"","bairro":"JOSÉ TOMÉ DE SOUSA - TANCREDO NEVES","cep":""},"geometry":{"type":"LineString","coordinates":[[-38.2902448,-7.9724595,0.0],[-38.2865885,-7.9694684,0.0],[-38.2828898,-7.9663472,0.0],[-38.2798786,-7.9638641,0.0],[-38.2783309,-7.9626127,0.0],[-38.2779351,-7.962334,0.0],[-38.2744906,-7.9605511,0.0],[-38.2719291,-7.9592226,0.0],[-38.2717508,-7.9591187,0.0],[-38.2715376,-7.958954,0.0],[-38.2712925,-7.958761,0.0],[-38.2709438,-7.9583093,0.0],[-38.2693706,-7.9552669,0.0],[-38.2691627,-7.9549203,0.0],[-38.2689548,-7.9546347,0.0],[-38.2687523,-7.9544156,0.0],[-38.2686021,-7.9542841,0.0],[-38.268476,-7.9541977,0.0],[-38.2680304,-7.9539401,0.0],[-38.2678024,-7.9538418,0.0],[-38.2674053,-7.9537458,0.0],[-38.2644334,-7.9531418,0.0],[-38.2624004,-7.9528061,0.0]]}},
{"type":"Feature","properties":{"name":"Avenida Adriano Duque de Godoy Sousa","descricao":"prolongamento do Anel Viário (antigo trecho da Rua Maria do Carmo Pereira de Souza)","codigo":"8040","bairro":"BOM JESUS - NOSSA SENHORA DA PENHA","cep":""},"geometry":{"type":"LineString","coordinates":[[-38.3038747,-7.9876643,0.0],[-38.3048671,-7.9878781,0.0],[-38.3055913,-7.9881118,0.0],[-38.3060432,-7.9883549,0.0]]}},
{"type":"Feature","properties":{"name":"Avenida Adriano Duque de Godoy Sousa","descricao":"prolongamento do Anel Viário (antigo trecho da Rua Joaquim Timóteo de Lima)","codigo":"8040","bairro":"BOM JESUS","cep":""},"geometry":{"type":"LineString","coordinates":[[-38.3061111,-7.988391,0.0],[-38.306622,-7.9889408,0.0]]}},
{"type":"Feature","properties":{"name":"Rua Projetada Paral Av Waldemar Ignácio","descricao":"","codigo":"157","bairro":"NOSSA SENHORA DA PENHA","cep":""},"geometry":{"type":"LineString","coordinates":[[-38.2987141,-7.9842938,0.0],[-38.2987364,-7.9841477,0.0],[-38.2987439,-7.9840774,0.0],[-38.2986433,-7.9841642,0.0],[-38.2987439,-7.9840774,0.0],[-38.2992925,-7.9834009,0.0],[-38.2999738,-7.9826482,0.0]]}},
{"type":"Feature","properties":{"name":"Avenida Adriano Duque de Godoy Sousa","descricao":"prolongamento do Anel Viário (antigo trecho da Avenida Projetada Linha Férrea)","codigo":"","bairro":"TANCREDO NEVES","cep":""},"geometry":{"type":"LineString","coordinates":[[-38.2620932,-7.9527198,0.0],[-38.2614602,-7.9526082,0.0],[-38.2609935,-7.9524914,0.0],[-38.2605513,-7.9523031,0.0],[-38.2600298,-7.9520164,0.0]]}},
{"type":"Feature","properties":{"name":"Rua Projetada 20","descricao":"Loteamento Zona Sul","codigo":"","bairro":"JOSÉ RUFINO ALVES","cep":""},"geometry":{"type":"LineString","coordinates":[[-38.3040428,-8.0074369,0.0],[-38.3047562,-8.0076653,0.0]]}},
{"type":"Feature","properties":{"name":"Rua José Olavo de Andrada","descricao":"prolongamento","codigo":"10","bairro":"NOSSA SENHORA DA PENHA","cep":"56903512"},"geometry":{"type":"LineString","coordinates":[[-38.3038408,-7.9904516,0.0],[-38.3044899,-7.9902816,0.0]]}},
{"type":"Feature","properties":{"name":"Avenida Projetada das Bromélias Leste","descricao":"Loteamento Villa São Miguel","codigo":"9114","bairro":"TANCREDO NEVES","cep":""},"geometry":{"type":"LineString","coordinates":[[-38.2783662,-7.9740411,0.0],[-38.2779799,-7.9735085,0.0],[-38.2764795,-7.971356,0.0],[-38.2753244,-7.9694602,0.0],[-38.2740216,-7.966987,0.0],[-38.273291,-7.965569,0.0],[-38.272615,-7.964341,0.0]]}},
{"type":"Feature","properties":{"name":"Avenida Projetada Linha da Chesf","descricao":"","codigo":"1427","bairro":"TANCREDO NEVES","cep":""},"geometry":{"type":"LineString","coordinates":[[-38.2782381,-7.9744293,0.0],[-38.277875,-7.974215,0.0],[-38.2587157,-7.969435,0.0]]}},
{"type":"Feature","properties":{"name":"Rua Projetada 09","descricao":"Loteamento Manoel Carvalho","codigo":"","bairro":"TANCREDO NEVES","cep":""},"geometry":{"type":"LineString","coordinates":[[-38.2749788,-7.9734164,0.0],[-38.274558,-7.97196,0.0]]}},
{"type":"Feature","properties":{"name":"Rua Projetada 10","descricao":"Loteamento Manoel Carvalho","codigo":"1425","bairro":"TANCREDO NEVES","cep":""},"geometry":{"type":"LineString","coordinates":[[-38.2740333,-7.9731873,0.0],[-38.2737194,-7.9716905,0.0]]}},
{"type":"Feature","properties":{"name":"Rua Projetada 01 Início Linha da Chesf","descricao":"","codigo":"","bairro":"TANCREDO NEVES","cep":""},"geometry":{"type":"LineString","coordinates":[[-38.2728614,-7.9729159,0.0],[-38.27266,-7.97195,0.0]]}},
{"type":"Feature","properties":{"name":"Rua Projetada 01","descricao":"Loteamento Manoel Carvalho","codigo":"1416","bairro":"TANCREDO NEVES","cep":""},"geometry":{"type":"LineString","coordinates":[[-38.275998,-7.971098,0.0],[-38.273722,-7.971718,0.0]]}},
{"type":"Feature","properties":{"name":"Rua Projetada 02","descricao":"Loteamento Manoel Carvalho","codigo":"1417","bairro":"TANCREDO NEVES","cep":""},"geometry":{"type":"LineString","coordinates":[[-38.275554,-7.971667,0.0],[-38.2738277,-7.9721729,0.0]]}},
{"type":"Feature","properties":{"name":"Rua José Domiciliano Paixão","descricao":"Lei 1992 de 23.08.2023 (antiga Rua Projetada 03, Loteamento Manoel Carvalho)","codigo":"1418","bairro":"TANCREDO NEVES","cep":"56909322"},"geometry":{"type":"LineString","coordinates":[[-38.275818,-7.972048,0.0],[-38.273909,-7.972617,0.0]]}},
{"type":"Feature","properties":{"name":"Rua Projetada 04","descricao":"Loteamento Manoel Carvalho","codigo":"1419","bairro":"TANCREDO NEVES","cep":""},"geometry":{"type":"LineString","coordinates":[[-38.276557,-7.972309,0.0],[-38.2739947,-7.9730227,0.0]]}},
{"type":"Feature","properties":{"name":"Rua Projetada 05","descricao":"Loteamento Manoel Carvalho","codigo":"1420","bairro":"TANCREDO NEVES","cep":""},"geometry":{"type":"LineString","coordinates":[[-38.276354,-7.972835,0.0],[-38.2746493,-7.9733507,0.0]]}},
{"type":"Feature","properties":{"name":"Rua Projetada 06","descricao":"Loteamento Manoel Carvalho","codigo":"1421","bairro":"TANCREDO NEVES","cep":""},"geometry":{"type":"LineString","coordinates":[[-38.276889,-7.972781,0.0],[-38.2757207,-7.9735889,0.0]]}},
{"type":"Feature","properties":{"name":"Rua Domingos Sávio dos Santos Diniz","descricao":"Lei 2055 de 11.11.2024 (antiga Rua Projetada 07, Loteamento Manoel Carvalho)","codigo":"1422","bairro":"TANCREDO NEVES","cep":"56909"},"geometry":{"type":"LineString","coordinates":[[-38.276756,-7.973418,0.0],[-38.2762335,-7.9737794,0.0]]}},
{"type":"Feature","properties":{"name":"Rua Projetada 14 Paralela Linha da Chesf","descricao":"","codigo":"","bairro":"TANCREDO NEVES","cep":""},"geometry":{"type":"LineString","coordinates":[[-38.2737194,-7.9716905,0.0],[-38.2716234,-7.9722063,0.0]]}},
{"type":"Feature","properties":{"name":"Rua Projetada 13 Paralela Linha da Chesf","descricao":"","codigo":"9222","bairro":"TANCREDO NEVES","cep":""},"geometry":{"type":"LineString","coordinates":[[-38.273783,-7.972026,0.0],[-38.2716981,-7.9725347,0.0]]}},
{"type":"Feature","properties":{"name":"Rua Projetada 12 Paralela Linha da Chesf","descricao":"","codigo":"","bairro":"TANCREDO NEVES","cep":""},"geometry":{"type":"LineString","coordinates":[[-38.273853,-7.972375,0.0],[-38.2722361,-7.9727482,0.0]]}},
{"type":"Feature","properties":{"name":"Rua Projetada 11 Paralela Linha da Chesf","descricao":"","codigo":"","bairro":"TANCREDO NEVES","cep":""},"geometry":{"type":"LineString","coordinates":[[-38.27393,-7.97271,0.0],[-38.2728971,-7.9729581,0.0]]}},
{"type":"Feature","properties":{"name":"Rua Projetada 10 Paralela Linha da Chesf","descricao":"","codigo":"","bairro":"TANCREDO NEVES","cep":""},"geometry":{"type":"LineString","coordinates":[[-38.274002,-7.9730508,0.0],[-38.2736721,-7.9731278,0.0]]}},
{"type":"Feature","properties":{"name":"Rua Via Local 03","descricao":"Loteamento Brisas da Serra","codigo":"9002","bairro":"SÃO SEBASTIÃO","cep":""},"geometry":{"type":"LineString","coordinates":[[-38.296103,-7.97243,0.0],[-38.296056,-7.972504,0.0],[-38.295141,-7.972464,0.0],[-38.294974,-7.972396,0.0]]}},
{"type":"Feature","properties":{"name":"Rua Via Local 04","descricao":"Loteamento Brisas da Serra","codigo":"","bairro":"SÃO SEBASTIÃO","cep":""},"geometry":{"type":"LineString","coordinates":[[-38.294974,-7.972396,0.0],[-38.293916,-7.97196,0.0]]}},
{"type":"Feature","properties":{"name":"Rua Via Local 01","descricao":"Loteamento Brisas da Serra","codigo":"9001","bairro":"SÃO SEBASTIÃO","cep":""},"geometry":{"type":"LineString","coordinates":[[-38.292279,-7.971499,0.0],[-38.292641,-7.971637,0.0],[-38.292797,-7.971697,0.0],[-38.293182,-7.971878,0.0],[-38.293331,-7.971927,0.0],[-38.29383,-7.971946,0.0],[-38.293916,-7.97196,0.0],[-38.294992,-7.972002,0.0],[-38.295416,-7.972021,0.0],[-38.296072,-7.972051,0.0],[-38.296261,-7.972054,0.0],[-38.296287,-7.972063,0.0],[-38.2963,-7.972082,0.0],[-38.296306,-7.972107,0.0],[-38.2963,-7.972134,0.0],[-38.296257,-7.972195,0.0],[-38.296072,-7.972051,0.0]]}},
{"type":"Feature","properties":{"name":"Rua Via Local 02","descricao":"Loteamento Brisas da Serra","codigo":"","bairro":"SÃO SEBASTIÃO","cep":""},"geometry":{"type":"LineString","coordinates":[[-38.294992,-7.972002,0.0],[-38.294974,-7.972396,0.0]]}},
{"type":"Feature","properties":{"name":"Rua Via Local 05","descricao":"Loteamento Brisas da Serra","codigo":"9003","bairro":"SÃO SEBASTIÃO","cep":""},"geometry":{"type":"LineString","coordinates":[[-38.296603,-7.971583,0.0],[-38.29658,-7.971587,0.0],[-38.295599,-7.971395,0.0],[-38.29554,-7.971389,0.0],[-38.294083,-7.971228,0.0],[-38.293922,-7.971224,0.0],[-38.293867,-7.971227,0.0],[-38.293812,-7.971235,0.0],[-38.293687,-7.971266,0.0],[-38.292641,-7.971637,0.0]]}},
{"type":"Feature","properties":{"name":"Rua Projetada","descricao":"Loteamento Brisas da Serra","codigo":"","bairro":"SÃO SEBASTIÃO","cep":""},"geometry":{"type":"LineString","coordinates":[[-38.2909552,-7.9729853,0.0],[-38.291002,-7.972924,0.0],[-38.292279,-7.971499,0.0]]}},
{"type":"Feature","properties":{"name":"Rua Via Local 16","descricao":"Loteamento Brisas da Serra","codigo":"","bairro":"SÃO SEBASTIÃO","cep":""},"geometry":{"type":"LineString","coordinates":[[-38.29243,-7.971331,0.0],[-38.292484,-7.971338,0.0],[-38.292499,-7.971342,0.0],[-38.29253,-7.971357,0.0],[-38.292552,-7.971382,0.0],[-38.292564,-7.971406,0.0],[-38.292592,-7.971482,0.0],[-38.292641,-7.971637,0.0]]}},
{"type":"Feature","properties":{"name":"Rua Via Local 11","descricao":"Loteamento Brisas da Serra","codigo":"9007","bairro":"SÃO SEBASTIÃO","cep":""},"geometry":{"type":"LineString","coordinates":[[-38.293804,-7.970664,0.0],[-38.293867,-7.971227,0.0]]}},
{"type":"Feature","properties":{"name":"Travessa Via Local 14","descricao":"Loteamento Brisas da Serra","codigo":"9011","bairro":"SÃO SEBASTIÃO","cep":""},"geometry":{"type":"LineString","coordinates":[[-38.296947,-7.96989,0.0],[-38.296891,-7.970165,0.0]]}},
{"type":"Feature","properties":{"name":"Travessa Via Local 15","descricao":"Loteamento Brisas da Serra","codigo":"9012","bairro":"SÃO SEBASTIÃO","cep":""},"geometry":{"type":"LineString","coordinates":[[-38.296418,-7.969717,0.0],[-38.296353,-7.97006,0.0]]}},
{"type":"Feature","properties":{"name":"Rua Via Local 08","descricao":"Loteamento Brisas da Serra","codigo":"9010","bairro":"SÃO SEBASTIÃO","cep":""},"geometry":{"type":"LineString","coordinates":[[-38.29741,-7.970266,0.0],[-38.296891,-7.970165,0.0],[-38.296353,-7.97006,0.0],[-38.295822,-7.969957,0.0],[-38.294247,-7.969779,0.0],[-38.294186,-7.969734,0.0]]}},
{"type":"Feature","properties":{"name":"Rua Via Local 09","descricao":"Loteamento Brisas da Serra","codigo":"9013","bairro":"SÃO SEBASTIÃO","cep":""},"geometry":{"type":"LineString","coordinates":[[-38.295877,-7.96959,0.0],[-38.295854,-7.969572,0.0],[-38.295579,-7.969473,0.0],[-38.294566,-7.96936,0.0],[-38.294545,-7.969366,0.0]]}},
{"type":"Feature","properties":{"name":"Rua Via Local 10","descricao":"Loteamento Brisas da Serra","codigo":"9014","bairro":"SÃO SEBASTIÃO","cep":""},"geometry":{"type":"LineString","coordinates":[[-38.294545,-7.969366,0.0],[-38.294186,-7.969734,0.0],[-38.293757,-7.970199,0.0],[-38.293387,-7.970583,0.0],[-38.29325,-7.97073,0.0],[-38.293114,-7.970882,0.0]]}},
{"type":"Feature","properties":{"name":"Rua Via Local 13","descricao":"Loteamento Brisas da Serra","codigo":"9008","bairro":"SÃO SEBASTIÃO","cep":""},"geometry":{"type":"LineString","coordinates":[[-38.29741,-7.970266,0.0],[-38.297157,-7.970683,0.0],[-38.296909,-7.971096,0.0],[-38.296603,-7.971583,0.0]]}},
{"type":"Feature","properties":{"name":"Rua Via Local 07","descricao":"Loteamento Brisas da Serra","codigo":"9009","bairro":"SÃO SEBASTIÃO","cep":""},"geometry":{"type":"LineString","coordinates":[[-38.2971485,-7.970681,0.0],[-38.29711,-7.970673,0.0],[-38.295734,-7.970402,0.0],[-38.294065,-7.970215,0.0],[-38.293757,-7.970199,0.0]]}},
{"type":"Feature","properties":{"name":"Rua Via Local 06","descricao":"Loteamento Brisas da Serra","codigo":"8026","bairro":"SÃO SEBASTIÃO","cep":""},"geometry":{"type":"LineString","coordinates":[[-38.296909,-7.971096,0.0],[-38.295645,-7.970847,0.0],[-38.293958,-7.970657,0.0],[-38.293804,-7.970664,0.0],[-38.293713,-7.970678,0.0],[-38.293512,-7.97074,0.0],[-38.293114,-7.970882,0.0],[-38.292742,-7.971011,0.0],[-38.292709,-7.97103,0.0],[-38.29243,-7.971331,0.0],[-38.292279,-7.971499,0.0]]}},
{"type":"Feature","properties":{"name":"Rua Via Local 12","descricao":"Loteamento Brisas da Serra","codigo":"9006","bairro":"SÃO SEBASTIÃO","cep":""},"geometry":{"type":"LineString","coordinates":[[-38.295877,-7.96959,0.0],[-38.295886,-7.969612,0.0],[-38.295822,-7.969957,0.0],[-38.295734,-7.970402,0.0],[-38.295645,-7.970847,0.0],[-38.29554,-7.971389,0.0],[-38.295416,-7.972021,0.0]]}},
{"type":"Feature","properties":{"name":"Rua Custódio Conrado de Lorena e Sá","descricao":"Prolongamento","codigo":"1535","bairro":"AABB","cep":"56912550"},"geometry":{"type":"LineString","coordinates":[[-38.2915186,-7.9998122,0.0],[-38.2908776,-8.0002691,0.0]]}},
{"type":"Feature","properties":{"name":"Rua José Alves Conserva","descricao":"Prolongamento","codigo":"412","bairro":"AABB","cep":"56912156"},"geometry":{"type":"LineString","coordinates":[[-38.2913065,-7.9993898,0.0],[-38.2907584,-7.9998081,0.0]]}},
{"type":"Feature","properties":{"name":"Rua Regina Pereira Lima","descricao":"Antiga Rua Projetada 01 Paral Rua Custódio Conrado","codigo":"9215","bairro":"AABB","cep":""},"geometry":{"type":"LineString","coordinates":[[-38.2917065,-8.0003055,0.0],[-38.2909595,-8.0005034,0.0]]}},
{"type":"Feature","properties":{"name":"Rua Projetada 02 Paral Rua Custódio Conrado","descricao":"","codigo":"17337","bairro":"AABB","cep":""},"geometry":{"type":"LineString","coordinates":[[-38.2918277,-8.0008186,0.0],[-38.2910968,-8.0010205,0.0]]}},
{"type":"Feature","properties":{"name":"Rua Antônio Liobino de Souza","descricao":"prolongamento","codigo":"","bairro":"NOSSA SENHORA DE FÁTIMA","cep":"56909512"},"geometry":{"type":"LineString","coordinates":[[-38.2890986,-7.9803454,0.0],[-38.2889385,-7.9801259,0.0]]}},
{"type":"Feature","properties":{"name":"Rua Projetada Início Avenida Luiz Cosme de Magalhães","descricao":"","codigo":"9220","bairro":"TANCREDO NEVES","cep":""},"geometry":{"type":"LineString","coordinates":[[-38.2727542,-7.9641116,0.0],[-38.272423,-7.9644251,0.0],[-38.2720206,-7.9647832,0.0],[-38.2719119,-7.9648576,0.0],[-38.2718073,-7.9649891,0.0],[-38.2715364,-7.9654168,0.0],[-38.2709767,-7.9662625,0.0],[-38.2707555,-7.9666517,0.0],[-38.2705409,-7.967005,0.0],[-38.2702002,-7.9674645,0.0],[-38.2700997,-7.9675708,0.0]]}},
{"type":"Feature","properties":{"name":"Rua Projetada 01","descricao":"Condomínio Alden Ville","codigo":"2234","bairro":"TANCREDO NEVES","cep":""},"geometry":{"type":"LineString","coordinates":[[-38.2701464,-7.9618599,0.0],[-38.2689619,-7.9605847,0.0]]}},
{"type":"Feature","properties":{"name":"Rua Projetada 02","descricao":"Condomínio Alden Ville","codigo":"8024","bairro":"TANCREDO NEVES","cep":""},"geometry":{"type":"LineString","coordinates":[[-38.2699958,-7.9617808,0.0],[-38.2682748,-7.9627336,0.0]]}},
{"type":"Feature","properties":{"name":"Rua Projetada 03","descricao":"Condomínio Alden Ville","codigo":"2236","bairro":"TANCREDO NEVES","cep":""},"geometry":{"type":"LineString","coordinates":[[-38.2696772,-7.9614332,0.0],[-38.2679403,-7.962391,0.0]]}},
{"type":"Feature","properties":{"name":"Rua Projetada 04","descricao":"Condomínio Alden Ville","codigo":"2238","bairro":"TANCREDO NEVES","cep":""},"geometry":{"type":"LineString","coordinates":[[-38.2693704,-7.9611088,0.0],[-38.2676259,-7.9620416,0.0]]}},
{"type":"Feature","properties":{"name":"Rua Projetada 05","descricao":"Condomínio Alden Ville","codigo":"2242","bairro":"TANCREDO NEVES","cep":""},"geometry":{"type":"LineString","coordinates":[[-38.2690445,-7.9607537,0.0],[-38.2672971,-7.9617033,0.0]]}},
{"type":"Feature","properties":{"name":"Rua Projetada 06","descricao":"Condomínio Alden Ville","codigo":"2239","bairro":"TANCREDO NEVES","cep":""},"geometry":{"type":"LineString","coordinates":[[-38.2671181,-7.9615735,0.0],[-38.2683376,-7.962901,0.0]]}},
{"type":"Feature","properties":{"name":"Travessa Projetada 01","descricao":"Condomínio Alden Ville","codigo":"","bairro":"TANCREDO NEVES","cep":""},"geometry":{"type":"LineString","coordinates":[[-38.2688123,-7.9618747,0.0],[-38.2686299,-7.9615426,0.0]]}},
{"type":"Feature","properties":{"name":"Rua Projetada 02 Quadra 55 Quitandinha","descricao":"","codigo":"9218","bairro":"JOSÉ ALVES CARVALHO NUNES","cep":""},"geometry":{"type":"LineString","coordinates":[[-38.2747341,-7.9922264,0.0],[-38.2743221,-7.990346,0.0]]}},
{"type":"Feature","properties":{"name":"Rua Projetada 03 Quadra 56 Quitandinha","descricao":"","codigo":"9219","bairro":"JOSÉ ALVES CARVALHO NUNES","cep":""},"geometry":{"type":"LineString","coordinates":[[-38.2740788,-7.9923791,0.0],[-38.2736523,-7.9904852,0.0]]}},
{"type":"Feature","properties":{"name":"Travessa José Clarival de Souza","descricao":"","codigo":"","bairro":"TANCREDO NEVES","cep":""},"geometry":{"type":"LineString","coordinates":[[-38.2778372,-7.9770238,0.0],[-38.2777111,-7.9764819,0.0]]}},
{"type":"Feature","properties":{"name":"Rua Projetada","descricao":"","codigo":"","bairro":"BOM JESUS","cep":""},"geometry":{"type":"LineString","coordinates":[[-38.3110894,-7.9913696,0.0],[-38.3106776,-7.9916406,0.0]]}},
{"type":"Feature","properties":{"name":"Travessa Projetada","descricao":"","codigo":"","bairro":"BOM JESUS","cep":""},"geometry":{"type":"LineString","coordinates":[[-38.3098957,-7.9906488,0.0],[-38.3098689,-7.9911628,0.0]]}},
{"type":"Feature","properties":{"name":"Praça Melânia Nunes de Souza","descricao":"Lei 2007 de 19.10.2023 (Dona Mocinha)","codigo":"","bairro":"SÃO CRISTÓVÃO","cep":""},"geometry":{"type":"LineString","coordinates":[[-38.2956366,-7.9824902,0.0],[-38.2953013,-7.9826509,0.0],[-38.2951021,-7.9828328,0.0],[-38.2953013,-7.9826509,0.0],[-38.2950076,-7.9827677,0.0]]}},
{"type":"Feature","properties":{"name":"Rua João Dionísio Alves","descricao":"Lei 2006 de 19.10.2023 (João Caiçara)","codigo":"","bairro":"CAIÇARINHA DA PENHA","cep":""},"geometry":{"type":"LineString","coordinates":[[-38.135327,-8.12098,0.0],[-38.1360202,-8.1200444,0.0]]}},
{"type":"Feature","properties":{"name":"Rua Projetada Dona Iraci Cuchatruz Godoy","descricao":"Rua Projetada 21 (Loteamento Quitandinha)","codigo":"991","bairro":"JOSÉ ALVES CARVALHO NUNES","cep":""},"geometry":{"type":"LineString","coordinates":[[-38.2743963,-7.9922879,0.0],[-38.2740235,-7.9904073,0.0]]}},
{"type":"Feature","properties":{"name":"Travessa Projetada","descricao":"","codigo":"","bairro":"AABB","cep":""},"geometry":{"type":"LineString","coordinates":[[-38.2808779,-7.992805,0.0],[-38.2809865,-7.9932088,0.0]]}},
{"type":"Feature","properties":{"name":"Rua Projetada G","descricao":"Loteamento Bela Vista","codigo":"","bairro":"NOSSA SENHORA DA PENHA","cep":""},"geometry":{"type":"LineString","coordinates":[[-38.3032671,-7.9834585,0.0],[-38.303133,-7.9849261,0.0]]}},
{"type":"Feature","properties":{"name":"Rua Maria do Carmo Pereira de Souza","descricao":"Lei 726 de 11.04.90","codigo":"263","bairro":"NOSSA SENHORA DA PENHA","cep":"56903047"},"geometry":{"type":"LineString","coordinates":[[-38.3013368,-7.9869335,0.0],[-38.3007534,-7.9867423,0.0],[-38.3001968,-7.9864036,0.0],[-38.3000533,-7.9862602,0.0],[-38.2999863,-7.9862589,0.0]]}},
{"type":"Feature","properties":{"name":"Rua Projetada 04 Paralela Linha da Chesf","descricao":"","codigo":"9231","bairro":"TANCREDO NEVES","cep":""},"geometry":{"type":"LineString","coordinates":[[-38.2712092,-7.971123,0.0],[-38.2695677,-7.9707584,0.0],[-38.2686115,-7.9705336,0.0],[-38.2671537,-7.9701495,0.0]]}},
{"type":"Feature","properties":{"name":"Rua Projetada 06","descricao":"Loteamento Vila Bela","codigo":"9232","bairro":"TANCREDO NEVES","cep":""},"geometry":{"type":"LineString","coordinates":[[-38.2781462,-7.9678188,0.0],[-38.2774659,-7.9663119,0.0]]}},
{"type":"Feature","properties":{"name":"Rua Sem Denominação","descricao":"","codigo":"","bairro":"Varzinha","cep":""},"geometry":{"type":"LineString","coordinates":[[-38.1214383,-8.0339315,0.0],[-38.1207302,-8.0338359,0.0]]}},
{"type":"Feature","properties":{"name":"Rua Sem Denominação","descricao":"","codigo":"","bairro":"Varzinha","cep":""},"geometry":{"type":"LineString","coordinates":[[-38.1204269,-8.0349645,0.0],[-38.1200916,-8.0349141,0.0]]}},
{"type":"Feature","properties":{"name":"Rua Sem Denominação","descricao":"","codigo":"","bairro":"Varzinha","cep":""},"geometry":{"type":"LineString","coordinates":[[-38.1213023,-8.0349416,0.0],[-38.1205406,-8.0348194,0.0]]}},
{"type":"Feature","properties":{"name":"Rua Sem Denominação","descricao":"","codigo":"","bairro":"Varzinha","cep":""},"geometry":{"type":"LineString","coordinates":[[-38.1255022,-8.0378204,0.0],[-38.1233833,-8.0380222,0.0],[-38.1228227,-8.0380435,0.0],[-38.1209344,-8.038317,0.0],[-38.1200573,-8.0385029,0.0]]}},
{"type":"Feature","properties":{"name":"Rua Sem Denominação","descricao":"","codigo":"","bairro":"Varzinha","cep":""},"geometry":{"type":"LineString","coordinates":[[-38.1254955,-8.0382453,0.0],[-38.1205045,-8.0386803,0.0]]}},
{"type":"Feature","properties":{"name":"Rua Sem Denominação","descricao":"","codigo":"","bairro":"Varzinha","cep":""},"geometry":{"type":"LineString","coordinates":[[-38.1218247,-8.0387237,0.0],[-38.1206513,-8.047543,0.0]]}},
{"type":"Feature","properties":{"name":"Travessa Severino Arlindo da Silva","descricao":"Lei 2033 de 20.03.2024 (antiga Travessa Boa Vista)","codigo":"","bairro":"VARZINHA","cep":""},"geometry":{"type":"LineString","coordinates":[[-38.1243401,-8.0307213,0.0],[-38.1220227,-8.0307426,0.0]]}},
{"type":"Feature","properties":{"name":"Rua José Gonçalo de Lima","descricao":"Lei 2032 de 20.03.2024","codigo":"","bairro":"VARZINHA","cep":""},"geometry":{"type":"LineString","coordinates":[[-38.1239515,-8.0299383,0.0],[-38.1248795,-8.022329,0.0]]}},
{"type":"Feature","properties":{"name":"Travessa Barão de Lucena","descricao":"","codigo":"","bairro":"VARZINHA","cep":""},"geometry":{"type":"LineString","coordinates":[[-38.1244578,-8.0299442,0.0],[-38.1233742,-8.0299814,0.0]]}},
{"type":"Feature","properties":{"name":"Rua Projetada da ETA","descricao":"","codigo":"9238","bairro":"CACHOEIRA","cep":""},"geometry":{"type":"LineString","coordinates":[[-38.313749,-7.9796976,0.0],[-38.3150995,-7.978084,0.0],[-38.3152658,-7.9779312,0.0],[-38.3158659,-7.9774094,0.0],[-38.3161422,-7.9771783,0.0],[-38.3164077,-7.9769698,0.0],[-38.3167095,-7.9767746,0.0],[-38.3172325,-7.976489,0.0],[-38.3177971,-7.9761637,0.0],[-38.3182196,-7.9759591,0.0],[-38.3185134,-7.9758303,0.0],[-38.3191638,-7.9755209,0.0],[-38.3199363,-7.9751569,0.0]]}},
{"type":"Feature","properties":{"name":"Rua Projetada 01 Paralela Linha da Chesf","descricao":"","codigo":"9251","bairro":"TANCREDO NEVES","cep":""},"geometry":{"type":"LineString","coordinates":[[-38.2715396,-7.9722642,0.0],[-38.267071,-7.971199,0.0]]}},
{"type":"Feature","properties":{"name":"Rua Projetada 02 Paralela Linha da Chesf","descricao":"","codigo":"9250","bairro":"TANCREDO NEVES","cep":""},"geometry":{"type":"LineString","coordinates":[[-38.2714243,-7.9719109,0.0],[-38.2670766,-7.9708478,0.0]]}},
{"type":"Feature","properties":{"name":"Rua Projetada 03 Paralela Linha da Chesf","descricao":"","codigo":"9254","bairro":"TANCREDO NEVES","cep":""},"geometry":{"type":"LineString","coordinates":[[-38.2713273,-7.9715225,0.0],[-38.2671095,-7.9705118,0.0]]}},
{"type":"Feature","properties":{"name":"Rua Projetada 05 Paralela Linha da Chesf","descricao":"","codigo":"9241","bairro":"TANCREDO NEVES","cep":""},"geometry":{"type":"LineString","coordinates":[[-38.2711411,-7.9707878,0.0],[-38.2672099,-7.9698273,0.0]]}},
{"type":"Feature","properties":{"name":"Rua Projetada 06 Paralela Linha da Chesf","descricao":"","codigo":"17400","bairro":"TANCREDO NEVES","cep":""},"geometry":{"type":"LineString","coordinates":[[-38.2710159,-7.9704343,0.0],[-38.2672474,-7.9694966,0.0]]}},
{"type":"Feature","properties":{"name":"Rua Projetada 07 Paralela Linha da Chesf","descricao":"","codigo":"","bairro":"TANCREDO NEVES","cep":""},"geometry":{"type":"LineString","coordinates":[[-38.2709113,-7.9700225,0.0],[-38.2673038,-7.9691725,0.0]]}},
{"type":"Feature","properties":{"name":"Rua Projetada 08 Paralela Linha da Chesf","descricao":"","codigo":"9247","bairro":"TANCREDO NEVES","cep":""},"geometry":{"type":"LineString","coordinates":[[-38.2707839,-7.9696533,0.0],[-38.2673775,-7.9688166,0.0]]}},
{"type":"Feature","properties":{"name":"Rua Projetada 07","descricao":"Loteamento Vila Bela","codigo":"","bairro":"TANCREDO NEVES","cep":""},"geometry":{"type":"LineString","coordinates":[[-38.2784881,-7.9677167,0.0],[-38.2778015,-7.9662079,0.0]]}},
{"type":"Feature","properties":{"name":"Rua Projetada 08","descricao":"Loteamento Vila Bela","codigo":"","bairro":"TANCREDO NEVES","cep":""},"geometry":{"type":"LineString","coordinates":[[-38.2787939,-7.9676158,0.0],[-38.2781394,-7.966099,0.0]]}},
{"type":"Feature","properties":{"name":"Rua Projetada 09","descricao":"Loteamento Vila Bela","codigo":"","bairro":"TANCREDO NEVES","cep":""},"geometry":{"type":"LineString","coordinates":[[-38.2791614,-7.9674962,0.0],[-38.2784881,-7.9659901,0.0]]}},
{"type":"Feature","properties":{"name":"Rua Projetada 10","descricao":"Loteamento Vila Bela","codigo":"","bairro":"TANCREDO NEVES","cep":""},"geometry":{"type":"LineString","coordinates":[[-38.2795098,-7.9673972,0.0],[-38.278821,-7.9658653,0.0]]}},
{"type":"Feature","properties":{"name":"Rua Projetada 05","descricao":"Loteamento Vila Bela","codigo":"","bairro":"TANCREDO NEVES","cep":""},"geometry":{"type":"LineString","coordinates":[[-38.2777973,-7.9679342,0.0],[-38.2771401,-7.96646,0.0]]}},
{"type":"Feature","properties":{"name":"Rua da Baraúna","descricao":"Loteamento Rocha","codigo":"","bairro":"JOSÉ RUFINO ALVES","cep":""},"geometry":{"type":"LineString","coordinates":[[-38.3086259,-7.9936522,0.0],[-38.3068235,-7.9937027,0.0]]}},
{"type":"Feature","properties":{"name":"Rua do Mameleiro","descricao":"Loteamento Rocha","codigo":"","bairro":"JOSÉ RUFINO ALVES","cep":""},"geometry":{"type":"LineString","coordinates":[[-38.3086852,-7.9948645,0.0],[-38.306872,-7.9949229,0.0]]}},
{"type":"Feature","properties":{"name":"Rua Paulo Rodrigues da Silva","descricao":"Prolongamento (antiga Avenida Projetada 00, Loteamento Zona Sul)","codigo":"9163","bairro":"JOSÉ RUFINO ALVES","cep":""},"geometry":{"type":"LineString","coordinates":[[-38.307112,-7.997578,0.0],[-38.307043,-7.997067,0.0],[-38.306982,-7.996612,0.0],[-38.3069234,-7.9961727,0.0],[-38.3069027,-7.9956886,0.0],[-38.3068235,-7.9937027,0.0]]}},
{"type":"Feature","properties":{"name":"Rua da Catingueira","descricao":"Loteamento Rocha","codigo":"","bairro":"JOSÉ RUFINO ALVES","cep":""},"geometry":{"type":"LineString","coordinates":[[-38.3087289,-7.9969051,0.0],[-38.3070552,-7.9971335,0.0]]}},
{"type":"Feature","properties":{"name":"Rua Espedito Constantino Gregório","descricao":"Prolongamento (Loteamento Rocha)","codigo":"1994","bairro":"JOSÉ RUFINO ALVES","cep":"56915340"},"geometry":{"type":"LineString","coordinates":[[-38.3087496,-7.9973665,0.0],[-38.307112,-7.997578,0.0]]}},
{"type":"Feature","properties":{"name":"Rua da Quixaba","descricao":"Loteamento Rocha","codigo":"1987","bairro":"JOSÉ RUFINO ALVES","cep":""},"geometry":{"type":"LineString","coordinates":[[-38.3077924,-7.9991271,0.0],[-38.3073203,-7.9991975,0.0]]}},
{"type":"Feature","properties":{"name":"Rua da Carnaúba","descricao":"Loteamento Rocha","codigo":"1985","bairro":"JOSÉ RUFINO ALVES","cep":""},"geometry":{"type":"LineString","coordinates":[[-38.3087933,-8.0001045,0.0],[-38.3074973,-8.0002847,0.0]]}},
{"type":"Feature","properties":{"name":"Rua do Angico","descricao":"Loteamento Rocha","codigo":"","bairro":"JOSÉ RUFINO ALVES","cep":""},"geometry":{"type":"LineString","coordinates":[[-38.3085082,-8.0022376,0.0],[-38.3080978,-8.0024182,0.0]]}},
{"type":"Feature","properties":{"name":"Rua da Cansanção","descricao":"Loteamento Rocha","codigo":"1989","bairro":"JOSÉ RUFINO ALVES","cep":""},"geometry":{"type":"LineString","coordinates":[[-38.3080624,-8.0044294,0.0],[-38.3069493,-8.0040283,0.0]]}},
{"type":"Feature","properties":{"name":"Rua do Caroá","descricao":"Loteamento Rocha","codigo":"1991","bairro":"JOSÉ RUFINO ALVES","cep":""},"geometry":{"type":"LineString","coordinates":[[-38.3073907,-8.0059426,0.0],[-38.3065098,-8.0056323,0.0]]}},
{"type":"Feature","properties":{"name":"Rua da Palma","descricao":"Loteamento Rocha","codigo":"","bairro":"JOSÉ RUFINO ALVES","cep":""},"geometry":{"type":"LineString","coordinates":[[-38.307052,-8.0070316,0.0],[-38.3059537,-8.0072746,0.0]]}},
{"type":"Feature","properties":{"name":"Rua Projetada","descricao":"Loteamento Rocha","codigo":"","bairro":"JOSÉ RUFINO ALVES","cep":""},"geometry":{"type":"LineString","coordinates":[[-38.3086259,-7.9936522,0.0],[-38.3086852,-7.9948645,0.0],[-38.3087289,-7.9969051,0.0],[-38.3087496,-7.9973665,0.0],[-38.3088513,-8.0001047,0.0],[-38.3088992,-8.0018853,0.0],[-38.3088971,-8.0020297,0.0],[-38.3087295,-8.0025503,0.0],[-38.3085084,-8.0031853,0.0],[-38.3084467,-8.003346,0.0],[-38.30792,-8.0047763,0.0],[-38.3074429,-8.005961,0.0],[-38.307052,-8.0070316,0.0]]}},
{"type":"Feature","properties":{"name":"Rua da Oiticica","descricao":"Loteamento Rocha","codigo":"1980","bairro":"JOSÉ RUFINO ALVES","cep":""},"geometry":{"type":"LineString","coordinates":[[-38.3083146,-7.9936935,0.0],[-38.308384,-7.9960787,0.0],[-38.3084864,-7.9969232,0.0]]}},
{"type":"Feature","properties":{"name":"Rua do Pereiro","descricao":"Loteamento Rocha","codigo":"1981","bairro":"JOSÉ RUFINO ALVES","cep":""},"geometry":{"type":"LineString","coordinates":[[-38.3078169,-7.9937188,0.0],[-38.3078922,-7.9960403,0.0],[-38.3079975,-7.9969951,0.0]]}},
{"type":"Feature","properties":{"name":"Rua da Jurema","descricao":"Loteamento Rocha","codigo":"1982","bairro":"JOSÉ RUFINO ALVES","cep":""},"geometry":{"type":"LineString","coordinates":[[-38.3073354,-7.9937042,0.0],[-38.3074115,-7.9961292,0.0],[-38.3075186,-7.9970604,0.0]]}},
{"type":"Feature","properties":{"name":"Rua do Mandacaru","descricao":"Loteamento Rocha","codigo":"1984","bairro":"JOSÉ RUFINO ALVES","cep":""},"geometry":{"type":"LineString","coordinates":[[-38.3080305,-7.9974973,0.0],[-38.3085373,-8.0010831,0.0],[-38.308882,-8.0019078,0.0]]}},
{"type":"Feature","properties":{"name":"Rua do Umbuzeiro","descricao":"Loteamento Rocha","codigo":"1986","bairro":"JOSÉ RUFINO ALVES","cep":""},"geometry":{"type":"LineString","coordinates":[[-38.3075647,-7.9975566,0.0],[-38.3080866,-8.0012109,0.0],[-38.30867,-8.0025722,0.0]]}},
{"type":"Feature","properties":{"name":"Avenida Luiz Rufino Alves","descricao":"Prolongamento (Loteamento Rocha)","codigo":"1431","bairro":"JOSÉ RUFINO ALVES","cep":"56915260"},"geometry":{"type":"LineString","coordinates":[[-38.3076607,-8.0014199,0.0],[-38.3084652,-8.0032155,0.0]]}},
{"type":"Feature","properties":{"name":"Avenida Luiz Rufino Alves","descricao":"Prolongamento (Loteamento Rocha)","codigo":"1431","bairro":"JOSÉ RUFINO ALVES","cep":"56915260"},"geometry":{"type":"LineString","coordinates":[[-38.3084188,-8.0033273,0.0],[-38.3076476,-8.0015557,0.0]]}},
{"type":"Feature","properties":{"name":"Rua da Aroeira","descricao":"Loteamento Rocha","codigo":"1990","bairro":"JOSÉ RUFINO ALVES","cep":""},"geometry":{"type":"LineString","coordinates":[[-38.3082361,-8.0031284,0.0],[-38.3072404,-8.0058645,0.0]]}},
{"type":"Feature","properties":{"name":"Rua da Carqueja","descricao":"Loteamento Rocha","codigo":"1988","bairro":"JOSÉ RUFINO ALVES","cep":""},"geometry":{"type":"LineString","coordinates":[[-38.3079786,-8.0024443,0.0],[-38.3067924,-8.0057097,0.0]]}},
{"type":"Feature","properties":{"name":"Rua do Juazeiro","descricao":"Loteamento Rocha","codigo":"1992","bairro":"JOSÉ RUFINO ALVES","cep":""},"geometry":{"type":"LineString","coordinates":[[-38.3069777,-8.0058214,0.0],[-38.3065195,-8.007111,0.0]]}},
{"type":"Feature","properties":{"name":"Vila Isidoro Conrado de Lorena e Sá","descricao":"","codigo":"9249","bairro":"NOSSA SENHORA DA PENHA","cep":""},"geometry":{"type":"LineString","coordinates":[[-38.2958954,-7.9883826,0.0],[-38.295996,-7.9885765,0.0],[-38.295811,-7.9888435,0.0]]}},
{"type":"Feature","properties":{"name":"Rua José Pereira da Silva","descricao":"Lei 2091 de 07.04.2025 (Zé da Mata, antiga Rua Projetada 01, Loteamento Amanhecer da Serra)","codigo":"1110","bairro":"JOSÉ RUFINO ALVES","cep":""},"geometry":{"type":"LineString","coordinates":[[-38.301531,-7.9997814,0.0],[-38.3014344,-8.0003405,0.0],[-38.3007639,-8.0018067,0.0],[-38.3002382,-8.0026965,0.0],[-38.2994272,-8.0037426,0.0],[-38.2987461,-8.0043132,0.0],[-38.2980085,-8.0046572,0.0],[-38.2961495,-8.0051746,0.0],[-38.2938604,-8.0052077,0.0]]}},
{"type":"Feature","properties":{"name":"Rua Maria de Lourdes Alves de Lima","descricao":"Lei 2089 de 07.04.2025 (antiga Rua Projetada 02, Loteamento Amanhecer da Serra)","codigo":"1111","bairro":"JOSÉ RUFINO ALVES","cep":""},"geometry":{"type":"LineString","coordinates":[[-38.2999836,-8.0050828,0.0],[-38.2983984,-8.0046061,0.0]]}},
{"type":"Feature","properties":{"name":"Rua Francisca Generoza de Farias","descricao":"Lei 2085 de 07.04.2025 (antiga Rua Projetada 03, Loteamento Amanhecer da Serra)","codigo":"1112","bairro":"JOSÉ RUFINO ALVES","cep":""},"geometry":{"type":"LineString","coordinates":[[-38.2994042,-8.0069943,0.0],[-38.2938259,-8.0053075,0.0]]}},
{"type":"Feature","properties":{"name":"Rua Iracema Pereira da Silva","descricao":"Lei 2081 de 07.04.2025 (Iracema da Mata, antiga Rua Projetada 04, Loteamento Amanhecer da Serra)","codigo":"1113","bairro":"JOSÉ RUFINO ALVES","cep":""},"geometry":{"type":"LineString","coordinates":[[-38.2985435,-8.0087379,0.0],[-38.297259,-8.008357,0.0]]}},
{"type":"Feature","properties":{"name":"Rua Iracema Pereira da Silva","descricao":"Lei 2081 de 07.04.2025 (Iracema da Mata, antiga Rua Projetada 04, Loteamento Amanhecer da Serra)","codigo":"1113","bairro":"JOSÉ RUFINO ALVES","cep":""},"geometry":{"type":"LineString","coordinates":[[-38.29712,-8.008315,0.0],[-38.293372,-8.007164,0.0]]}},
{"type":"Feature","properties":{"name":"Rua Antônio Rodrigues de Barros","descricao":"Lei 2083 de 07.04.2025 (Antônio de Otôn, antiga Rua Projetada 05, Loteamento Amanhecer da Serra)","codigo":"1114","bairro":"JOSÉ RUFINO ALVES","cep":""},"geometry":{"type":"LineString","coordinates":[[-38.2989184,-8.0086906,0.0],[-38.296789,-8.009065,0.0],[-38.2964224,-8.0090744,0.0],[-38.2956827,-8.0092293,0.0],[-38.2953762,-8.0093592,0.0],[-38.2926221,-8.0098571,0.0]]}},
{"type":"Feature","properties":{"name":"Rua Jacinta Gomes da Silva","descricao":"Lei 2092 de 07.04.2025 (antiga Rua Projetada 06, Loteamento Amanhecer da Serra)","codigo":"1115","bairro":"JOSÉ RUFINO ALVES","cep":""},"geometry":{"type":"LineString","coordinates":[[-38.3004263,-8.0027599,0.0],[-38.2986269,-8.008707,0.0]]}},
{"type":"Feature","properties":{"name":"Rua Antônio Pereira da Silva Neto","descricao":"Lei 2082 de 07.04.2025 (Antônio da Mata, antiga Rua Projetada 07, Loteamento Amanhecer da Serra)","codigo":"1116","bairro":"JOSÉ RUFINO ALVES","cep":""},"geometry":{"type":"LineString","coordinates":[[-38.2997059,-8.0034919,0.0],[-38.298158,-8.008609,0.0]]}},
{"type":"Feature","properties":{"name":"Rua Doutor Lauro Soares Bezerra","descricao":"Lei 2088 de 07.04.2025 (antiga Rua Projetada 08, Loteamento Amanhecer da Serra)","codigo":"1117","bairro":"JOSÉ RUFINO ALVES","cep":""},"geometry":{"type":"LineString","coordinates":[[-38.2990299,-8.0041328,0.0],[-38.29758,-8.008915,0.0]]}},
{"type":"Feature","properties":{"name":"Rua Projetada 09","descricao":"Loteamento Amanhecer da Serra","codigo":"","bairro":"JOSÉ RUFINO ALVES","cep":""},"geometry":{"type":"LineString","coordinates":[[-38.2983997,-8.0045358,0.0],[-38.2970664,-8.0090039,0.0]]}},
{"type":"Feature","properties":{"name":"Rua Projetada 09","descricao":"Loteamento Amanhecer da Serra","codigo":"","bairro":"JOSÉ RUFINO ALVES","cep":""},"geometry":{"type":"LineString","coordinates":[[-38.2983053,-8.0045884,0.0],[-38.298312,-8.004623,0.0],[-38.2969014,-8.0090213,0.0]]}},
{"type":"Feature","properties":{"name":"Rua Francisca Alves Beserra de Sá","descricao":"Lei 2086 de 07.04.2025 (Biata, antiga Rua Projetada 10, Loteamento Amanhecer da Serra)","codigo":"373","bairro":"JOSÉ RUFINO ALVES","cep":""},"geometry":{"type":"LineString","coordinates":[[-38.3009642,-8.0018612,0.0],[-38.3008059,-8.0018134,0.0]]}},
{"type":"Feature","properties":{"name":"Rua Projetada 11","descricao":"Loteamento Amanhecer da Serra","codigo":"","bairro":"JOSÉ RUFINO ALVES","cep":""},"geometry":{"type":"LineString","coordinates":[[-38.297007,-8.007036,0.0],[-38.296552,-8.006896,0.0]]}},
{"type":"Feature","properties":{"name":"Rua Projetada 12","descricao":"Loteamento Amanhecer da Serra","codigo":"","bairro":"JOSÉ RUFINO ALVES","cep":""},"geometry":{"type":"LineString","coordinates":[[-38.297706,-8.004774,0.0],[-38.296384,-8.009052,0.0]]}},
{"type":"Feature","properties":{"name":"Rua Projetada 13","descricao":"Loteamento Amanhecer da Serra","codigo":"","bairro":"JOSÉ RUFINO ALVES","cep":""},"geometry":{"type":"LineString","coordinates":[[-38.297161,-8.004926,0.0],[-38.295855,-8.009151,0.0]]}},
{"type":"Feature","properties":{"name":"Rua Projetada 14","descricao":"Loteamento Amanhecer da Serra","codigo":"","bairro":"JOSÉ RUFINO ALVES","cep":""},"geometry":{"type":"LineString","coordinates":[[-38.296631,-8.005072,0.0],[-38.295311,-8.009345,0.0]]}},
{"type":"Feature","properties":{"name":"Rua Projetada 15","descricao":"Loteamento Amanhecer da Serra","codigo":"","bairro":"JOSÉ RUFINO ALVES","cep":""},"geometry":{"type":"LineString","coordinates":[[-38.296105,-8.00521,0.0],[-38.294797,-8.009442,0.0]]}},
{"type":"Feature","properties":{"name":"Rua Projetada 16","descricao":"Loteamento Amanhecer da Serra","codigo":"","bairro":"JOSÉ RUFINO ALVES","cep":""},"geometry":{"type":"LineString","coordinates":[[-38.295617,-8.005221,0.0],[-38.294282,-8.00954,0.0]]}},
{"type":"Feature","properties":{"name":"Rua Projetada 17","descricao":"Loteamento Amanhecer da Serra","codigo":"","bairro":"JOSÉ RUFINO ALVES","cep":""},"geometry":{"type":"LineString","coordinates":[[-38.2949966,-8.0056704,0.0],[-38.293768,-8.009637,0.0]]}},
{"type":"Feature","properties":{"name":"Rua Projetada 18","descricao":"Loteamento Amanhecer da Serra","codigo":"","bairro":"JOSÉ RUFINO ALVES","cep":""},"geometry":{"type":"LineString","coordinates":[[-38.294645,-8.005231,0.0],[-38.29399,-8.007354,0.0]]}},
{"type":"Feature","properties":{"name":"Rua Projetada 19","descricao":"Loteamento Amanhecer da Serra","codigo":"","bairro":"JOSÉ RUFINO ALVES","cep":""},"geometry":{"type":"LineString","coordinates":[[-38.293979,-8.007847,0.0],[-38.293405,-8.009706,0.0]]}},
{"type":"Feature","properties":{"name":"Rua Neuza Araújo Ferraz","descricao":"Lei 2084 de 07.04.2025 (antiga Rua Projetada 20, Loteamento Amanhecer da Serra)","codigo":"392","bairro":"JOSÉ RUFINO ALVES","cep":""},"geometry":{"type":"LineString","coordinates":[[-38.300708,-8.002847,0.0],[-38.300276,-8.002714,0.0]]}},
{"type":"Feature","properties":{"name":"Rua Projetada 21","descricao":"Loteamento Amanhecer da Serra","codigo":"","bairro":"JOSÉ RUFINO ALVES","cep":""},"geometry":{"type":"LineString","coordinates":[[-38.294292,-8.007943,0.0],[-38.29325,-8.007623,0.0],[-38.293372,-8.007164,0.0]]}},
{"type":"Feature","properties":{"name":"Rua Luiz José da Silva","descricao":"Lei 2087 de 07.04.2025 (antiga Rua Projetada 22, Loteamento Amanhecer da Serra)","codigo":"397","bairro":"JOSÉ RUFINO ALVES","cep":""},"geometry":{"type":"LineString","coordinates":[[-38.300317,-8.004113,0.0],[-38.30007,-8.004037,0.0]]}},
{"type":"Feature","properties":{"name":"Rua Projetada 23","descricao":"Loteamento Amanhecer da Serra","codigo":"","bairro":"JOSÉ RUFINO ALVES","cep":""},"geometry":{"type":"LineString","coordinates":[[-38.2995715,-8.0064339,0.0],[-38.299349,-8.006373,0.0]]}},
{"type":"Feature","properties":{"name":"Rua Projetada 24","descricao":"Loteamento Amanhecer da Serra","codigo":"","bairro":"JOSÉ RUFINO ALVES","cep":""},"geometry":{"type":"LineString","coordinates":[[-38.2941032,-8.0054098,0.0],[-38.293547,-8.007218,0.0]]}},
{"type":"Feature","properties":{"name":"Travessa José Amâncio de Magalhães","descricao":"","codigo":"399","bairro":"JOSÉ TOMÉ DE SOUZA","cep":""},"geometry":{"type":"LineString","coordinates":[[-38.292158,-7.979424,0.0],[-38.2919933,-7.9790059,0.0],[-38.2916889,-7.9776525,0.0]]}},
{"type":"Feature","properties":{"name":"Travessa Projetada Arnaldo Bittencout Costa","descricao":"Loteamento Quitandinha","codigo":"400","bairro":"JOSE ALVES CARVALHO NUNES","cep":""},"geometry":{"type":"LineString","coordinates":[[-38.2761207,-7.9927984,0.0],[-38.2747581,-7.9931357,0.0]]}},
{"type":"Feature","properties":{"name":"Travessa Rodolfo Lourenço da Silva","descricao":"","codigo":"17264","bairro":"BOM JESUS","cep":""},"geometry":{"type":"LineString","coordinates":[[-38.3103508,-7.9834465,0.0],[-38.3110133,-7.9832605,0.0]]}},
{"type":"Feature","properties":{"name":"Rua Projetada 01 Condomínio Preto Inácio","descricao":"","codigo":"","bairro":"AABB","cep":""},"geometry":{"type":"LineString","coordinates":[[-38.2823256,-7.9951322,0.0],[-38.2806841,-7.9955944,0.0]]}},
{"type":"Feature","properties":{"name":"Rua Projetada 03 Condomínio Preto Inácio","descricao":"","codigo":"","bairro":"AABB","cep":""},"geometry":{"type":"LineString","coordinates":[[-38.2825668,-7.9961246,0.0],[-38.2809413,-7.996515,0.0]]}},
{"type":"Feature","properties":{"name":"Rua Projetada 04 Condomínio Preto Inácio","descricao":"","codigo":"17310","bairro":"AABB","cep":""},"geometry":{"type":"LineString","coordinates":[[-38.2826954,-7.9965767,0.0],[-38.2810619,-7.9969831,0.0]]}},
{"type":"Feature","properties":{"name":"Rua Projetada 05 Condomínio Preto Inácio","descricao":"","codigo":"","bairro":"AABB","cep":""},"geometry":{"type":"LineString","coordinates":[[-38.282978,-7.9975516,0.0],[-38.281307,-7.99795,0.0]]}},
{"type":"Feature","properties":{"name":"Rua Projetada 10 Condomínio Preto Inácio","descricao":"","codigo":"17329","bairro":"AABB","cep":""},"geometry":{"type":"LineString","coordinates":[[-38.2837315,-8.0003361,0.0],[-38.2834888,-8.0003799,0.0],[-38.2833761,-8.0004291,0.0],[-38.2832622,-8.0004928,0.0],[-38.283175,-8.000534,0.0],[-38.2830878,-8.0005459,0.0],[-38.2829443,-8.0005619,0.0],[-38.2827834,-8.0005804,0.0],[-38.2825836,-8.0006123,0.0],[-38.2823918,-8.0006455,0.0],[-38.2822563,-8.0006721,0.0],[-38.2820699,-8.0007133,0.0]]}},
{"type":"Feature","properties":{"name":"Rua Projetada 01 Transversal José Alves de Carvalho Nunes","descricao":"","codigo":"8025","bairro":"JOSE ALVES CARVALHO NUNES","cep":""},"geometry":{"type":"LineString","coordinates":[[-38.2758184,-7.9993767,0.0],[-38.2749453,-7.9965452,0.0]]}},
{"type":"Feature","properties":{"name":"Rua Projetada 01","descricao":"Loteamento Reserva do Pajeú","codigo":"","bairro":"JOSÉ RUFINO ALVES","cep":""},"geometry":{"type":"LineString","coordinates":[[-38.3025441,-7.9962945,0.0],[-38.301915,-7.997349,0.0],[-38.3018304,-7.9975502,0.0],[-38.3017585,-7.9979882,0.0],[-38.3017384,-7.9984982,0.0],[-38.3016633,-7.9990214,0.0],[-38.3015265,-7.9994106,0.0],[-38.3014997,-7.9995938,0.0]]}},
{"type":"Feature","properties":{"name":"Rua Projetada 02","descricao":"Loteamento Reserva do Pajeú","codigo":"","bairro":"JOSÉ RUFINO ALVES","cep":""},"geometry":{"type":"LineString","coordinates":[[-38.3028503,-7.997025,0.0],[-38.3018908,-7.9974399,0.0]]}},
{"type":"Feature","properties":{"name":"Rua Projetada 03","descricao":"Loteamento Reserva do Pajeú","codigo":"","bairro":"JOSÉ RUFINO ALVES","cep":""},"geometry":{"type":"LineString","coordinates":[[-38.3030227,-7.9974423,0.0],[-38.3017876,-7.9979828,0.0]]}},
{"type":"Feature","properties":{"name":"Rua Projetada 04","descricao":"Loteamento Reserva do Pajeú","codigo":"","bairro":"JOSÉ RUFINO ALVES","cep":""},"geometry":{"type":"LineString","coordinates":[[-38.3032132,-7.9978513,0.0],[-38.3018037,-7.9984773,0.0]]}},
{"type":"Feature","properties":{"name":"Rua Projetada 05","descricao":"Loteamento Reserva do Pajeú","codigo":"","bairro":"JOSÉ RUFINO ALVES","cep":""},"geometry":{"type":"LineString","coordinates":[[-38.3033867,-7.9982793,0.0],[-38.301715,-7.999012,0.0]]}},
{"type":"Feature","properties":{"name":"Avenida Projetada Principal","descricao":"Loteamento Reserva do Pajeú","codigo":"","bairro":"JOSÉ RUFINO ALVES","cep":""},"geometry":{"type":"LineString","coordinates":[[-38.3035552,-7.9985947,0.0],[-38.303392,-7.998774,0.0],[-38.3015275,-7.9995854,0.0]]}},
{"type":"Feature","properties":{"name":"Avenida Projetada Principal","descricao":"Loteamento Reserva do Pajeú","codigo":"","bairro":"JOSÉ RUFINO ALVES","cep":""},"geometry":{"type":"LineString","coordinates":[[-38.30368,-7.9988712,0.0],[-38.303429,-7.998853,0.0],[-38.3015545,-7.9996838,0.0]]}},
{"type":"Feature","properties":{"name":"Rua Projetada 06","descricao":"Loteamento Reserva do Pajeú","codigo":"","bairro":"JOSÉ RUFINO ALVES","cep":""},"geometry":{"type":"LineString","coordinates":[[-38.3038009,-7.9991581,0.0],[-38.3019058,-8.000003,0.0]]}},
{"type":"Feature","properties":{"name":"Rua Projetada 07","descricao":"Loteamento Reserva do Pajeú","codigo":"","bairro":"JOSÉ RUFINO ALVES","cep":""},"geometry":{"type":"LineString","coordinates":[[-38.3039925,-7.9995659,0.0],[-38.3022692,-8.0003349,0.0]]}},
{"type":"Feature","properties":{"name":"Rua Projetada 08","descricao":"Loteamento Reserva do Pajeú","codigo":"","bairro":"JOSÉ RUFINO ALVES","cep":""},"geometry":{"type":"LineString","coordinates":[[-38.3041581,-7.9999882,0.0],[-38.3026562,-8.0006632,0.0]]}},
{"type":"Feature","properties":{"name":"Rua Projetada 09","descricao":"Loteamento Reserva do Pajeú","codigo":"","bairro":"JOSÉ RUFINO ALVES","cep":""},"geometry":{"type":"LineString","coordinates":[[-38.3042255,-8.0004529,0.0],[-38.3024908,-8.0012302,0.0]]}},
{"type":"Feature","properties":{"name":"Rua Projetada 10","descricao":"Loteamento Reserva do Pajeú","codigo":"","bairro":"JOSÉ RUFINO ALVES","cep":""},"geometry":{"type":"LineString","coordinates":[[-38.3042691,-8.0009292,0.0],[-38.3023595,-8.0017808,0.0]]}},
{"type":"Feature","properties":{"name":"Rua Projetada 11","descricao":"Loteamento Reserva do Pajeú","codigo":"","bairro":"JOSÉ RUFINO ALVES","cep":""},"geometry":{"type":"LineString","coordinates":[[-38.3043188,-8.0014083,0.0],[-38.3022547,-8.0023305,0.0]]}},
{"type":"Feature","properties":{"name":"Rua Projetada 12","descricao":"Loteamento Reserva do Pajeú","codigo":"","bairro":"JOSÉ RUFINO ALVES","cep":""},"geometry":{"type":"LineString","coordinates":[[-38.3044884,-8.0018042,0.0],[-38.3024512,-8.0027445,0.0]]}},
{"type":"Feature","properties":{"name":"Rua Projetada 13","descricao":"Loteamento Reserva do Pajeú","codigo":"","bairro":"JOSÉ RUFINO ALVES","cep":""},"geometry":{"type":"LineString","coordinates":[[-38.3042721,-8.0024187,0.0],[-38.3026319,-8.0031637,0.0]]}},
{"type":"Feature","properties":{"name":"Rua Projetada 14","descricao":"Loteamento Reserva do Pajeú","codigo":"","bairro":"JOSÉ RUFINO ALVES","cep":""},"geometry":{"type":"LineString","coordinates":[[-38.3040139,-8.0030426,0.0],[-38.3027995,-8.0035774,0.0]]}},
{"type":"Feature","properties":{"name":"Rua Projetada 15","descricao":"Loteamento Reserva do Pajeú","codigo":"","bairro":"JOSÉ RUFINO ALVES","cep":""},"geometry":{"type":"LineString","coordinates":[[-38.3038461,-8.0036194,0.0],[-38.3029891,-8.0039886,0.0]]}},
{"type":"Feature","properties":{"name":"Rua Projetada 16","descricao":"Loteamento Reserva do Pajeú","codigo":"","bairro":"JOSÉ RUFINO ALVES","cep":""},"geometry":{"type":"LineString","coordinates":[[-38.3036629,-8.0041816,0.0],[-38.3031721,-8.0043954,0.0]]}},
{"type":"Feature","properties":{"name":"Rua Projetada 29","descricao":"Loteamento Reserva do Pajeú","codigo":"","bairro":"JOSÉ RUFINO ALVES","cep":""},"geometry":{"type":"LineString","coordinates":[[-38.302363,-7.9993347,0.0],[-38.3040266,-8.0030569,0.0],[-38.302534,-8.007781,0.0]]}},
{"type":"Feature","properties":{"name":"Rua Projetada 17","descricao":"Loteamento Reserva do Pajeú","codigo":"","bairro":"JOSÉ RUFINO ALVES","cep":""},"geometry":{"type":"LineString","coordinates":[[-38.3015111,-7.9996033,0.0],[-38.3015545,-7.9996838,0.0],[-38.3019058,-8.000003,0.0],[-38.3022692,-8.0003349,0.0],[-38.3026261,-8.0006784,0.0],[-38.30247,-8.001241,0.0],[-38.302293,-8.001807,0.0],[-38.302163,-8.002177,0.0],[-38.3015574,-8.0040776,0.0],[-38.30059,-8.007084,0.0],[-38.3002593,-8.0082099,0.0]]}},
{"type":"Feature","properties":{"name":"Rua Projetada 18","descricao":"Loteamento Reserva do Pajeú","codigo":"","bairro":"JOSÉ RUFINO ALVES","cep":""},"geometry":{"type":"LineString","coordinates":[[-38.302163,-8.002177,0.0],[-38.3033893,-8.0050399,0.0]]}},
{"type":"Feature","properties":{"name":"Rua Projetada 07","descricao":"Loteamento Vale do Pajeú I","codigo":"","bairro":"JOSÉ RUFINO ALVES","cep":""},"geometry":{"type":"LineString","coordinates":[[-38.3026014,-8.0006878,0.0],[-38.3011181,-8.0011752,0.0]]}},
{"type":"Feature","properties":{"name":"Rua Projetada 06","descricao":"Loteamento Vale do Pajeú I","codigo":"","bairro":"JOSÉ RUFINO ALVES","cep":""},"geometry":{"type":"LineString","coordinates":[[-38.3018366,-8.0031761,0.0],[-38.3012586,-8.0030167,0.0]]}},
{"type":"Feature","properties":{"name":"Rua Projetada 19","descricao":"Loteamento Reserva do Pajeú","codigo":"","bairro":"JOSÉ RUFINO ALVES","cep":""},"geometry":{"type":"LineString","coordinates":[[-38.3031841,-8.0045956,0.0],[-38.3015791,-8.0040994,0.0]]}},
{"type":"Feature","properties":{"name":"Rua Projetada 20","descricao":"Loteamento Reserva do Pajeú","codigo":"","bairro":"JOSÉ RUFINO ALVES","cep":""},"geometry":{"type":"LineString","coordinates":[[-38.3033176,-8.005136,0.0],[-38.3014361,-8.004529,0.0]]}},
{"type":"Feature","properties":{"name":"Rua Projetada 21","descricao":"Loteamento Reserva do Pajeú","codigo":"","bairro":"JOSÉ RUFINO ALVES","cep":""},"geometry":{"type":"LineString","coordinates":[[-38.3031782,-8.005549,0.0],[-38.301301,-8.004944,0.0]]}},
{"type":"Feature","properties":{"name":"Rua Projetada 22","descricao":"Loteamento Reserva do Pajeú","codigo":"","bairro":"JOSÉ RUFINO ALVES","cep":""},"geometry":{"type":"LineString","coordinates":[[-38.3030591,-8.0059791,0.0],[-38.3011701,-8.0053801,0.0]]}},
{"type":"Feature","properties":{"name":"Rua Projetada 23","descricao":"Loteamento Reserva do Pajeú","codigo":"","bairro":"JOSÉ RUFINO ALVES","cep":""},"geometry":{"type":"LineString","coordinates":[[-38.3029531,-8.006437,0.0],[-38.3010332,-8.0058182,0.0]]}},
{"type":"Feature","properties":{"name":"Rua Projetada 24","descricao":"Loteamento Reserva do Pajeú","codigo":"","bairro":"JOSÉ RUFINO ALVES","cep":""},"geometry":{"type":"LineString","coordinates":[[-38.3028078,-8.0068505,0.0],[-38.3009111,-8.0062501,0.0]]}},
{"type":"Feature","properties":{"name":"Rua Projetada 25","descricao":"Loteamento Reserva do Pajeú","codigo":"","bairro":"JOSÉ RUFINO ALVES","cep":""},"geometry":{"type":"LineString","coordinates":[[-38.3026693,-8.0072886,0.0],[-38.3007708,-8.0066788,0.0]]}},
{"type":"Feature","properties":{"name":"Rua Projetada 27","descricao":"Loteamento Reserva do Pajeú","codigo":"","bairro":"JOSÉ RUFINO ALVES","cep":""},"geometry":{"type":"LineString","coordinates":[[-38.3016812,-8.0079153,0.0],[-38.3004929,-8.0075381,0.0]]}},
{"type":"Feature","properties":{"name":"Via Projetada","descricao":"Loteamento Reserva do Pajeú","codigo":"","bairro":"JOSÉ RUFINO ALVES","cep":""},"geometry":{"type":"LineString","coordinates":[[-38.302534,-8.007781,0.0],[-38.3002731,-8.0082146,0.0]]}},
{"type":"Feature","properties":{"name":"Rua Projetada 26","descricao":"Loteamento Reserva do Pajeú","codigo":"","bairro":"JOSÉ RUFINO ALVES","cep":""},"geometry":{"type":"LineString","coordinates":[[-38.3024759,-8.0077124,0.0],[-38.300652,-8.0071281,0.0]]}},
{"type":"Feature","properties":{"name":"Avenida Adriano Duque de Godoy Sousa","descricao":"Lei 1555 de 22.07.16 (Anel Viário, antiga Rua Projetada - Anel Viário)","codigo":"8040","bairro":"NOSSA SENHORA DA PENHA - SÃO CRISTÓVÃO","cep":"56903525"},"geometry":{"type":"LineString","coordinates":[[-38.3038747,-7.9876643,0.0],[-38.3013686,-7.9869417,0.0],[-38.3038747,-7.9876643,0.0],[-38.3038082,-7.9874919,0.0],[-38.3037816,-7.9874169,0.0],[-38.3037175,-7.9873419,0.0],[-38.3034817,-7.9872836,0.0],[-38.3022707,-7.9870103,0.0],[-38.3014525,-7.9867983,0.0],[-38.30094,-7.986608,0.0],[-38.3004167,-7.9863152,0.0],[-38.2999708,-7.9860217,0.0],[-38.2993767,-7.98544,0.0],[-38.2988054,-7.9848079,0.0],[-38.2987316,-7.9846737,0.0],[-38.298698,-7.9845236,0.0],[-38.2986672,-7.9843045,0.0],[-38.2986465,-7.9842354,0.0],[-38.2985935,-7.9841849,0.0],[-38.2983063,-7.9839149,0.0],[-38.2981204,-7.9835845,0.0],[-38.2980042,-7.9834639,0.0],[-38.2982241,-7.9841687,0.0],[-38.2983432,-7.9844152,0.0],[-38.2984944,-7.9846431,0.0],[-38.2988199,-7.9850012,0.0],[-38.2991508,-7.9853248,0.0],[-38.3000185,-7.9862134,0.0],[-38.2991508,-7.9853248,0.0],[-38.2988199,-7.9850012,0.0],[-38.2984944,-7.9846431,0.0],[-38.2983432,-7.9844152,0.0],[-38.2982241,-7.9841687,0.0],[-38.2980042,-7.9834639,0.0],[-38.2979237,-7.9833773,0.0],[-38.2975844,-7.9830964,0.0],[-38.2972619,-7.9828315,0.0],[-38.2970533,-7.9826489,0.0],[-38.2968559,-7.9825441,0.0],[-38.2966558,-7.9824554,0.0],[-38.2964624,-7.9823866,0.0],[-38.2963697,-7.9823375,0.0],[-38.2962918,-7.9822639,0.0]]}},
{"type":"Feature","properties":{"name":"Via Sem Denominção","descricao":"","codigo":"","bairro":"VILA BELA - VANETE ALMEIDA","cep":""},"geometry":{"type":"LineString","coordinates":[[-38.3361986,-8.0034917,0.0],[-38.3360791,-8.0036539,0.0],[-38.336016,-8.0037071,0.0],[-38.3359329,-8.0037336,0.0],[-38.3358256,-8.003731,0.0],[-38.3357237,-8.0037017,0.0],[-38.335648,-8.0036596,0.0],[-38.3355421,-8.0035812,0.0],[-38.3352095,-8.0032984,0.0],[-38.3348947,-8.0030096,0.0],[-38.3344562,-8.0025899,0.0],[-38.3331622,-8.0013433,0.0],[-38.3326579,-8.0008346,0.0],[-38.3322743,-8.0004415,0.0],[-38.3320396,-8.0002064,0.0],[-38.3316172,-7.9997774,0.0],[-38.3312658,-7.9994321,0.0],[-38.3305979,-7.9987694,0.0],[-38.3292179,-7.997379,0.0],[-38.3289296,-7.9970934,0.0],[-38.3278983,-7.9960881,0.0]]}},
{"type":"Feature","properties":{"name":"Rua Projetada 02 Lagoa Maria Timóteo","descricao":"","codigo":"","bairro":"NOSSA SENHORA DA PENHA","cep":""},"geometry":{"type":"LineString","coordinates":[[-38.3041553,-7.9878064,0.0],[-38.304648,-7.989533,0.0]]}},
{"type":"Feature","properties":{"name":"Rua Projetada 03 Lagoa Maria Timóteo","descricao":"","codigo":"9075","bairro":"NOSSA SENHORA DA PENHA","cep":""},"geometry":{"type":"LineString","coordinates":[[-38.3052656,-7.9893515,0.0],[-38.304922,-7.988001,0.0]]}},
{"type":"Feature","properties":{"name":"Rua Projetada Antônio Vieira Gomes","descricao":"","codigo":"17396","bairro":"TANCREDO NEVES","cep":""},"geometry":{"type":"LineString","coordinates":[[-38.2842256,-7.9689896,0.0],[-38.2844724,-7.9696191,0.0]]}},
{"type":"Feature","properties":{"name":"Rua Projetada 01 Início Rua Paulo Rodrigues","descricao":"","codigo":"","bairro":"JOSÉ RUFINO ALVES","cep":""},"geometry":{"type":"LineString","coordinates":[[-38.307043,-7.997067,0.0],[-38.305915,-7.99757,0.0]]}},
{"type":"Feature","properties":{"name":"Rua Projetada 02 Início Rua Paulo Rodrigues","descricao":"","codigo":"","bairro":"JOSÉ RUFINO ALVES","cep":""},"geometry":{"type":"LineString","coordinates":[[-38.3069234,-7.9961727,0.0],[-38.304517,-7.997241,0.0]]}},
{"type":"Feature","properties":{"name":"Rua Projetada 03 Início Rua Paulo Rodrigues","descricao":"","codigo":"","bairro":"JOSÉ RUFINO ALVES","cep":""},"geometry":{"type":"LineString","coordinates":[[-38.3069027,-7.9956886,0.0],[-38.304356,-7.996843,0.0]]}},
{"type":"Feature","properties":{"name":"Rua Projetada 15 Paralela Linha da Chesf","descricao":"","codigo":"","bairro":"TANCREDO NEVES","cep":""},"geometry":{"type":"LineString","coordinates":[[-38.2715014,-7.9718651,0.0],[-38.2724294,-7.971626,0.0]]}},
{"type":"Feature","properties":{"name":"Rua Projetada 16 Paralela Linha da Chesf","descricao":"","codigo":"","bairro":"TANCREDO NEVES","cep":""},"geometry":{"type":"LineString","coordinates":[[-38.2714236,-7.9715175,0.0],[-38.2722336,-7.9713077,0.0]]}},
{"type":"Feature","properties":{"name":"Rua Projetada 17 Paralela Linha da Chesf","descricao":"","codigo":"","bairro":"TANCREDO NEVES","cep":""},"geometry":{"type":"LineString","coordinates":[[-38.2713045,-7.9712036,0.0],[-38.272085,-7.9709911,0.0]]}},
{"type":"Feature","properties":{"name":"Rua Projetada 02 Início Linha da Chesf","descricao":"","codigo":"","bairro":"TANCREDO NEVES","cep":""},"geometry":{"type":"LineString","coordinates":[[-38.2707107,-7.9691426,0.0],[-38.2716558,-7.9726178,0.0]]}},
{"type":"Feature","properties":{"name":"Rua Projetada 18 Paralela Linha da Chesf","descricao":"","codigo":"","bairro":"TANCREDO NEVES","cep":""},"geometry":{"type":"LineString","coordinates":[[-38.2718444,-7.9706756,0.0],[-38.2712087,-7.9708456,0.0]]}},
{"type":"Feature","properties":{"name":"Rua Projetada 19 Paralela Linha da Chesf","descricao":"","codigo":"","bairro":"TANCREDO NEVES","cep":""},"geometry":{"type":"LineString","coordinates":[[-38.2711113,-7.9705022,0.0],[-38.271625,-7.9703495,0.0]]}},
{"type":"Feature","properties":{"name":"Rua Projetada 20 Paralela Linha da Chesf","descricao":"","codigo":"","bairro":"TANCREDO NEVES","cep":""},"geometry":{"type":"LineString","coordinates":[[-38.2710108,-7.9701782,0.0],[-38.271405,-7.9700692,0.0]]}},
{"type":"Feature","properties":{"name":"Rua Projetada 09 Paralela da Linha Chesf","descricao":"","codigo":"","bairro":"TANCREDO NEVES","cep":""},"geometry":{"type":"LineString","coordinates":[[-38.2707202,-7.9693107,0.0],[-38.2674801,-7.9685085,0.0]]}},
{"type":"Feature","properties":{"name":"Rua Projetada 03 Início Linha da Chesf","descricao":"","codigo":"","bairro":"TANCREDO NEVES","cep":""},"geometry":{"type":"LineString","coordinates":[[-38.269901,-7.9689401,0.0],[-38.2693377,-7.9720453,0.0]]}},
{"type":"Feature","properties":{"name":"Avenida João Kehrle","descricao":"Lei 1700 de 07.05.2019 alterada pela Lei 2148 de 29.12.2025.","codigo":"125","bairro":"AABB","cep":"56912060"},"geometry":{"type":"LineString","coordinates":[[-38.2876898,-7.9986683,0.0],[-38.2890095,-8.0033908,0.0]]}},
{"type":"Feature","properties":{"name":"Avenida Projetada 01","descricao":"Loteamento Rocha Bela Serra","codigo":"","bairro":"VILA BELA","cep":""},"geometry":{"type":"LineString","coordinates":[[-38.328707,-8.000777,0.0],[-38.327035,-8.002547,0.0]]}},
{"type":"Feature","properties":{"name":"Avenida Projetada 02","descricao":"Loteamento Rocha Bela Serra","codigo":"","bairro":"VILA BELA","cep":""},"geometry":{"type":"LineString","coordinates":[[-38.326791,-8.002554,0.0],[-38.323291,-7.999267,0.0]]}},
{"type":"Feature","properties":{"name":"Rua Projetada José de Sá Maranhão","descricao":"","codigo":"1107","bairro":"CACHOEIRA","cep":""},"geometry":{"type":"LineString","coordinates":[[-38.3265608,-7.9795774,0.0],[-38.326644,-7.9784963,0.0]]}},
{"type":"Feature","properties":{"name":"Rua Projetada 27 Paralela Linha da Chesf","descricao":"","codigo":"","bairro":"TANCREDO NEVES","cep":""},"geometry":{"type":"LineString","coordinates":[[-38.2646243,-7.9701278,0.0],[-38.2614513,-7.9693841,0.0]]}},
{"type":"Feature","properties":{"name":"Rua Projetada 01","descricao":"Loteamento Rocha Bela Serra","codigo":"","bairro":"VILA BELA","cep":""},"geometry":{"type":"LineString","coordinates":[[-38.329809,-8.002136,0.0],[-38.328597,-8.000999,0.0]]}},
{"type":"Feature","properties":{"name":"Rua Projetada 02","descricao":"Loteamento Rocha Bela Serra","codigo":"","bairro":"VILA BELA","cep":""},"geometry":{"type":"LineString","coordinates":[[-38.329481,-8.002474,0.0],[-38.328274,-8.001341,0.0]]}},
{"type":"Feature","properties":{"name":"Rua Projetada 03","descricao":"Loteamento Rocha Bela Serra","codigo":"","bairro":"VILA BELA","cep":""},"geometry":{"type":"LineString","coordinates":[[-38.329152,-8.002812,0.0],[-38.32795,-8.001683,0.0]]}},
{"type":"Feature","properties":{"name":"Rua Projetada 04","descricao":"Loteamento Rocha Bela Serra","codigo":"","bairro":"VILA BELA","cep":""},"geometry":{"type":"LineString","coordinates":[[-38.328824,-8.003149,0.0],[-38.327627,-8.002026,0.0]]}},
{"type":"Feature","properties":{"name":"Rua Projetada 05","descricao":"Loteamento Rocha Bela Serra","codigo":"","bairro":"VILA BELA","cep":""},"geometry":{"type":"LineString","coordinates":[[-38.328495,-8.003487,0.0],[-38.327303,-8.002368,0.0]]}},
{"type":"Feature","properties":{"name":"Rua Projetada 06","descricao":"Loteamento Rocha Bela Serra","codigo":"","bairro":"VILA BELA","cep":""},"geometry":{"type":"LineString","coordinates":[[-38.328167,-8.003825,0.0],[-38.327052,-8.002778,0.0]]}},
{"type":"Feature","properties":{"name":"Rua Projetada 07","descricao":"Loteamento Rocha Bela Serra","codigo":"","bairro":"VILA BELA","cep":""},"geometry":{"type":"LineString","coordinates":[[-38.328333,-8.000434,0.0],[-38.32659,-8.002278,0.0]]}},
{"type":"Feature","properties":{"name":"Rua Projetada 08","descricao":"Loteamento Rocha Bela Serra","codigo":"","bairro":"VILA BELA","cep":""},"geometry":{"type":"LineString","coordinates":[[-38.327985,-8.000117,0.0],[-38.326247,-8.001956,0.0]]}},
{"type":"Feature","properties":{"name":"Rua Projetada 09","descricao":"Loteamento Rocha Bela Serra","codigo":"","bairro":"VILA BELA","cep":""},"geometry":{"type":"LineString","coordinates":[[-38.326652,-7.998902,0.0],[-38.323103,-8.002658,0.0]]}},
{"type":"Feature","properties":{"name":"Rua Projetada 10","descricao":"Loteamento Rocha Bela Serra","codigo":"","bairro":"VILA BELA","cep":""},"geometry":{"type":"LineString","coordinates":[[-38.326303,-7.998585,0.0],[-38.322839,-8.002251,0.0]]}},
{"type":"Feature","properties":{"name":"Rua Projetada 11","descricao":"Loteamento Rocha Bela Serra","codigo":"","bairro":"VILA BELA","cep":""},"geometry":{"type":"LineString","coordinates":[[-38.325408,-7.999453,0.0],[-38.324676,-7.998766,0.0]]}},
{"type":"Feature","properties":{"name":"Rua Projetada 12","descricao":"Loteamento Rocha Bela Serra","codigo":"","bairro":"VILA BELA","cep":""},"geometry":{"type":"LineString","coordinates":[[-38.325073,-7.999201,0.0],[-38.322575,-8.001845,0.0]]}},
{"type":"Feature","properties":{"name":"Rua Projetada 13","descricao":"Loteamento Rocha Bela Serra","codigo":"","bairro":"VILA BELA","cep":""},"geometry":{"type":"LineString","coordinates":[[-38.32473,-7.998879,0.0],[-38.32231,-8.001439,0.0]]}},
{"type":"Feature","properties":{"name":"Rua Projetada 14","descricao":"Loteamento Rocha Bela Serra","codigo":"","bairro":"VILA BELA","cep":""},"geometry":{"type":"LineString","coordinates":[[-38.324632,-7.998787,0.0],[-38.321411,-8.000056,0.0]]}},
{"type":"Feature","properties":{"name":"Rua Projetada 15","descricao":"Loteamento Rocha Bela Serra","codigo":"","bairro":"VILA BELA","cep":""},"geometry":{"type":"LineString","coordinates":[[-38.323149,-7.999786,0.0],[-38.322874,-7.999529,0.0]]}},
{"type":"Feature","properties":{"name":"Rua Projetada 16","descricao":"Loteamento Rocha Bela Serra","codigo":"","bairro":"VILA BELA","cep":""},"geometry":{"type":"LineString","coordinates":[[-38.322831,-8.000122,0.0],[-38.322399,-7.999716,0.0]]}},
{"type":"Feature","properties":{"name":"Rua Projetada 17","descricao":"Loteamento Rocha Bela Serra","codigo":"","bairro":"VILA BELA","cep":""},"geometry":{"type":"LineString","coordinates":[[-38.322514,-8.000458,0.0],[-38.321923,-7.999903,0.0]]}},
{"type":"Feature","properties":{"name":"Rua Projetada 18","descricao":"Loteamento Rocha Bela Serra","codigo":"","bairro":"VILA BELA","cep":""},"geometry":{"type":"LineString","coordinates":[[-38.322179,-8.000212,0.0],[-38.321784,-8.00063,0.0]]}},
{"type":"Feature","properties":{"name":"Rua Projetada 19","descricao":"Loteamento Rocha Bela Serra","codigo":"","bairro":"VILA BELA","cep":""},"geometry":{"type":"LineString","coordinates":[[-38.323471,-7.999524,0.0],[-38.322046,-8.001032,0.0]]}},
{"type":"Feature","properties":{"name":"Rua Projetada 20","descricao":"Loteamento Rocha Bela Serra","codigo":"","bairro":"VILA BELA","cep":""},"geometry":{"type":"LineString","coordinates":[[-38.321366,-8.000071,0.0],[-38.325555,-8.00651,0.0]]}},
{"type":"Feature","properties":{"name":"Rua Projetada 21","descricao":"Loteamento Rocha Bela Serra","codigo":"","bairro":"VILA BELA","cep":""},"geometry":{"type":"LineString","coordinates":[[-38.325189,-8.001136,0.0],[-38.323367,-8.003064,0.0]]}},
{"type":"Feature","properties":{"name":"Rua Projetada 22","descricao":"Loteamento Rocha Bela Serra","codigo":"","bairro":"VILA BELA","cep":""},"geometry":{"type":"LineString","coordinates":[[-38.325532,-8.001459,0.0],[-38.323632,-8.00347,0.0]]}},
{"type":"Feature","properties":{"name":"Rua Projetada 23","descricao":"Loteamento Rocha Bela Serra","codigo":"","bairro":"VILA BELA","cep":""},"geometry":{"type":"LineString","coordinates":[[-38.325975,-8.001874,0.0],[-38.32539,-8.002493,0.0]]}},
{"type":"Feature","properties":{"name":"Rua Projetada 24","descricao":"Loteamento Rocha Bela Serra","codigo":"","bairro":"VILA BELA","cep":""},"geometry":{"type":"LineString","coordinates":[[-38.326417,-8.00229,0.0],[-38.326191,-8.002529,0.0]]}},
{"type":"Feature","properties":{"name":"Rua Projetada 25","descricao":"Loteamento Rocha Bela Serra","codigo":"","bairro":"VILA BELA","cep":""},"geometry":{"type":"LineString","coordinates":[[-38.326755,-8.002613,0.0],[-38.324607,-8.002517,0.0]]}},
{"type":"Feature","properties":{"name":"Rua Projetada 26","descricao":"Loteamento Rocha Bela Serra","codigo":"","bairro":"","cep":""},"geometry":{"type":"LineString","coordinates":[[-38.32663,-8.003028,0.0],[-38.327838,-8.004162,0.0]]}},
{"type":"Feature","properties":{"name":"Rua Projetada 27","descricao":"Loteamento Rocha Bela Serra","codigo":"","bairro":"VILA BELA","cep":""},"geometry":{"type":"LineString","coordinates":[[-38.325775,-8.003774,0.0],[-38.324527,-8.002602,0.0]]}},
{"type":"Feature","properties":{"name":"Rua Projetada 28","descricao":"Loteamento Rocha Bela Serra","codigo":"","bairro":"VILA BELA","cep":""},"geometry":{"type":"LineString","coordinates":[[-38.32478,-8.002921,0.0],[-38.323888,-8.003865,0.0]]}},
{"type":"Feature","properties":{"name":"Rua Projetada 29","descricao":"Loteamento Rocha Bela Serra","codigo":"","bairro":"VILA BELA","cep":""},"geometry":{"type":"LineString","coordinates":[[-38.325111,-8.003231,0.0],[-38.324143,-8.004255,0.0]]}},
{"type":"Feature","properties":{"name":"Rua Projetada 30","descricao":"Loteamento Rocha Bela Serra","codigo":"","bairro":"VILA BELA","cep":""},"geometry":{"type":"LineString","coordinates":[[-38.325441,-8.003541,0.0],[-38.324397,-8.004646,0.0]]}},
{"type":"Feature","properties":{"name":"Rua Projetada 31","descricao":"Loteamento Rocha Bela Serra","codigo":"","bairro":"VILA BELA","cep":""},"geometry":{"type":"LineString","coordinates":[[-38.326786,-8.002784,0.0],[-38.324653,-8.00504,0.0]]}},
{"type":"Feature","properties":{"name":"Rua Projetada 32","descricao":"Loteamento Rocha Bela Serra","codigo":"","bairro":"VILA BELA","cep":""},"geometry":{"type":"LineString","coordinates":[[-38.32691,-8.003365,0.0],[-38.324928,-8.005462,0.0]]}},
{"type":"Feature","properties":{"name":"Rua Projetada 33","descricao":"Loteamento Rocha Bela Serra","codigo":"","bairro":"VILA BELA","cep":""},"geometry":{"type":"LineString","coordinates":[[-38.327253,-8.003688,0.0],[-38.325192,-8.005869,0.0]]}},
{"type":"Feature","properties":{"name":"Rua Projetada 34","descricao":"Loteamento Rocha Bela Serra","codigo":"","bairro":"VILA BELA","cep":""},"geometry":{"type":"LineString","coordinates":[[-38.327597,-8.00401,0.0],[-38.325456,-8.006275,0.0]]}},
{"type":"Feature","properties":{"name":"Rua Projetada 35","descricao":"Loteamento Rocha Bela Serra","codigo":"","bairro":"VILA BELA","cep":""},"geometry":{"type":"LineString","coordinates":[[-38.326579,-8.005167,0.0],[-38.326726,-8.005305,0.0]]}},
{"type":"Feature","properties":{"name":"Rua Projetada","descricao":"","codigo":"","bairro":"VILA BELA","cep":""},"geometry":{"type":"LineString","coordinates":[[-38.323291,-7.999267,0.0],[-38.32283,-7.998653,0.0]]}},
{"type":"Feature","properties":{"name":"Rua Dorgival Pereira da Silva","descricao":"Prolongamento","codigo":"195","bairro":"TANCREDO NEVES","cep":"56909270"},"geometry":{"type":"LineString","coordinates":[[-38.2803952,-7.9755272,0.0],[-38.2801136,-7.9750039,0.0]]}},
{"type":"Feature","properties":{"name":"Rua Projetada 04 Início Linha da Chesf","descricao":"","codigo":"","bairro":"TANCREDO NEVES","cep":""},"geometry":{"type":"LineString","coordinates":[[-38.2674719,-7.9680352,0.0],[-38.2669355,-7.9714512,0.0]]}},
{"type":"Feature","properties":{"name":"Rua Projetada 26 Paralela Linha da Chesf","descricao":"","codigo":"","bairro":"TANCREDO NEVES","cep":""},"geometry":{"type":"LineString","coordinates":[[-38.264566,-7.9705039,0.0],[-38.2614868,-7.9697548,0.0]]}},
{"type":"Feature","properties":{"name":"Rua Projetada 28 Paralela Linha da Chesf","descricao":"","codigo":"","bairro":"TANCREDO NEVES","cep":""},"geometry":{"type":"LineString","coordinates":[[-38.2646679,-7.9697654,0.0],[-38.2614224,-7.9690482,0.0]]}},
{"type":"Feature","properties":{"name":"Rua Projetada 06 Início Linha da Chesf","descricao":"","codigo":"","bairro":"TANCREDO NEVES","cep":""},"geometry":{"type":"LineString","coordinates":[[-38.2645552,-7.9708492,0.0],[-38.2650032,-7.9674518,0.0]]}},
{"type":"Feature","properties":{"name":"Rua Projetada 07 Início Linha da Chesf","descricao":"","codigo":"","bairro":"TANCREDO NEVES","cep":""},"geometry":{"type":"LineString","coordinates":[[-38.2615086,-7.9700988,0.0],[-38.2611358,-7.9673044,0.0]]}},
{"type":"Feature","properties":{"name":"Rua Projetada 05 Início Linha da Chesf","descricao":"","codigo":"","bairro":"TANCREDO NEVES","cep":""},"geometry":{"type":"LineString","coordinates":[[-38.2655295,-7.9710969,0.0],[-38.2659748,-7.9676702,0.0]]}},
{"type":"Feature","properties":{"name":"Rua Projetada Maria de Jesus Alves de Souza","descricao":"","codigo":"17884","bairro":"TANCREDO NEVES","cep":""},"geometry":{"type":"LineString","coordinates":[[-38.2835519,-7.9692373,0.0],[-38.2837718,-7.9698642,0.0]]}},
{"type":"Feature","properties":{"name":"Avenida Projetada 01 (Acesso ao Samu)","descricao":"","codigo":"9212","bairro":"VILA BELA","cep":""},"geometry":{"type":"LineString","coordinates":[[-38.3349508,-7.9914829,0.0],[-38.3320299,-7.9943037,0.0],[-38.3291626,-7.9971936,0.0]]}},
{"type":"Feature","properties":{"name":"Travessa Projetada 01 Avenida do Samu","descricao":"","codigo":"17892","bairro":"VILA BELA","cep":""},"geometry":{"type":"LineString","coordinates":[[-38.3340024,-7.9923049,0.0],[-38.333584,-7.9920367,0.0]]}},
{"type":"Feature","properties":{"name":"Travessa Antônio Mariano","descricao":"","codigo":"8613","bairro":"BOM JESUS","cep":""},"geometry":{"type":"LineString","coordinates":[[-38.313311,-7.9816687,0.0],[-38.3136047,-7.9814708,0.0]]}},
{"type":"Feature","properties":{"name":"Rua Projetada 01 Paral Rua Antônio Mariano","descricao":"","codigo":"17914","bairro":"BOM JESUS","cep":""},"geometry":{"type":"LineString","coordinates":[[-38.3136181,-7.9814522,0.0],[-38.3132842,-7.9809595,0.0]]}},
{"type":"Feature","properties":{"name":"Rua Sem Denominação","descricao":"","codigo":"","bairro":"BOM JESUS","cep":""},"geometry":{"type":"LineString","coordinates":[[-38.3154501,-7.9830453,0.0],[-38.3147688,-7.9811116,0.0]]}},
{"type":"Feature","properties":{"name":"Rua Enock Ignácio de Oliveira","descricao":"Lei 565 de 05.12.83 (antiga R. 15 de novembro)","codigo":"5","bairro":"NOSSA SENHORA DA PENHA - BOM JESUS - AABB","cep":"56903400"},"geometry":{"type":"LineString","coordinates":[[-38.2947066,-7.991967,0.0],[-38.2947937,-7.9919593,0.0],[-38.2949143,-7.9919423,0.0],[-38.2950107,-7.9919268,0.0],[-38.294766,-7.9923041,0.0],[-38.2945025,-7.9926495,0.0],[-38.294766,-7.9923041,0.0],[-38.2950107,-7.9919268,0.0],[-38.2980278,-7.991212,0.0],[-38.3014979,-7.9903985,0.0],[-38.3025356,-7.9901698,0.0],[-38.3032637,-7.989997,0.0],[-38.3038201,-7.9898348,0.0],[-38.3065928,-7.9890372,0.0]]}},
{"type":"Feature","properties":{"name":"Avenida Afonso Magalhães","descricao":"Lei 229 de 10.02.68 (antiga Av. Santos Dumont)","codigo":"75","bairro":"NOSSA SENHORA DA PENHA - AABB - SÃO CRISTÓVÃO","cep":"56912380"},"geometry":{"type":"LineString","coordinates":[[-38.2947734,-7.9921983,0.0],[-38.294621,-7.9920616,0.0],[-38.2945438,-7.9919249,0.0],[-38.2919174,-7.9899651,0.0],[-38.2914775,-7.9890089,0.0],[-38.2895785,-7.9821878,0.0]]}},
{"type":"Feature","properties":{"name":"Rua Cornélio Soares","descricao":"Lei 56 de 27.08.55 (antiga Rua Coronel Siqueira Campos)","codigo":"3","bairro":"NOSSA SENHORA DA PENHA","cep":"56903440"},"geometry":{"type":"LineString","coordinates":[[-38.2966678,-7.993154,0.0],[-38.2976533,-7.9929636,0.0],[-38.298364,-7.9928103,0.0],[-38.3002867,-7.9924056,0.0],[-38.3022347,-7.9920079,0.0],[-38.3031929,-7.9918094,0.0],[-38.3036807,-7.9916994,0.0],[-38.3041296,-7.991551,0.0]]}},
{"type":"Feature","properties":{"name":"Rua Joaquim Godoy","descricao":"Lei 75 de 30.12.52","codigo":"20","bairro":"NOSSA SENHORA DA PENHA","cep":"56912450"},"geometry":{"type":"LineString","coordinates":[[-38.2974269,-7.9940837,0.0],[-38.2969535,-7.9936016,0.0],[-38.2967651,-7.993407,0.0],[-38.2966276,-7.993239,0.0],[-38.2965083,-7.9923649,0.0],[-38.2964144,-7.9916106,0.0],[-38.2962106,-7.9900992,0.0],[-38.2960389,-7.9891722,0.0]]}},
{"type":"Feature","properties":{"name":"Rua Isnero Inácio de Oliveira ","descricao":"Lei 430 de 12.05.77 (antiga R. 7 de Setembro)","codigo":"16","bairro":"NOSSA SENHORA DA PENHA","cep":"56903450"},"geometry":{"type":"LineString","coordinates":[[-38.2995273,-7.992795,0.0],[-38.2974888,-7.9941151,0.0]]}},
{"type":"Feature","properties":{"name":"Rua Custódio Conrado de Lorena e Sá","descricao":"Lei 594 de 30.04.85","codigo":"1535","bairro":"NOSSA SENHORA DA PENHA - AABB","cep":"56912550"},"geometry":{"type":"LineString","coordinates":[[-38.297474,-7.9941523,0.0],[-38.2971825,-7.9944988,0.0],[-38.2965871,-7.9958269,0.0],[-38.2961016,-7.9964352,0.0],[-38.2953358,-7.9970607,0.0],[-38.2934898,-7.9983841,0.0],[-38.2927532,-7.9989103,0.0],[-38.2915619,-7.9997526,0.0]]}},
{"type":"Feature","properties":{"name":"Rua Irineu Alves de Magalhães","descricao":"","codigo":"156","bairro":"AABB","cep":"56912140"},"geometry":{"type":"LineString","coordinates":[[-38.2938613,-7.9995496,0.0],[-38.2934576,-7.9983783,0.0],[-38.2925926,-7.997017,0.0],[-38.2909243,-7.993835,0.0]]}},
{"type":"Feature","properties":{"name":"Rua Manoel Antônio dos Santos","descricao":"","codigo":"158","bairro":"AABB","cep":"56912225"},"geometry":{"type":"LineString","coordinates":[[-38.2953588,-7.9971196,0.0],[-38.2962922,-7.9983892,0.0]]}},
{"type":"Feature","properties":{"name":"Rua Maria da Glória Nogueira","descricao":"","codigo":"175","bairro":"AABB","cep":"56906530"},"geometry":{"type":"LineString","coordinates":[[-38.2965205,-7.9982807,0.0],[-38.2950587,-7.9993405,0.0]]}},
{"type":"Feature","properties":{"name":"Travessa Maria da Glória Nogueira","descricao":"","codigo":"9188","bairro":"AABB","cep":""},"geometry":{"type":"LineString","coordinates":[[-38.2965406,-7.9982768,0.0],[-38.2970471,-7.998869,0.0]]}},
{"type":"Feature","properties":{"name":"Rua Licácia Simonia de Souza","descricao":"Lei 1205 de 09.10.07","codigo":"822","bairro":"AABB","cep":"56912500"},"geometry":{"type":"LineString","coordinates":[[-38.2970228,-7.9995595,0.0],[-38.2962381,-7.998521,0.0]]}},
{"type":"Feature","properties":{"name":"Praça Adriana Carla de Souza","descricao":"Lei 1206 de 11.12.07","codigo":"861","bairro":"AABB","cep":"56912555"},"geometry":{"type":"LineString","coordinates":[[-38.2971554,-8.0005125,0.0],[-38.2964728,-7.9995776,0.0],[-38.2958761,-7.9988033,0.0],[-38.2964728,-7.9995776,0.0],[-38.2963695,-7.9996546,0.0],[-38.2957808,-7.9988804,0.0]]}},
{"type":"Feature","properties":{"name":"Travessa Licácia Simonia de Souza","descricao":"","codigo":"1437","bairro":"AABB","cep":""},"geometry":{"type":"LineString","coordinates":[[-38.2965264,-7.9995771,0.0],[-38.2970923,-7.9991428,0.0]]}},
{"type":"Feature","properties":{"name":"Rua Rufino Nicolau","descricao":"","codigo":"154","bairro":"AABB","cep":"56912350"},"geometry":{"type":"LineString","coordinates":[[-38.2957398,-7.9966408,0.0],[-38.2947769,-7.9954256,0.0]]}},
{"type":"Feature","properties":{"name":"Rua Geraldo Joaquim dos Santos","descricao":"Lei 885 de 26.02.96","codigo":"307","bairro":"AABB","cep":"56912235"},"geometry":{"type":"LineString","coordinates":[[-38.2962553,-7.9961377,0.0],[-38.295287,-7.9953834,0.0]]}},
{"type":"Feature","properties":{"name":"Rua Manoel Martiniano dos Santos","descricao":"Lei 672 de 28.10.88 (conhecida por Rua Manoel Macário)","codigo":"153","bairro":"AABB","cep":"56912165"},"geometry":{"type":"LineString","coordinates":[[-38.296542,-7.9957584,0.0],[-38.2962214,-7.9955181,0.0],[-38.2954623,-7.9949164,0.0]]}},
{"type":"Feature","properties":{"name":"Rua José Joaquim de Lima","descricao":"Lei 582 de 28.10.84 (Deca Melo)","codigo":"152","bairro":"NOSSA SENHORA DA PENHA - AABB","cep":"56912290"},"geometry":{"type":"LineString","coordinates":[[-38.2958455,-7.99459,0.0],[-38.2954244,-7.9948785,0.0],[-38.2942925,-7.9957223,0.0],[-38.2921038,-7.9973964,0.0],[-38.2882119,-8.0003568,0.0]]}},
{"type":"Feature","properties":{"name":"Travessa Irineu Alves de Magalhães","descricao":"","codigo":"1469","bairro":"AABB","cep":""},"geometry":{"type":"LineString","coordinates":[[-38.2930813,-7.997859,0.0],[-38.2925636,-7.9982494,0.0]]}},
{"type":"Feature","properties":{"name":"Rua José Alves Conserva","descricao":"Lei 1147 de 12.04.06","codigo":"412","bairro":"AABB","cep":"56912156"},"geometry":{"type":"LineString","coordinates":[[-38.2925509,-7.9984293,0.0],[-38.2913842,-7.9993337,0.0]]}},
{"type":"Feature","properties":{"name":"Rua Joaquim Alves de Magalhães","descricao":"","codigo":"137","bairro":"AABB - NOSSA SENHORA DA CONCEIÇÃO","cep":"56912150"},"geometry":{"type":"LineString","coordinates":[[-38.2927817,-7.9988395,0.0],[-38.2883681,-7.9895072,0.0],[-38.2882662,-7.9894222,0.0],[-38.2871826,-7.9871538,0.0]]}},
{"type":"Feature","properties":{"name":"Travessa Hélder Rômulo Magalhães Araújo de Meneses","descricao":"Lei 1811 de 12.02.2021 (antiga Travessa Joaquim Alves de Magalhães I)","codigo":"155","bairro":"AABB","cep":"56912532"},"geometry":{"type":"LineString","coordinates":[[-38.2900146,-7.995808,0.0],[-38.2914281,-7.9949978,0.0]]}},
{"type":"Feature","properties":{"name":"Rua Coronel Manoel Pereira da Silva","descricao":"Lei 4 de 18.12.47 (Comandante Superior, antiga Rua Tobias Barreto)","codigo":"7","bairro":"NOSSA SENHORA DA PENHA - SÃO CRISTÓVÃO","cep":"56903490"},"geometry":{"type":"LineString","coordinates":[[-38.2997993,-7.993693,0.0],[-38.2974766,-7.983964,0.0]]}},
{"type":"Feature","properties":{"name":"Travessa Luiz de Barros","descricao":"Lei 316 de 26.10.71 (Antiga Tv. Domingos Rodrigues)","codigo":"82","bairro":"NOSSA SENHORA DA PENHA","cep":"56903442"},"geometry":{"type":"LineString","coordinates":[[-38.3003368,-7.9924999,0.0],[-38.3006908,-7.9930842,0.0],[-38.3011146,-7.9935916,0.0],[-38.3012702,-7.9938598,0.0]]}},
{"type":"Feature","properties":{"name":"Rua Oscar Barbosa Nogueira","descricao":"","codigo":"83","bairro":"NOSSA SENHORA DA PENHA","cep":"56903491"},"geometry":{"type":"LineString","coordinates":[[-38.3006628,-7.9930965,0.0],[-38.3003732,-7.9932983,0.0]]}},
{"type":"Feature","properties":{"name":"Travessa Coronel Manoel Pereira da Silva","descricao":"Travessa Comandante Superior","codigo":"80","bairro":"NOSSA SENHORA DA PENHA","cep":"0"},"geometry":{"type":"LineString","coordinates":[[-38.3001733,-7.9936542,0.0],[-38.299551,-7.9938162,0.0]]}},
{"type":"Feature","properties":{"name":"Rua Alexandre Barbosa Nogueira","descricao":"Lei 502 de 20.04.80","codigo":"81","bairro":"NOSSA SENHORA DA PENHA","cep":"56903492"},"geometry":{"type":"LineString","coordinates":[[-38.2995564,-7.9938441,0.0],[-38.2996644,-7.994214,0.0],[-38.2997898,-7.9945799,0.0]]}},
{"type":"Feature","properties":{"name":"Rua Joca Magalhães","descricao":"","codigo":"6","bairro":"NOSSA SENHORA DA PENHA - SÃO CRISTÓVÃO","cep":"56903480"},"geometry":{"type":"LineString","coordinates":[[-38.2964498,-7.9844065,0.0],[-38.2969124,-7.9855713,0.0],[-38.2983997,-7.9934376,0.0]]}},
{"type":"Feature","properties":{"name":"Rua Adolfo Bezerra Sampaio","descricao":"","codigo":"57","bairro":"SÃO CRISTÓVÃO","cep":"56903640"},"geometry":{"type":"LineString","coordinates":[[-38.2964341,-7.9843534,0.0],[-38.2951064,-7.9828447,0.0]]}},
{"type":"Feature","properties":{"name":"Rua Irmã Superiora Luiza Rocha","descricao":"Lei 124 de 23.05.61 (antiga R. Boa Vista)","codigo":"15","bairro":"NOSSA SENHORA DA PENHA","cep":"56903470"},"geometry":{"type":"LineString","coordinates":[[-38.2978144,-7.9937559,0.0],[-38.2971063,-7.9907492,0.0]]}},
{"type":"Feature","properties":{"name":"Praça Barão do Pajeú","descricao":"Lei 182 de 03.09.65 (antiga Praça Senador Manoel Borba)","codigo":"4","bairro":"NOSSA SENHORA DA PENHA","cep":"56903420"},"geometry":{"type":"LineString","coordinates":[[-38.2981831,-7.991781,0.0],[-38.2987115,-7.9916654,0.0],[-38.2992587,-7.9915419,0.0],[-38.2987115,-7.9916654,0.0],[-38.2987745,-7.9919576,0.0],[-38.2993284,-7.9918341,0.0],[-38.2987745,-7.9919576,0.0],[-38.2982314,-7.9920758,0.0]]}},
{"type":"Feature","properties":{"name":"Praça Doutor Sérgio Magalhães","descricao":"Lei 75 de 30.12.52 (antigas Afonso Pequeno e Conego Torres)","codigo":"2","bairro":"NOSSA SENHORA DA PENHA","cep":"56903415"},"geometry":{"type":"LineString","coordinates":[[-38.2992886,-7.9915396,0.0],[-38.3011608,-7.9911305,0.0],[-38.3012198,-7.9914094,0.0],[-38.2993476,-7.9918211,0.0]]}},
{"type":"Feature","properties":{"name":"Rua José Olavo de Andrada","descricao":"Lei 339 de 24.04.73 (antiga Travessa Monsenhor Afonso Pequeno e conhecida por Travessa José Olavo de Andrada)","codigo":"10","bairro":"NOSSA SENHORA DA PENHA","cep":"56903512"},"geometry":{"type":"LineString","coordinates":[[-38.3013228,-7.9910708,0.0],[-38.3037744,-7.9904772,0.0]]}},
{"type":"Feature","properties":{"name":"Travessa Sebastião Inácio","descricao":"PL 1 de 10.02.67 não aprovado (antiga Travessa Cleto Campelo)","codigo":"26","bairro":"NOSSA SENHORA DA PENHA","cep":"56903411"},"geometry":{"type":"LineString","coordinates":[[-38.3018405,-7.9913122,0.0],[-38.3013684,-7.9914238,0.0]]}},
{"type":"Feature","properties":{"name":"Praça Governador Agamenon Magalhães","descricao":"Lei 75 de 30.12.52 (antiga Praça João Pessoa)","codigo":"1","bairro":"NOSSA SENHORA DA PENHA","cep":"56903530"},"geometry":{"type":"LineString","coordinates":[[-38.3023019,-7.9919205,0.0],[-38.302039,-7.9909297,0.0],[-38.301811,-7.9909855,0.0],[-38.3020873,-7.9919816,0.0]]}},
{"type":"Feature","properties":{"name":"Travessa Nenem Jurubeba","descricao":"Lei 247 de 26.02.69 (conhecida como Rua Manoel Joaquim Polycarpo Lima, antiga Travessa Barreto).","codigo":"9","bairro":"NOSSA SENHORA DA PENHA","cep":"56903441"},"geometry":{"type":"LineString","coordinates":[[-38.3007699,-7.991599,0.0],[-38.3008986,-7.9921834,0.0]]}},
{"type":"Feature","properties":{"name":"Rua Joaquim Conrado de Lorena e Sá","descricao":"Lei 564 de 05.12.83 (antiga R. Rui Barbosa)","codigo":"12","bairro":"NOSSA SENHORA DA PENHA","cep":"56903655"},"geometry":{"type":"LineString","coordinates":[[-38.3030634,-7.9917642,0.0],[-38.3024739,-7.9901857,0.0],[-38.3013414,-7.9869751,0.0]]}},
{"type":"Feature","properties":{"name":"Travessa 13 de Maio","descricao":"","codigo":"24","bairro":"NOSSA SENHORA DA PENHA","cep":"56903431"},"geometry":{"type":"LineString","coordinates":[[-38.3032792,-7.9913144,0.0],[-38.3039658,-7.9910541,0.0]]}},
{"type":"Feature","properties":{"name":"Rua Monsenhor Afonso Pequeno","descricao":"Lei 563 de 05.12.83 (antiga R. 13 de Maio)","codigo":"18","bairro":"NOSSA SENHORA DA PENHA","cep":"56903505"},"geometry":{"type":"LineString","coordinates":[[-38.3035133,-7.9911651,0.0],[-38.3031886,-7.9900182,0.0],[-38.3024001,-7.9873482,0.0]]}},
{"type":"Feature","properties":{"name":"Rua Luiz Gonzaga do Nascimento","descricao":"Lei 704 de 13.10.89 (Rei do Baião)","codigo":"13","bairro":"NOSSA SENHORA DA PENHA","cep":"56903550"},"geometry":{"type":"LineString","coordinates":[[-38.3041249,-7.9914678,0.0],[-38.3036475,-7.9899511,0.0]]}},
{"type":"Feature","properties":{"name":"Rua Capitão Agostinho Nunes de Magalhães","descricao":"Lei 4 de 18.12.47 (antigas Rua Pereiros e Rua São Pedro)","codigo":"21","bairro":"NOSSA SENHORA DA PENHA","cep":"56903510"},"geometry":{"type":"LineString","coordinates":[[-38.3011503,-7.9910508,0.0],[-38.3000935,-7.9864503,0.0]]}},
{"type":"Feature","properties":{"name":"Rua Padre Romão Ferraz","descricao":"","codigo":"22","bairro":"NOSSA SENHORA DA PENHA - SÃO CRISTÓVÃO","cep":"56903500"},"geometry":{"type":"LineString","coordinates":[[-38.3002478,-7.9906177,0.0],[-38.2991696,-7.9857144,0.0]]}},
{"type":"Feature","properties":{"name":"Rua Henrique de Melo","descricao":"","codigo":"23","bairro":"NOSSA SENHORA DA PENHA","cep":"56903520"},"geometry":{"type":"LineString","coordinates":[[-38.3012988,-7.9890626,0.0],[-38.3008804,-7.987352,0.0]]}},
{"type":"Feature","properties":{"name":"Rua Deputado Afrânio Godoy","descricao":"Lei 279 de 10.10.69 (antiga Rua João Pessoa)","codigo":"8","bairro":"NOSSA SENHORA DA PENHA","cep":"56903390"},"geometry":{"type":"LineString","coordinates":[[-38.3034973,-7.9891601,0.0],[-38.3009331,-7.9897711,0.0],[-38.2963707,-7.9908601,0.0],[-38.2941552,-7.9914179,0.0]]}},
{"type":"Feature","properties":{"name":"Rua Cirilo Xavier de Moraes","descricao":"Lei 32 de 20.08.51 ","codigo":"14","bairro":"NOSSA SENHORA DA PENHA","cep":"56903370"},"geometry":{"type":"LineString","coordinates":[[-38.3033271,-7.9885807,0.0],[-38.3000548,-7.9894014,0.0]]}},
{"type":"Feature","properties":{"name":"Rua Jacinto Alves de Carvalho","descricao":"Lei 189-A de 02.03.66","codigo":"19","bairro":"NOSSA SENHORA DA PENHA","cep":"56903360"},"geometry":{"type":"LineString","coordinates":[[-38.3015696,-7.9870667,0.0],[-38.2952508,-7.9893666,0.0],[-38.2950872,-7.9894622,0.0]]}},
{"type":"Feature","properties":{"name":"Rua Tabelião Tiburtino Barbosa Nogueira","descricao":"","codigo":"25","bairro":"NOSSA SENHORA DA PENHA","cep":"56903380"},"geometry":{"type":"LineString","coordinates":[[-38.2988299,-7.9896866,0.0],[-38.2977972,-7.9898884,0.0],[-38.2962469,-7.9899973,0.0],[-38.2955415,-7.990093,0.0],[-38.2947744,-7.9902736,0.0],[-38.2934065,-7.9908898,0.0]]}},
{"type":"Feature","properties":{"name":"Rua Inocêncio Gomes de Andrada","descricao":"","codigo":"71","bairro":"NOSSA SENHORA DA PENHA - SÃO CRISTÓVÃO","cep":"56912440"},"geometry":{"type":"LineString","coordinates":[[-38.2961586,-7.990889,0.0],[-38.2944286,-7.9887693,0.0],[-38.2932202,-7.9870999,0.0]]}},
{"type":"Feature","properties":{"name":"Rua Isidoro Conrado de Lorena e Sá","descricao":"","codigo":"27","bairro":"NOSSA SENHORA DA PENHA - SÃO CRISTÓVÃO","cep":"56903090"},"geometry":{"type":"LineString","coordinates":[[-38.2972736,-7.9898689,0.0],[-38.2968659,-7.989691,0.0],[-38.2960666,-7.9891199,0.0],[-38.2903846,-7.9850003,0.0],[-38.2871284,-7.9826256,0.0]]}},
{"type":"Feature","properties":{"name":"Rua Horácio Gomes de Andrada","descricao":"","codigo":"53","bairro":"NOSSA SENHORA DA PENHA - SÃO CRISTÓVÃO","cep":"56903330"},"geometry":{"type":"LineString","coordinates":[[-38.2969618,-7.9886874,0.0],[-38.294655,-7.9847159,0.0]]}},
{"type":"Feature","properties":{"name":"Avenida Miguel Nunes de Souza","descricao":"Lei 220 de 15.09.67 (antiga R. Gordilho de Castro)","codigo":"55","bairro":"SÃO CRISTÓVÃO","cep":"56903120"},"geometry":{"type":"LineString","coordinates":[[-38.2980722,-7.9867308,0.0],[-38.2970125,-7.986161,0.0],[-38.2929272,-7.9833707,0.0],[-38.2922271,-7.9819762,0.0]]}},
{"type":"Feature","properties":{"name":"Rua José Filomeno Pereira","descricao":"Lei 1652 de 11.12.17 (Conhecida como Zé Bengo, antiga Rua Projetada 18)","codigo":"211","bairro":"TANCREDO NEVES","cep":"56909292"},"geometry":{"type":"LineString","coordinates":[[-38.2805182,-7.9777965,0.0],[-38.2794909,-7.9783676,0.0]]}},
{"type":"Feature","properties":{"name":"Rua Aristides José de Melo","descricao":"Lei 1523 de 26.02.16 (antiga Rua Projetada 17)","codigo":"219","bairro":"TANCREDO NEVES","cep":"56909200"},"geometry":{"type":"LineString","coordinates":[[-38.2801856,-7.9773965,0.0],[-38.2792576,-7.9779145,0.0]]}},
{"type":"Feature","properties":{"name":"Rua Antônio Gomes da Silva","descricao":"Lei 1519 de 26.02.16 (Conhecida como Antônio de Afonso, antiga Rua Projetada 05)","codigo":"216","bairro":"TANCREDO NEVES","cep":"56909180"},"geometry":{"type":"LineString","coordinates":[[-38.2815825,-7.9777996,0.0],[-38.2795628,-7.9789126,0.0]]}},
{"type":"Feature","properties":{"name":"Rua Adalgisa Andreza da Silva","descricao":"Lei 1520 de 26.02.16 (Conhecida como Dona Daza, antiga Rua Projetada 12)","codigo":"218","bairro":"TANCREDO NEVES","cep":"56909260"},"geometry":{"type":"LineString","coordinates":[[-38.2804464,-7.976674,0.0],[-38.2799395,-7.9757815,0.0]]}},
{"type":"Feature","properties":{"name":"Rua José Vicente Dias","descricao":"Lei 1521 de 26.02.16 (antiga Rua 14)","codigo":"212","bairro":"TANCREDO NEVES","cep":"56909230"},"geometry":{"type":"LineString","coordinates":[[-38.2796286,-7.9762574,0.0],[-38.278958,-7.9766107,0.0]]}},
{"type":"Feature","properties":{"name":"Rua Mariano Nogueira Peixoto","descricao":"Lei 1495 de 18.11.15 (antiga Rua Projetada 15 e Rua Maria Domingos de Jesus, alterada pela lei nº 1875/2021)","codigo":"210","bairro":"TANCREDO NEVES","cep":"56909295"},"geometry":{"type":"LineString","coordinates":[[-38.2797949,-7.9766519,0.0],[-38.2790519,-7.9770609,0.0]]}},
{"type":"Feature","properties":{"name":"Rua Modesto de Sá Ferraz","descricao":"Lei 1528 de 23.03.16 (antiga Rua Projetada 16)","codigo":"198","bairro":"TANCREDO NEVES","cep":"56909268"},"geometry":{"type":"LineString","coordinates":[[-38.2800521,-7.9769726,0.0],[-38.2792367,-7.9774322,0.0]]}},
{"type":"Feature","properties":{"name":"Rua Fábio Eliodorio da Silva Sobrinho","descricao":"Lei 1530 de 23.03.16 (antiga Rua Projetada 13)","codigo":"237","bairro":"TANCREDO NEVES","cep":"56909262"},"geometry":{"type":"LineString","coordinates":[[-38.2788271,-7.9761103,0.0],[-38.2813001,-7.975247,0.0]]}},
{"type":"Feature","properties":{"name":"Rua Andrelino José de Lima","descricao":"Lei 868 de 28.10.94 (antiga Rua Projetada 03)","codigo":"1408","bairro":"TANCREDO NEVES","cep":"56909145"},"geometry":{"type":"LineString","coordinates":[[-38.2824526,-7.9755989,0.0],[-38.2801566,-7.9769218,0.0]]}},
{"type":"Feature","properties":{"name":"Rua Francina Ferraz de Souza","descricao":"Lei 1531 de 23.03.16 (antiga Rua Projetada 20)","codigo":"231","bairro":"TANCREDO NEVES","cep":"56909266"},"geometry":{"type":"LineString","coordinates":[[-38.2803791,-7.9794681,0.0],[-38.2797783,-7.9797735,0.0]]}},
{"type":"Feature","properties":{"name":"Avenida Luiz Cosme de Magalhães (PE-365)","descricao":"Lei 427 de 12.05.77 (antiga Av. Triunfo)","codigo":"179","bairro":"NOSSA SENHORA DE FÁTIMA - JOSÉ TOMÉ DE SOUZA - TANCREDO NEVES","cep":"56909430"},"geometry":{"type":"LineString","coordinates":[[-38.2891431,-7.9817625,0.0],[-38.2610021,-7.9513785,0.0]]}},
{"type":"Feature","properties":{"name":"Rua Paulo Sabino da Silva","descricao":"Lei 1553 de 22.07.16 (antiga Travessa Onze)","codigo":"258","bairro":"BOM JESUS","cep":"56906405"},"geometry":{"type":"LineString","coordinates":[[-38.3095377,-7.9903898,0.0],[-38.3104577,-7.9899356,0.0],[-38.310493,-7.989995,0.0],[-38.3106615,-7.9900219,0.0],[-38.3118524,-7.9901773,0.0],[-38.3121408,-7.9901813,0.0]]}},
{"type":"Feature","properties":{"name":"Rua Sebastião Benedito de Lima","descricao":"Lei 1587 de 22.03.17 (antiga Rua Projetada 19)","codigo":"233","bairro":"TANCREDO NEVES","cep":"56909170"},"geometry":{"type":"LineString","coordinates":[[-38.2801864,-7.9790735,0.0],[-38.2796848,-7.979363,0.0]]}},
{"type":"Feature","properties":{"name":"Rua Expedito Pedro da Silva","descricao":"Lei 1588 de 22.03.17 (conhecida como Expedito Fumeiro, antiga Rua S)","codigo":"255","bairro":"BOM JESUS","cep":"56906382"},"geometry":{"type":"LineString","coordinates":[[-38.3129433,-7.9884106,0.0],[-38.3129023,-7.9884723,0.0],[-38.3128346,-7.9885261,0.0],[-38.3104343,-7.9891966,0.0],[-38.3101165,-7.989261,0.0],[-38.309967,-7.9892799,0.0],[-38.3097509,-7.989191,0.0],[-38.3094529,-7.9892382,0.0],[-38.3086696,-7.989567,0.0]]}},
{"type":"Feature","properties":{"name":"Rua Capitão Hemetério Nogueira","descricao":"","codigo":"37","bairro":"NOSSA SENHORA DA PENHA","cep":"0"},"geometry":{"type":"LineString","coordinates":[[-38.3036898,-7.9897945,0.0],[-38.3029817,-7.987473,0.0]]}},
{"type":"Feature","properties":{"name":"Rua Manoel Pereira Lins","descricao":"","codigo":"42","bairro":"NOSSA SENHORA DA PENHA - SÃO CRISTÓVÃO - AABB - NOSSA SENHORA DA CONCEIÇÃO","cep":"56903340"},"geometry":{"type":"LineString","coordinates":[[-38.3000519,-7.9864617,0.0],[-38.2998521,-7.9865481,0.0],[-38.2942999,-7.988588,0.0],[-38.2930519,-7.9888835,0.0],[-38.2917564,-7.9892799,0.0],[-38.2930519,-7.9888835,0.0],[-38.2942999,-7.988588,0.0],[-38.2876178,-7.9895694,0.0],[-38.2853016,-7.9899293,0.0],[-38.2852145,-7.9899174,0.0],[-38.2823942,-7.9906132,0.0],[-38.2852145,-7.9899174,0.0],[-38.2853016,-7.9899293,0.0],[-38.2876178,-7.9895694,0.0],[-38.2853456,-7.9903872,0.0]]}},
{"type":"Feature","properties":{"name":"Rua Antônio Terto","descricao":"","codigo":"73","bairro":"NOSSA SENHORA DA PENHA","cep":"56912390"},"geometry":{"type":"LineString","coordinates":[[-38.2939157,-7.9892896,0.0],[-38.2925263,-7.9902193,0.0]]}},
{"type":"Feature","properties":{"name":"Rua Bernardino Coelho Magalhães","descricao":"Lei 264 de 19.03.69","codigo":"74","bairro":"NOSSA SENHORA DA PENHA - SÃO CRISTÓVÃO","cep":"56903660"},"geometry":{"type":"LineString","coordinates":[[-38.2937835,-7.990626,0.0],[-38.2927374,-7.9890429,0.0]]}},
{"type":"Feature","properties":{"name":"Rua Conselheiro João Nunes de Souza","descricao":"Lei 180 de 28.08.65","codigo":"72","bairro":"NOSSA SENHORA DA PENHA","cep":"56912410"},"geometry":{"type":"LineString","coordinates":[[-38.2956884,-7.9916789,0.0],[-38.2936834,-7.9888169,0.0]]}},
{"type":"Feature","properties":{"name":"Rua José Alves da Silveira Lima","descricao":"","codigo":"39","bairro":"SÃO CRISTÓVÃO","cep":"56903300"},"geometry":{"type":"LineString","coordinates":[[-38.2992714,-7.9856222,0.0],[-38.2936963,-7.9877019,0.0],[-38.2905099,-7.9887166,0.0]]}},
{"type":"Feature","properties":{"name":"Rua Josefa Firmino dos Santos","descricao":"Lei 644 de 31.10.87","codigo":"59","bairro":"SÃO CRISTÓVÃO","cep":"56903200"},"geometry":{"type":"LineString","coordinates":[[-38.2975485,-7.9862056,0.0],[-38.2973124,-7.9854088,0.0]]}},
{"type":"Feature","properties":{"name":"Rua Manoel Andrelino Nogueira","descricao":"Lei 285 de 30.04.70","codigo":"40","bairro":"SÃO CRISTÓVÃO","cep":"56903210"},"geometry":{"type":"LineString","coordinates":[[-38.2976963,-7.985244,0.0],[-38.2953975,-7.9859838,0.0],[-38.2960226,-7.9855787,0.0],[-38.2953975,-7.9859838,0.0],[-38.2929553,-7.986778,0.0]]}},
{"type":"Feature","properties":{"name":"Travessa Isabel Otaviana de Barros","descricao":"Lei 1810 de 12.02.2021 (antiga Travessa Joaquim Alves de Magalhães II)","codigo":"9174","bairro":"AABB","cep":"56912536"},"geometry":{"type":"LineString","coordinates":[[-38.2907871,-7.9947484,0.0],[-38.2898671,-7.9952743,0.0]]}},
{"type":"Feature","properties":{"name":"Avenida Waldemar Ignácio de Oliveira","descricao":"Lei 696 de 31.07.89","codigo":"54","bairro":"NOSSA SENHORA DA PENHA","cep":"56906010"},"geometry":{"type":"LineString","coordinates":[[-38.3010029,-7.986552,0.0],[-38.3010338,-7.9863435,0.0],[-38.301066,-7.9860527,0.0],[-38.3013616,-7.9827384,0.0]]}},
{"type":"Feature","properties":{"name":"Avenida Vicente Inácio de Oliveira","descricao":"Lei 861 de 31.01.94 (Via Pública na BR-232, Conhecida como Missena Inácio, antiga Avenida Central)","codigo":"87","bairro":"BOM JESUS - SÃO SEBASTIÃO - CACHOEIRA - NOSSA SENHORA DA PENHA - SÃO CRISTÓVÃO - VILA BELA","cep":"56906000"},"geometry":{"type":"LineString","coordinates":[[-38.2962679,-7.9821884,0.0],[-38.3013348,-7.9826665,0.0],[-38.3015896,-7.9826426,0.0],[-38.3018713,-7.9825762,0.0],[-38.3079894,-7.9801165,0.0],[-38.3086921,-7.9799385,0.0],[-38.3093573,-7.9798376,0.0],[-38.3098347,-7.979811,0.0],[-38.3123638,-7.9796829,0.0],[-38.3127554,-7.9796829,0.0],[-38.3131845,-7.9797519,0.0],[-38.3135493,-7.9798422,0.0],[-38.3140536,-7.9800494,0.0],[-38.3259641,-7.9865197,0.0]]}},
{"type":"Feature","properties":{"name":"Avenida João Gomes de Lucena","descricao":"Lei 123 de 15.04.61 (Via Pública na BR-232, antiga Avenida Central)","codigo":"99","bairro":"SÃO CRISTÓVÃO - JOSÉ TOMÉ DE SOUZA - NOSSA SENHORA DE FÁTIMA - TANCREDO NEVES - NOSSA SENHORA DA CONCEIÇÃO - JOSÉ ALVES CARVALHO NUNES","cep":"56903000"},"geometry":{"type":"LineString","coordinates":[[-38.2961848,-7.9821845,0.0],[-38.2912904,-7.9816593,0.0],[-38.2908505,-7.9816965,0.0],[-38.2724893,-7.9852873,0.0]]}},
{"type":"Feature","properties":{"name":"Travessa José Alves da Silveira Lima","descricao":"Beco Cazé Romão","codigo":"66","bairro":"SÃO CRISTÓVÃO","cep":"56903291"},"geometry":{"type":"LineString","coordinates":[[-38.2989483,-7.9868051,0.0],[-38.2986184,-7.985963,0.0]]}},
{"type":"Feature","properties":{"name":"Rua Mário Lira","descricao":"","codigo":"52","bairro":"SÃO CRISTÓVÃO","cep":"56903310"},"geometry":{"type":"LineString","coordinates":[[-38.2953935,-7.9881295,0.0],[-38.2951816,-7.987585,0.0],[-38.294562,-7.9852396,0.0]]}},
{"type":"Feature","properties":{"name":"Rua Bernardino Coelho Magalhães","descricao":"Prolongamento (Bairro São Cristóvão)","codigo":"74","bairro":"NOSSA SENHORA DA PENHA - SÃO CRISTÓVÃO","cep":"56903660"},"geometry":{"type":"LineString","coordinates":[[-38.2926803,-7.9887916,0.0],[-38.2924845,-7.9876627,0.0]]}},
{"type":"Feature","properties":{"name":"Avenida Doutor Ademar Xavier","descricao":"Lei 1775 de 09.09.2020","codigo":"128","bairro":"SÃO CRISTÓVÃO - NOSSA SENHORA DA CONCEIÇÃO","cep":"56912010"},"geometry":{"type":"LineString","coordinates":[[-38.2906082,-7.9889702,0.0],[-38.2900101,-7.9883965,0.0],[-38.2885188,-7.9869568,0.0],[-38.2881004,-7.9867151,0.0],[-38.2867432,-7.9851666,0.0],[-38.2846618,-7.9833099,0.0],[-38.284635,-7.9832249,0.0],[-38.2846403,-7.9831053,0.0]]}},
{"type":"Feature","properties":{"name":"Avenida Doutor Ademar Xavier","descricao":"Lei 1775 de 09.09.2020","codigo":"128","bairro":"SÃO CRISTÓVÃO - NOSSA SENHORA DA CONCEIÇÃO","cep":"56912010"},"geometry":{"type":"LineString","coordinates":[[-38.2866734,-7.9852781,0.0],[-38.2846269,-7.9833285,0.0],[-38.284525,-7.9831319,0.0]]}},
{"type":"Feature","properties":{"name":"Rua Antônio Alves da Silveira","descricao":"PL 09 de 24.07.83 não aprovado","codigo":"45","bairro":"SÃO CRISTÓVÃO","cep":"56903240"},"geometry":{"type":"LineString","coordinates":[[-38.2979906,-7.9835891,0.0],[-38.2976707,-7.9838846,0.0],[-38.2975593,-7.9839024,0.0],[-38.2974572,-7.9838936,0.0],[-38.2972383,-7.9840074,0.0],[-38.2947183,-7.9851164,0.0],[-38.2907842,-7.9865155,0.0]]}},
{"type":"Feature","properties":{"name":"Travessa Professor Aderbal Mendonça","descricao":"Lei 839 de 22.10.93","codigo":"60","bairro":"SÃO CRISTÓVÃO","cep":"56903653"},"geometry":{"type":"LineString","coordinates":[[-38.2963007,-7.9866819,0.0],[-38.2960056,-7.9858851,0.0]]}},
{"type":"Feature","properties":{"name":"Rua Fiscal Leopoldo","descricao":"","codigo":"68","bairro":"SÃO CRISTÓVÃO","cep":"56903290"},"geometry":{"type":"LineString","coordinates":[[-38.294974,-7.98684,0.0],[-38.2901782,-7.9883142,0.0]]}},
{"type":"Feature","properties":{"name":"Rua Deósio Pereira Lins","descricao":"Lei 315 de 26.10.71 (antiga Rua Iris)","codigo":"69","bairro":"SÃO CRISTÓVÃO - NOSSA SENHORA DA CONCEIÇÃO","cep":"56903280"},"geometry":{"type":"LineString","coordinates":[[-38.2928286,-7.9867996,0.0],[-38.2898057,-7.9878992,0.0],[-38.28939,-7.9882259,0.0]]}},
{"type":"Feature","properties":{"name":"Travessa Numeriano Luiz de Sá","descricao":"Lei 1185 de 28.11.06","codigo":"49","bairro":"SÃO CRISTÓVÃO","cep":"56903185"},"geometry":{"type":"LineString","coordinates":[[-38.2966247,-7.984803,0.0],[-38.2958442,-7.9851643,0.0]]}},
{"type":"Feature","properties":{"name":"Rua Severino Pereira Lins","descricao":"","codigo":"51","bairro":"SÃO CRISTÓVÃO","cep":"56903270"},"geometry":{"type":"LineString","coordinates":[[-38.2946832,-7.9856102,0.0],[-38.2901529,-7.9872623,0.0],[-38.2898834,-7.9873726,0.0],[-38.2895977,-7.9875094,0.0]]}},
{"type":"Feature","properties":{"name":"Rua Benício de Souza Ramos","descricao":"Lei 583 de 28.10.84 (Benício Tomé)","codigo":"63","bairro":"SÃO CRISTÓVÃO","cep":"56903250"},"geometry":{"type":"LineString","coordinates":[[-38.2906689,-7.988963,0.0],[-38.2892366,-7.9849096,0.0]]}},
{"type":"Feature","properties":{"name":"Rua Antônio de Melo Lima","descricao":"","codigo":"70","bairro":"SÃO CRISTÓVÃO","cep":"56903260"},"geometry":{"type":"LineString","coordinates":[[-38.2900447,-7.9883297,0.0],[-38.2879084,-7.9853547,0.0],[-38.2876669,-7.984789,0.0]]}},
{"type":"Feature","properties":{"name":"Rua Antônio Inácio de Medeiros","descricao":"Lei 778 de 26.10.90 (Toinho do Açude Velho)","codigo":"65","bairro":"SÃO CRISTÓVÃO","cep":"56903070"},"geometry":{"type":"LineString","coordinates":[[-38.2891099,-7.9862963,0.0],[-38.2883468,-7.9852152,0.0],[-38.2876803,-7.9841846,0.0]]}},
{"type":"Feature","properties":{"name":"Rua Dionísio Ferreira de Magalhães","descricao":"Lei 593 de 29.04.85","codigo":"62","bairro":"SÃO CRISTÓVÃO","cep":"56903320"},"geometry":{"type":"LineString","coordinates":[[-38.2938034,-7.9873568,0.0],[-38.2926769,-7.9842955,0.0]]}},
{"type":"Feature","properties":{"name":"Travessa Antônio Alves da Silveira","descricao":"","codigo":"8021","bairro":"SÃO CRISTÓVÃO","cep":"0"},"geometry":{"type":"LineString","coordinates":[[-38.2931202,-7.9866263,0.0],[-38.2928467,-7.9862677,0.0],[-38.2924148,-7.98601,0.0]]}},
{"type":"Feature","properties":{"name":"Rua Vila Ferroviária","descricao":"","codigo":"31","bairro":"SÃO CRISTÓVÃO","cep":"56903170"},"geometry":{"type":"LineString","coordinates":[[-38.2971051,-7.9839942,0.0],[-38.2959994,-7.9828361,0.0],[-38.2957221,-7.9825373,0.0],[-38.2955816,-7.9823527,0.0],[-38.2957221,-7.9825373,0.0],[-38.2959994,-7.9828361,0.0],[-38.2964561,-7.9824231,0.0]]}},
{"type":"Feature","properties":{"name":"Rua Francisca Romão de Farias","descricao":"Lei 865 de 31.01.94 (antiga Rua Ferroviária)","codigo":"50","bairro":"SÃO CRISTÓVÃO","cep":"56903180"},"geometry":{"type":"LineString","coordinates":[[-38.2958075,-7.9827227,0.0],[-38.2951369,-7.9832859,0.0]]}},
{"type":"Feature","properties":{"name":"Rua Manoel Romão de Farias","descricao":"","codigo":"56","bairro":"SÃO CRISTÓVÃO","cep":"56909372"},"geometry":{"type":"LineString","coordinates":[[-38.2955596,-7.9850757,0.0],[-38.2947764,-7.9821991,0.0]]}},
{"type":"Feature","properties":{"name":"Rua João Florentino do Nascimento","descricao":"Lei 802 de 29.10.91 (Conhecida como João Doia, antiga Rua Getúlio Vargas)","codigo":"305","bairro":"SÃO CRISTÓVÃO","cep":"56903230"},"geometry":{"type":"LineString","coordinates":[[-38.2961903,-7.9841124,0.0],[-38.2930404,-7.9852156,0.0]]}},
{"type":"Feature","properties":{"name":"Rua Getúlio Vargas","descricao":"Entre a R. Dionísio Ferreira Magalhães e Av. Afonso Magalhães.","codigo":"46","bairro":"SÃO CRISTÓVÃO","cep":"56903230"},"geometry":{"type":"LineString","coordinates":[[-38.2930404,-7.9852156,0.0],[-38.2908061,-7.9859886,0.0]]}},
{"type":"Feature","properties":{"name":"Rua Antônio Tomé de Souza","descricao":"","codigo":"47","bairro":"SÃO CRISTÓVÃO","cep":"56903220"},"geometry":{"type":"LineString","coordinates":[[-38.2958803,-7.9837017,0.0],[-38.2896737,-7.9858559,0.0]]}},
{"type":"Feature","properties":{"name":"Rua Francisco Olavo de Andrada","descricao":"Lei 562 de 05.12.83","codigo":"127","bairro":"SÃO CRISTÓVÃO - NOSSA SENHORA DA CONCEIÇÃO","cep":"56912130"},"geometry":{"type":"LineString","coordinates":[[-38.2896271,-7.9860969,0.0],[-38.2869905,-7.9872045,0.0]]}},
{"type":"Feature","properties":{"name":"Rua Fortunato Leão Neto","descricao":"Lei 1200 de 27.08.07","codigo":"313","bairro":"NOSSA SENHORA DA CONCEIÇÃO","cep":"56903236"},"geometry":{"type":"LineString","coordinates":[[-38.286979,-7.9874968,0.0],[-38.2850317,-7.9882459,0.0]]}},
{"type":"Feature","properties":{"name":"Rua Monsenhor Pinto de Campos","descricao":"","codigo":"48","bairro":"SÃO CRISTÓVÃO","cep":"56903350"},"geometry":{"type":"LineString","coordinates":[[-38.2951195,-7.9833606,0.0],[-38.2879392,-7.985876,0.0]]}},
{"type":"Feature","properties":{"name":"Praça Miguel Olindo dos Santos","descricao":"Lei 1993 de 04.09.2023, altera a Lei 788/1991.","codigo":"102","bairro":"SÃO CRISTÓVÃO","cep":"56903160"},"geometry":{"type":"LineString","coordinates":[[-38.2929972,-7.9833554,0.0],[-38.2932801,-7.9832079,0.0],[-38.2949149,-7.9827564,0.0],[-38.2949471,-7.9828653,0.0],[-38.2931004,-7.9834483,0.0]]}},
{"type":"Feature","properties":{"name":"Rua Eliseu Nunes da Silva","descricao":"Lei 887 de 26.02.96 (antiga Rua Castro Alves)","codigo":"120","bairro":"SÃO CRISTÓVÃO - JOSÉ TOMÉ DE SOUZA","cep":"56903055"},"geometry":{"type":"LineString","coordinates":[[-38.293831,-7.9830094,0.0],[-38.2936379,-7.982109,0.0]]}},
{"type":"Feature","properties":{"name":"Rua José Olindo dos Santos","descricao":"Lei 1218 de 24.10.08 (antiga Rua da Vitória)","codigo":"119","bairro":"SÃO CRISTÓVÃO","cep":"56903165"},"geometry":{"type":"LineString","coordinates":[[-38.2930704,-7.9820377,0.0],[-38.2932742,-7.9831401,0.0]]}},
{"type":"Feature","properties":{"name":"Rua José Inácio de Souza","descricao":"Antiga Rua do Sossego","codigo":"106","bairro":"SÃO CRISTÓVÃO","cep":"56903030"},"geometry":{"type":"LineString","coordinates":[[-38.2924192,-7.9823566,0.0],[-38.2878208,-7.983006,0.0]]}},
{"type":"Feature","properties":{"name":"Rua Manoel Pereira Maranhão","descricao":"Lei 1407 de 26.05.14 (Neco Maranhão)","codigo":"105","bairro":"SÃO CRISTÓVÃO","cep":"56903630"},"geometry":{"type":"LineString","coordinates":[[-38.2921358,-7.9828792,0.0],[-38.2885121,-7.9835672,0.0]]}},
{"type":"Feature","properties":{"name":"Travessa Maria de Lourdes Referino de Souza Morais","descricao":"Lei 846 de 31.01.94 (antiga Tv. do Sossego)","codigo":"104","bairro":"SÃO CRISTÓVÃO","cep":"56903600"},"geometry":{"type":"LineString","coordinates":[[-38.2924633,-7.9836527,0.0],[-38.2920422,-7.982468,0.0]]}},
{"type":"Feature","properties":{"name":"Rua Manoel Tomé de Sousa","descricao":"Lei 848 de 31.01.94 (antiga Rua Nova Bomba)","codigo":"113","bairro":"SÃO CRISTÓVÃO","cep":"56903620"},"geometry":{"type":"LineString","coordinates":[[-38.2916961,-7.9833262,0.0],[-38.2901136,-7.9838096,0.0]]}},
{"type":"Feature","properties":{"name":"Rua Manoel Tomé de Sousa","descricao":"prolongamento","codigo":"113","bairro":"SÃO CRISTÓVÃO","cep":"56903620"},"geometry":{"type":"LineString","coordinates":[[-38.2901136,-7.9838096,0.0],[-38.2893226,-7.9841293,0.0],[-38.2892072,-7.984116,0.0],[-38.2872465,-7.9848943,0.0]]}},
{"type":"Feature","properties":{"name":"Rua Lindalva Nunes de Souza","descricao":"Lei 789 de 19.04.91","codigo":"103","bairro":"SÃO CRISTÓVÃO","cep":"56903100"},"geometry":{"type":"LineString","coordinates":[[-38.2930881,-7.9834617,0.0],[-38.2876271,-7.9854592,0.0]]}},
{"type":"Feature","properties":{"name":"Rua São Braz","descricao":"","codigo":"109","bairro":"SÃO CRISTÓVÃO","cep":"56903020"},"geometry":{"type":"LineString","coordinates":[[-38.2880073,-7.9833402,0.0],[-38.2873931,-7.9835633,0.0]]}},
{"type":"Feature","properties":{"name":"Rua Romildo Dantas Queiroz","descricao":"","codigo":"100","bairro":"SÃO CRISTÓVÃO","cep":"56903060"},"geometry":{"type":"LineString","coordinates":[[-38.2886435,-7.9837288,0.0],[-38.2869108,-7.9844221,0.0]]}},
{"type":"Feature","properties":{"name":"Rua José Antônio do Nascimento","descricao":"Lei 710 de 27.10.89 (José Panta, antiga Rua Antônio Amâncio)","codigo":"76","bairro":"NOSSA SENHORA DA PENHA","cep":"56912167"},"geometry":{"type":"LineString","coordinates":[[-38.296473,-7.9940403,0.0],[-38.2959547,-7.9935749,0.0],[-38.2953451,-7.9930829,0.0]]}},
{"type":"Feature","properties":{"name":"Rua Pautila de Menezes Lins","descricao":"","codigo":"77","bairro":"NOSSA SENHORA DA PENHA - AABB","cep":"56912270"},"geometry":{"type":"LineString","coordinates":[[-38.2957827,-7.9945466,0.0],[-38.2947422,-7.9931815,0.0],[-38.2947449,-7.9930566,0.0],[-38.294584,-7.9926529,0.0]]}},
{"type":"Feature","properties":{"name":"Rua Osvaldo de Godoy Lima","descricao":"Lei 505 de 27.07.80","codigo":"78","bairro":"AABB","cep":"56912260"},"geometry":{"type":"LineString","coordinates":[[-38.2924396,-7.9966257,0.0],[-38.2949016,-7.9935114,0.0]]}},
{"type":"Feature","properties":{"name":"Rua Vereador Silvino Cordeiro de Siqueira","descricao":"Lei 433 de 12.05.77 (antiga Rua Floriano Peixoto)","codigo":"135","bairro":"AABB - NOSSA SENHORA DA CONCEIÇÃO","cep":"56912110"},"geometry":{"type":"LineString","coordinates":[[-38.2942628,-7.9956889,0.0],[-38.2921803,-7.9928786,0.0],[-38.2907294,-7.9908971,0.0],[-38.2895388,-7.9892914,0.0],[-38.2866745,-7.9853244,0.0]]}},
{"type":"Feature","properties":{"name":"Rua Elizeu Alves de Magalhães","descricao":"Lei 1512 de 23.12.15","codigo":"2245","bairro":"AABB","cep":"56912355"},"geometry":{"type":"LineString","coordinates":[[-38.2929588,-7.995161,0.0],[-38.2925082,-7.9956524,0.0],[-38.2926584,-7.9954824,0.0],[-38.2923875,-7.9951371,0.0],[-38.2918564,-7.9954399,0.0]]}},
{"type":"Feature","properties":{"name":"Travessa Tomé de Souza Ramos","descricao":"","codigo":"151","bairro":"AABB","cep":"56912251"},"geometry":{"type":"LineString","coordinates":[[-38.2919424,-7.993756,0.0],[-38.291229,-7.9942766,0.0]]}},
{"type":"Feature","properties":{"name":"Rua Luiz Alves de Melo Lima","descricao":"Lei 445 de 12.05.77","codigo":"136","bairro":"AABB - NOSSA SENHORA DA CONCEIÇÃO","cep":"56912120"},"geometry":{"type":"LineString","coordinates":[[-38.2937225,-7.9960931,0.0],[-38.2929839,-7.9951349,0.0],[-38.2925537,-7.9945433,0.0],[-38.2902101,-7.9913519,0.0],[-38.2863438,-7.98558,0.0]]}},
{"type":"Feature","properties":{"name":"Rua Enock Carvalho","descricao":"Lei 537 de 20.02.82","codigo":"145","bairro":"AABB","cep":"56912250"},"geometry":{"type":"LineString","coordinates":[[-38.2936717,-7.9913952,0.0],[-38.2931849,-7.9920499,0.0],[-38.2930172,-7.9922319,0.0],[-38.2927879,-7.9924231,0.0],[-38.2896685,-7.9947685,0.0],[-38.2830327,-7.9972228,0.0]]}},
{"type":"Feature","properties":{"name":"Rua José Nogueira dos Santos","descricao":"Lei 762 de 30.07.90 (Pai Herói)","codigo":"89","bairro":"AABB","cep":"56912590"},"geometry":{"type":"LineString","coordinates":[[-38.2911416,-7.9935651,0.0],[-38.2900902,-7.9921654,0.0],[-38.2897549,-7.9923407,0.0]]}},
{"type":"Feature","properties":{"name":"Praça Professora Antônia Brandão de Siqueira","descricao":"Lei 1046 de 11.03.02","codigo":"322","bairro":"AABB","cep":"56912155"},"geometry":{"type":"LineString","coordinates":[[-38.2897417,-7.9925461,0.0],[-38.2890484,-7.9930867,0.0],[-38.2898088,-7.9926949,0.0]]}},
{"type":"Feature","properties":{"name":"Rua João Alves de Carvalho Barros","descricao":"PL 01 de 28.01.79 não aprovado","codigo":"64","bairro":"AABB - NOSSA SENHORA DA CONCEIÇÃO","cep":"56903265"},"geometry":{"type":"LineString","coordinates":[[-38.2927272,-7.9924278,0.0],[-38.2890361,-7.9879001,0.0]]}},
{"type":"Feature","properties":{"name":"Travessa Antônio Alves de Oliveira","descricao":"","codigo":"9234","bairro":"AABB","cep":""},"geometry":{"type":"LineString","coordinates":[[-38.2903692,-7.9938979,0.0],[-38.2894975,-7.9943468,0.0]]}},
{"type":"Feature","properties":{"name":"Rua Osvaldo de Godoy Lima","descricao":"Prolongamento","codigo":"78","bairro":"AABB","cep":"56912260"},"geometry":{"type":"LineString","coordinates":[[-38.2924343,-7.9966311,0.0],[-38.2919666,-7.9972162,0.0],[-38.2918324,-7.9973941,0.0],[-38.2913282,-7.9977793,0.0],[-38.2907863,-7.9979639,0.0]]}},
{"type":"Feature","properties":{"name":"Rua João Alves de Barros","descricao":"Lei 653 de 18.04.88 (João Lucas, antiga Rua Cláudio Marques Nogueira)","codigo":"419","bairro":"AABB","cep":"56912227"},"geometry":{"type":"LineString","coordinates":[[-38.2907383,-7.9979556,0.0],[-38.2880628,-7.999917,0.0]]}},
{"type":"Feature","properties":{"name":"Rua João de Souza Melo","descricao":"Lei 640 de 25.10.87 (Tabelião, alterada pela lei nº 2051/2024)","codigo":"144","bairro":"AABB","cep":"56912540"},"geometry":{"type":"LineString","coordinates":[[-38.2900786,-7.993311,0.0],[-38.2892418,-7.99372,0.0],[-38.2866904,-7.9946441,0.0]]}},
{"type":"Feature","properties":{"name":"Travessa José Cláudio Mourato","descricao":"Lei 1261 de 13.05.10 (antiga Tv. Ceará)","codigo":"150","bairro":"AABB","cep":"56912152"},"geometry":{"type":"LineString","coordinates":[[-38.2885635,-7.9900617,0.0],[-38.2880431,-7.9903193,0.0]]}},
{"type":"Feature","properties":{"name":"Rua José Pereira de Souza","descricao":"Lei 646 de 31.01.88","codigo":"142","bairro":"AABB","cep":"56912220"},"geometry":{"type":"LineString","coordinates":[[-38.2888681,-7.990728,0.0],[-38.2857661,-7.9918728,0.0]]}},
{"type":"Feature","properties":{"name":"Rua Joana Nunes de Sousa","descricao":"Leis 984 de 01.12.1999 e 1290 de 31.03.2011","codigo":"340","bairro":"AABB","cep":"56912182"},"geometry":{"type":"LineString","coordinates":[[-38.2857128,-7.9919443,0.0],[-38.2845567,-7.9923667,0.0]]}},
{"type":"Feature","properties":{"name":"Rua João Rodrigues de Lima","descricao":"Lei 985 de 01.12.99","codigo":"358","bairro":"AABB","cep":"56912186"},"geometry":{"type":"LineString","coordinates":[[-38.2858479,-7.9924006,0.0],[-38.2847053,-7.9927938,0.0]]}},
{"type":"Feature","properties":{"name":"Rua Antônio da Cruz Sampaio","descricao":"Lei 983 de 01.12.99","codigo":"333","bairro":"AABB","cep":"56912178"},"geometry":{"type":"LineString","coordinates":[[-38.2855894,-7.9913551,0.0],[-38.2844119,-7.9917295,0.0]]}},
{"type":"Feature","properties":{"name":"Rua Antônio da Cruz Sampaio","descricao":"Prolongamento","codigo":"333","bairro":"AABB","cep":"56912178"},"geometry":{"type":"LineString","coordinates":[[-38.2844119,-7.9917295,0.0],[-38.2828615,-7.9921987,0.0]]}},
{"type":"Feature","properties":{"name":"Rua Noel Manoel Vicente","descricao":"Lei 982 de 01.12.99","codigo":"350","bairro":"AABB","cep":"56912174"},"geometry":{"type":"LineString","coordinates":[[-38.2854873,-7.9908619,0.0],[-38.2842561,-7.9912232,0.0]]}},
{"type":"Feature","properties":{"name":"Rua Noel Manoel Vicente","descricao":"Prolongamento","codigo":"350","bairro":"AABB","cep":"56912174"},"geometry":{"type":"LineString","coordinates":[[-38.2842561,-7.9912232,0.0],[-38.2826619,-7.9917322,0.0]]}},
{"type":"Feature","properties":{"name":"Rua Francisco de Souza Melo","descricao":"Lei 981 de 01.12.99","codigo":"334","bairro":"AABB - NOSSA SENHORA DA CONCEIÇÃO","cep":"56903246"},"geometry":{"type":"LineString","coordinates":[[-38.2853456,-7.9903872,0.0],[-38.2841158,-7.9907325,0.0]]}},
{"type":"Feature","properties":{"name":"Rua Francisco de Souza Melo","descricao":"Prolongamento","codigo":"334","bairro":"AABB - NOSSA SENHORA DA CONCEIÇÃO","cep":"56903246"},"geometry":{"type":"LineString","coordinates":[[-38.2841158,-7.9907325,0.0],[-38.2825824,-7.9911508,0.0]]}},
{"type":"Feature","properties":{"name":"Rua Enock de Souza Melo","descricao":"Lei 986 de 01.12.99","codigo":"339","bairro":"AABB","cep":"56912188"},"geometry":{"type":"LineString","coordinates":[[-38.2859972,-7.9929134,0.0],[-38.2848787,-7.9933251,0.0]]}},
{"type":"Feature","properties":{"name":"Rua Enock de Souza Melo","descricao":"Prolongamento","codigo":"339","bairro":"AABB","cep":"56912188"},"geometry":{"type":"LineString","coordinates":[[-38.2848157,-7.9933689,0.0],[-38.2832775,-7.993921,0.0]]}},
{"type":"Feature","properties":{"name":"Avenida João Inácio de Medeiros","descricao":"Lei 1295 de 06.04.11","codigo":"9142","bairro":"AABB","cep":"56912558"},"geometry":{"type":"LineString","coordinates":[[-38.2839901,-8.001132,0.0],[-38.2823164,-7.9948954,0.0]]}},
{"type":"Feature","properties":{"name":"Rua Severino Gomes de Lima","descricao":"","codigo":"176","bairro":"AABB","cep":"56912340"},"geometry":{"type":"LineString","coordinates":[[-38.2921709,-7.9964607,0.0],[-38.2906232,-7.9976161,0.0]]}},
{"type":"Feature","properties":{"name":"Rua Antônio de Souza Melo","descricao":"Lei 648 de 31.01.88","codigo":"148","bairro":"AABB","cep":"56912310"},"geometry":{"type":"LineString","coordinates":[[-38.2905011,-7.9976084,0.0],[-38.2878081,-7.9986071,0.0]]}},
{"type":"Feature","properties":{"name":"Rua Quirino Cordeiro de Magalhães","descricao":"Lei 647 de 31.01.88","codigo":"149","bairro":"AABB - NOSSA SENHORA DA CONCEIÇÃO","cep":"56912190"},"geometry":{"type":"LineString","coordinates":[[-38.2890837,-7.9980832,0.0],[-38.2861935,-7.9901638,0.0]]}},
{"type":"Feature","properties":{"name":"Rua Doutor Ivan Souto de Oliveira","descricao":"Lei 649 de 31.01.88","codigo":"199","bairro":"NOSSA SENHORA DA CONCEIÇÃO","cep":"56906525"},"geometry":{"type":"LineString","coordinates":[[-38.2860206,-7.9847445,0.0],[-38.2815152,-7.9863408,0.0],[-38.2784043,-7.9871921,0.0]]}},
{"type":"Feature","properties":{"name":"Rua Maestro Edesio Alves de Oliveira","descricao":"Lei 651 de 31.01.88","codigo":"321","bairro":"NOSSA SENHORA DA CONCEIÇÃO","cep":"56912223"},"geometry":{"type":"LineString","coordinates":[[-38.2866224,-7.9853311,0.0],[-38.2863247,-7.9855436,0.0]]}},
{"type":"Feature","properties":{"name":"Rua Gilberto de Carvalho Godoy","descricao":"Lei 734 de 30.04.90 (antiga Rua Vila Bela)","codigo":"146","bairro":"AABB","cep":"56912530"},"geometry":{"type":"LineString","coordinates":[[-38.2903074,-7.9966361,0.0],[-38.2835938,-7.9990797,0.0]]}},
{"type":"Feature","properties":{"name":"Avenida Luiz Olavo de Andrada","descricao":"Lei 560 de 05.12.83 (antiga Av. Presidente Kennedy)","codigo":"139","bairro":"AABB - NOSSA SENHORA DA CONCEIÇÃO","cep":"56912170"},"geometry":{"type":"LineString","coordinates":[[-38.2902824,-7.9982128,0.0],[-38.2854962,-7.9849943,0.0]]}},
{"type":"Feature","properties":{"name":"Travessa Cláudio Marques Nogueira","descricao":"","codigo":"","bairro":"AABB","cep":""},"geometry":{"type":"LineString","coordinates":[[-38.2897565,-7.9986214,0.0],[-38.2895152,-7.9980211,0.0]]}},
{"type":"Feature","properties":{"name":"Avenida Manoel Alves de Carvalho Barros","descricao":"Lei 695 de 28.07.89","codigo":"140","bairro":"AABB - NOSSA SENHORA DA CONCEIÇÃO","cep":"56912100"},"geometry":{"type":"LineString","coordinates":[[-38.2895841,-7.9978965,0.0],[-38.2867102,-7.9899718,0.0]]}},
{"type":"Feature","properties":{"name":"Avenida Manoel Alves de Carvalho Barros","descricao":"Lei 695 de 28.07.89","codigo":"140","bairro":"AABB - NOSSA SENHORA DA CONCEIÇÃO","cep":"56912100"},"geometry":{"type":"LineString","coordinates":[[-38.2866143,-7.9897239,0.0],[-38.2848762,-7.9848658,0.0]]}},
{"type":"Feature","properties":{"name":"Travessa Antônio Inácio de Medeiros","descricao":"Lei 745 de 13.07.90 (Preto Inácio)","codigo":"394","bairro":"AABB","cep":"56912321"},"geometry":{"type":"LineString","coordinates":[[-38.2892029,-7.9990288,0.0],[-38.2889276,-7.998246,0.0]]}},
{"type":"Feature","properties":{"name":"Rua José Miguel de Souza","descricao":"Lei 638 de 13.10.87","codigo":"141","bairro":"AABB","cep":"56912200"},"geometry":{"type":"LineString","coordinates":[[-38.2885699,-7.9982757,0.0],[-38.2856888,-7.9903594,0.0]]}},
{"type":"Feature","properties":{"name":"Rua José Jared Carvalho","descricao":"Lei 673 de 21.10.1988 (Jarinho)","codigo":"","bairro":"AABB - NOSSA SENHORA DA CONCEIÇÃO","cep":"56912060"},"geometry":{"type":"LineString","coordinates":[[-38.2876832,-7.998649,0.0],[-38.2861962,-7.9934224,0.0],[-38.2853382,-7.9903758,0.0],[-38.2844963,-7.9871007,0.0],[-38.2834376,-7.9835548,0.0]]}},
{"type":"Feature","properties":{"name":"Rua José Dantas do Nascimento","descricao":"","codigo":"143","bairro":"AABB","cep":"56912230"},"geometry":{"type":"LineString","coordinates":[[-38.2918402,-7.9900072,0.0],[-38.2887095,-7.9925064,0.0],[-38.2837259,-7.9943152,0.0]]}},
{"type":"Feature","properties":{"name":"Rua Professora Maria José Pereira Kehrle","descricao":"Lei 1699 de 07.05.19","codigo":"288","bairro":"AABB - NOSSA SENHORA DA CONCEIÇÃO","cep":"56912285"},"geometry":{"type":"LineString","coordinates":[[-38.2862243,-7.9980797,0.0],[-38.2858915,-7.9967892,0.0],[-38.2855454,-7.9956422,0.0],[-38.2852496,-7.9945485,0.0],[-38.2850196,-7.99384,0.0],[-38.2839991,-7.9907602,0.0],[-38.2837168,-7.9897867,0.0],[-38.2836427,-7.9896984,0.0],[-38.2833119,-7.988602,0.0],[-38.2830401,-7.9875055,0.0],[-38.2826306,-7.9859183,0.0],[-38.2823016,-7.9843789,0.0],[-38.2821465,-7.9837659,0.0],[-38.2818893,-7.9836586,0.0],[-38.2814872,-7.9835938,0.0]]}},
{"type":"Feature","properties":{"name":"Rua Maria Francisca da Silva","descricao":"","codigo":"283","bairro":"AABB","cep":"56912570"},"geometry":{"type":"LineString","coordinates":[[-38.2871088,-7.997182,0.0],[-38.2833778,-7.998595,0.0]]}},
{"type":"Feature","properties":{"name":"Rua Inácio José de Medeiros","descricao":"Lei 1451 de 07.05.15 (conhecida como Rua Projetada Mãe Rainha)","codigo":"807","bairro":"AABB","cep":"56912265"},"geometry":{"type":"LineString","coordinates":[[-38.285893,-7.9973322,0.0],[-38.2832174,-7.9983332,0.0]]}},
{"type":"Feature","properties":{"name":"Rua Afonso Kerhle","descricao":"","codigo":"95","bairro":"AABB","cep":"56912580"},"geometry":{"type":"LineString","coordinates":[[-38.2868782,-7.9964052,0.0],[-38.2830689,-7.9977611,0.0]]}},
{"type":"Feature","properties":{"name":"Rua Maria Luiza Kerhle Mourato","descricao":"","codigo":"326","bairro":"AABB","cep":"56912194"},"geometry":{"type":"LineString","coordinates":[[-38.2866451,-7.9952439,0.0],[-38.2828095,-7.9965985,0.0]]}},
{"type":"Feature","properties":{"name":"Rua Willani Kehrle Mourato","descricao":"","codigo":"327","bairro":"AABB","cep":"56912585"},"geometry":{"type":"LineString","coordinates":[[-38.2853422,-7.9951086,0.0],[-38.2826948,-7.9960436,0.0]]}},
{"type":"Feature","properties":{"name":"Rua Antônio Pereira Mourato","descricao":"","codigo":"94","bairro":"AABB","cep":"56912158"},"geometry":{"type":"LineString","coordinates":[[-38.2863262,-7.9941626,0.0],[-38.2824907,-7.9955465,0.0]]}},
{"type":"Feature","properties":{"name":"Rua Francisco Inácio de Souza","descricao":"Lei 1569 de 14.12.16 (antiga R. Projetada 11)","codigo":"1025","bairro":"AABB","cep":"56912599"},"geometry":{"type":"LineString","coordinates":[[-38.2806117,-7.9953254,0.0],[-38.2836936,-7.9944529,0.0]]}},
{"type":"Feature","properties":{"name":"Avenida Maria Elizabeth Arruda de Medeiros","descricao":"Lei 1285 de 31.03.11","codigo":"1052","bairro":"AABB - NOSSA SENHORA DA CONCEIÇÃO - JOSÉ ALVES CARVALHO NUNES","cep":"56903267"},"geometry":{"type":"LineString","coordinates":[[-38.2822018,-8.0014024,0.0],[-38.2800882,-7.9935023,0.0],[-38.2789912,-7.9894845,0.0],[-38.2784494,-7.9875307,0.0],[-38.2781852,-7.9865512,0.0],[-38.2779572,-7.985573,0.0],[-38.2776612,-7.9843341,0.0]]}},
{"type":"Feature","properties":{"name":"Rua José do Carmo Lima","descricao":"Lei 1480 de 01.09.15 (antiga R. Projetada 10 e R. Maria Alice dos Santos, revogada pela Lei 1931/22)","codigo":"1024","bairro":"AABB","cep":"56912284"},"geometry":{"type":"LineString","coordinates":[[-38.283191,-7.9941058,0.0],[-38.2804819,-7.9948655,0.0]]}},
{"type":"Feature","properties":{"name":"Rua João Pereira Gama Júnior","descricao":"Lei 1468 de 11.06.15 (Júnior Gama, antiga R. Projetada 09)","codigo":"1023","bairro":"AABB","cep":"56912282"},"geometry":{"type":"LineString","coordinates":[[-38.2831209,-7.9936374,0.0],[-38.2803797,-7.9944024,0.0]]}},
{"type":"Feature","properties":{"name":"Rua Maria Lauri de Melo Souza","descricao":"Lei 1287 de 31.03.11","codigo":"797","bairro":"AABB","cep":"56912575"},"geometry":{"type":"LineString","coordinates":[[-38.2846873,-7.9929041,0.0],[-38.2831531,-7.9934021,0.0]]}},
{"type":"Feature","properties":{"name":"Rua Manoel Pereira de Aguiar","descricao":"Lei 1308 de 23.09.11","codigo":"735","bairro":"AABB","cep":"56912198"},"geometry":{"type":"LineString","coordinates":[[-38.2845872,-7.9926224,0.0],[-38.2830543,-7.9931045,0.0]]}},
{"type":"Feature","properties":{"name":"Rua Ilda Pereira de Sousa","descricao":"Lei 1319 de 12.12.11","codigo":"732","bairro":"AABB","cep":""},"geometry":{"type":"LineString","coordinates":[[-38.28446,-7.9921788,0.0],[-38.2829821,-7.992641,0.0]]}},
{"type":"Feature","properties":{"name":"Rua José Paulo Terto","descricao":"Lei 1203 de 24.09.07 (conhecida como Rua Cornelho)","codigo":"337","bairro":"AABB - NOSSA SENHORA DA CONCEIÇÃO","cep":"56903242"},"geometry":{"type":"LineString","coordinates":[[-38.2837079,-7.9944197,0.0],[-38.2811383,-7.9849943,0.0]]}},
{"type":"Feature","properties":{"name":"Rua Antônio Alves de Barros","descricao":"Lei 1456 de 15.05.15 (Conhecida como Pinheiro, antiga Rua Projetada 13 - Preto Inácio)","codigo":"1411","bairro":"AABB - NOSSA SENHORA DA CONCEIÇÃO","cep":"56912262"},"geometry":{"type":"LineString","coordinates":[[-38.2821784,-7.990113,0.0],[-38.2834,-7.9944885,0.0]]}},
{"type":"Feature","properties":{"name":"Rua Maria das Dores Pereira Gama","descricao":"Lei 1467 de 11.06.15 (Dora Gama, antiga R. Projetada 08)","codigo":"1022","bairro":"AABB","cep":"56912264"},"geometry":{"type":"LineString","coordinates":[[-38.2829928,-7.9931806,0.0],[-38.2803438,-7.9939019,0.0]]}},
{"type":"Feature","properties":{"name":"Rua Francisco de Assis Nogueira","descricao":"Lei 1968 de 18.04.2023 (antigas Rua Projetada 15 e Rua Projetada Jonas de Sá Carvalho)","codigo":"968","bairro":"JOSÉ ALVES CARVALHO NUNES","cep":""},"geometry":{"type":"LineString","coordinates":[[-38.2802298,-7.9941193,0.0],[-38.2787492,-7.9944141,0.0]]}},
{"type":"Feature","properties":{"name":"Rua Joel Nunes da Silva","descricao":"Lei 1460 de 22.05.15 (Sargento Joel, antiga R. Projetada 07)","codigo":"1021","bairro":"AABB","cep":"56912268"},"geometry":{"type":"LineString","coordinates":[[-38.2829067,-7.9927078,0.0],[-38.2802057,-7.9934622,0.0]]}},
{"type":"Feature","properties":{"name":"Rua Antônia Pereira da Silva","descricao":"Lei 1466 de 11.06.15 (Dona Toinha, antiga R. Projetada 06)","codigo":"1020","bairro":"AABB","cep":"56912286"},"geometry":{"type":"LineString","coordinates":[[-38.2827728,-7.992258,0.0],[-38.280096,-7.9929884,0.0]]}},
{"type":"Feature","properties":{"name":"Rua Luiz Inácio Filho","descricao":"Lei 1570 de 14.12.16 (antiga R. Projetada 05)","codigo":"1019","bairro":"AABB","cep":"56912595"},"geometry":{"type":"LineString","coordinates":[[-38.2826011,-7.9918105,0.0],[-38.2812734,-7.9921638,0.0]]}},
{"type":"Feature","properties":{"name":"Rua Raimundo Luiz de Aquino","descricao":"Lei 1812 de 12.02.2021 (antiga Rua Projetada 03 - Loteamento Preto Inácio (Etapas II e III)","codigo":"1017","bairro":"NOSSA SENHORA DA CONCEIÇÃO","cep":"56903282"},"geometry":{"type":"LineString","coordinates":[[-38.2823793,-7.9909414,0.0],[-38.2810945,-7.9912893,0.0]]}},
{"type":"Feature","properties":{"name":"Rua Projetada Dona Lígia Almeida","descricao":"Rua Projetada 13","codigo":"966","bairro":"JOSÉ ALVES CARVALHO NUNES","cep":"56904140"},"geometry":{"type":"LineString","coordinates":[[-38.2798379,-7.9927854,0.0],[-38.2783627,-7.9931334,0.0]]}},
{"type":"Feature","properties":{"name":"Rua Saul Jurubeba Leite","descricao":"Lei 1104 de 29.04.05 (antiga R. Projetada III)","codigo":"311","bairro":"NOSSA SENHORA DA CONCEIÇÃO","cep":"56906537"},"geometry":{"type":"LineString","coordinates":[[-38.2835324,-7.9840292,0.0],[-38.2819284,-7.9845233,0.0]]}},
{"type":"Feature","properties":{"name":"Rua Augusto Alípio de Sá","descricao":"Lei 1079 de 06.11.03 (antiga R. Projetada II)","codigo":"287","bairro":"NOSSA SENHORA DA CONCEIÇÃO","cep":"56906536"},"geometry":{"type":"LineString","coordinates":[[-38.2837045,-7.9844038,0.0],[-38.2813576,-7.9852511,0.0]]}},
{"type":"Feature","properties":{"name":"Travessa Quirino Cordeiro de Magalhães","descricao":"","codigo":"363","bairro":"NOSSA SENHORA DA CONCEIÇÃO","cep":""},"geometry":{"type":"LineString","coordinates":[[-38.2842922,-7.9840637,0.0],[-38.2836914,-7.9842868,0.0]]}},
{"type":"Feature","properties":{"name":"Rua Quirino Cordeiro de Magalhães","descricao":"Lei 647 de 31.01.88","codigo":"149","bairro":"AABB - NOSSA SENHORA DA CONCEIÇÃO","cep":""},"geometry":{"type":"LineString","coordinates":[[-38.286075,-7.989761,0.0],[-38.2840513,-7.984192,0.0]]}},
{"type":"Feature","properties":{"name":"Rua Amália Menezes do Nascimento","descricao":"Lei 654 de 25.04.88","codigo":"286","bairro":"NOSSA SENHORA DA CONCEIÇÃO","cep":"56906535"},"geometry":{"type":"LineString","coordinates":[[-38.2838527,-7.9849311,0.0],[-38.281443,-7.9857842,0.0],[-38.2783612,-7.9866368,0.0]]}},
{"type":"Feature","properties":{"name":"Rua Maria Alves da Silva","descricao":"Lei 1324 de 10.05.12 (Maria Ricardo, antiga Rua Paulo José de Moraes)","codigo":"805","bairro":"NOSSA SENHORA DA CONCEIÇÃO","cep":"56903247"},"geometry":{"type":"LineString","coordinates":[[-38.2811906,-7.9849331,0.0],[-38.2780953,-7.9855361,0.0]]}},
{"type":"Feature","properties":{"name":"Rua Hermenegildo Antônio dos Santos","descricao":"Lei 1226 de 16.06.09 (antiga R.Projetada Hermenegildo)","codigo":"387","bairro":"NOSSA SENHORA DA CONCEIÇÃO","cep":"56906538"},"geometry":{"type":"LineString","coordinates":[[-38.2808517,-7.9859026,0.0],[-38.2806264,-7.9851031,0.0]]}},
{"type":"Feature","properties":{"name":"Rua Odilon Bernardino de Souza","descricao":"Lei 1289 de 31.03.11","codigo":"844","bairro":"NOSSA SENHORA DA CONCEIÇÃO","cep":"56903266"},"geometry":{"type":"LineString","coordinates":[[-38.2806945,-7.9855403,0.0],[-38.2781893,-7.986215,0.0]]}},
{"type":"Feature","properties":{"name":"Rua José Cassiano da Silva","descricao":"Lei 1594 de 05.04.17 (antiga Rua Projetada 01 e Rua Antônio Alves)","codigo":"955","bairro":"JOSÉ ALVES CARVALHO NUNES","cep":"56904270"},"geometry":{"type":"LineString","coordinates":[[-38.2779776,-7.9855248,0.0],[-38.2745444,-7.9862366,0.0]]}},
{"type":"Feature","properties":{"name":"Rua Wberlan de Oliveira Albuquerque","descricao":"Lei 1559 de 21.11.16 (antiga Rua Projetada 02 e Rua Ana Alves)","codigo":"956","bairro":"JOSÉ ALVES CARVALHO NUNES","cep":"56904210"},"geometry":{"type":"LineString","coordinates":[[-38.2780721,-7.9860931,0.0],[-38.2746496,-7.9867731,0.0]]}},
{"type":"Feature","properties":{"name":"Rua Antônio Cordeiro de Siqueira","descricao":"Lei 1313 de 25.11.11 (antiga Rua Projetada 03 e Rua Professora Cecília de Carvalho Soares)","codigo":"1040","bairro":"JOSÉ ALVES CARVALHO NUNES","cep":"56903318"},"geometry":{"type":"LineString","coordinates":[[-38.2782277,-7.9866475,0.0],[-38.2747891,-7.9872877,0.0]]}},
{"type":"Feature","properties":{"name":"Rua Francisquinha Godoy","descricao":"Lei 1596 de 05.04.17 (antiga Rua Projetada 04)","codigo":"959","bairro":"JOSÉ ALVES CARVALHO NUNES","cep":"56904050"},"geometry":{"type":"LineString","coordinates":[[-38.2783734,-7.9871762,0.0],[-38.2749482,-7.9878031,0.0]]}},
{"type":"Feature","properties":{"name":"Avenida Antônio Inácio de Medeiros","descricao":"Lei 1241 de 23.10.09 (antiga R. Proj. 12 - Preto Inácio)","codigo":"816","bairro":"AABB - NOSSA SENHORA DA CONCEIÇÃO","cep":"56903235"},"geometry":{"type":"LineString","coordinates":[[-38.2820172,-7.9948738,0.0],[-38.2793859,-7.9853302,0.0]]}},
{"type":"Feature","properties":{"name":"Rua Isabel Andrada Cavalcanti","descricao":"Lei 1607 de 29.05.17 (antiga Rua Projetada Barbeiros Cláudio e Pedrinho)","codigo":"9229","bairro":"JOSÉ ALVES CARVALHO NUNES","cep":"56904305"},"geometry":{"type":"LineString","coordinates":[[-38.2805619,-7.9951187,0.0],[-38.2779683,-7.9957216,0.0]]}},
{"type":"Feature","properties":{"name":"Avenida Francisco José de Souza","descricao":"Lei 1675 de 14.08.18 (Louro da Alagoinha, antiga Avenida José de Melo Lima, conhecida como Rua Wilson Matos e Rua Professor Adauto Alves de Carvalho Nunes)","codigo":"1471","bairro":"JOSÉ ALVES CARVALHO NUNES","cep":"56904340"},"geometry":{"type":"LineString","coordinates":[[-38.2760859,-7.9848916,0.0],[-38.2762831,-7.9858293,0.0],[-38.2789121,-7.9954343,0.0]]}},
{"type":"Feature","properties":{"name":"Rua Raimundo Alves Barbosa","descricao":"Lei 1595 de 05.04.17 (Raimundo Dodô, antiga Praça Dona Chiquinha Romão)","codigo":"315","bairro":"JOSÉ ALVES CARVALHO NUNES","cep":"56904280"},"geometry":{"type":"LineString","coordinates":[[-38.2789049,-7.9950214,0.0],[-38.2803559,-7.9947903,0.0]]}},
{"type":"Feature","properties":{"name":"Rua Projetada Lourival Rodrigues de Barros","descricao":"Antiga Rua Projetada 12 (Loteamento Quitandinha)","codigo":"965","bairro":"JOSÉ ALVES CARVALHO NUNES","cep":""},"geometry":{"type":"LineString","coordinates":[[-38.2797489,-7.9921338,0.0],[-38.2771337,-7.9926729,0.0]]}},
{"type":"Feature","properties":{"name":"Rua Luiz Inácio Filho","descricao":"Prolongamento (antiga Rua Proj. 05)","codigo":"1019","bairro":"AABB","cep":"56912595"},"geometry":{"type":"LineString","coordinates":[[-38.2812804,-7.9923773,0.0],[-38.2799353,-7.992745,0.0]]}},
{"type":"Feature","properties":{"name":"Rua Projetada Jerônimo de Albuquerque Neiva","descricao":"antiga Rua Projetada 14","codigo":"1235","bairro":"JOSÉ ALVES CARVALHO NUNES","cep":"56904150"},"geometry":{"type":"LineString","coordinates":[[-38.2800286,-7.9934988,0.0],[-38.2785399,-7.9937858,0.0]]}},
{"type":"Feature","properties":{"name":"Rua Aureliano Pereira de Sá","descricao":"Lei 1604 de 29.05.17 (Lero Pereira, antiga Rua Projetada 05 e Rua Dr. Paulo Afonso Inácio de Oliveira)","codigo":"978","bairro":"JOSÉ ALVES CARVALHO NUNES","cep":"56904300"},"geometry":{"type":"LineString","coordinates":[[-38.278512,-7.9877038,0.0],[-38.2751002,-7.9883705,0.0]]}},
{"type":"Feature","properties":{"name":"Avenida Projetada Doutor Rildo Acioly Cavalcanti","descricao":"Antiga Rua Projetada 06","codigo":"958","bairro":"JOSÉ ALVES CARVALHO NUNES","cep":"56904070"},"geometry":{"type":"LineString","coordinates":[[-38.2786792,-7.9883445,0.0],[-38.275305,-7.9891174,0.0]]}},
{"type":"Feature","properties":{"name":"Avenida Arnaldo Bittencout Costa","descricao":"Lei 1589 de 05.04.17 (antiga Avenida Doutor José Alves de Carvalho Nunes)","codigo":"985","bairro":"JOSÉ ALVES CARVALHO NUNES","cep":"56904260"},"geometry":{"type":"LineString","coordinates":[[-38.2736283,-7.9851527,0.0],[-38.273666,-7.9855882,0.0],[-38.273709,-7.9858105,0.0],[-38.2739786,-7.9861192,0.0],[-38.2744289,-7.9863799,0.0],[-38.2745845,-7.9867743,0.0],[-38.2769248,-7.9956246,0.0]]}},
{"type":"Feature","properties":{"name":"Rua Projetada João Carvalho Soares","descricao":"Loteamento Quitandinha","codigo":"9048","bairro":"JOSÉ ALVES CARVALHO NUNES","cep":""},"geometry":{"type":"LineString","coordinates":[[-38.2760952,-7.9889928,0.0],[-38.2778762,-7.9957448,0.0]]}},
{"type":"Feature","properties":{"name":"Rua Arcelina Pereira de Souza","descricao":"Lei 771 de 17.08.90","codigo":"123","bairro":"NOSSA SENHORA DA CONCEIÇÃO","cep":"56912490"},"geometry":{"type":"LineString","coordinates":[[-38.2864804,-7.986317,0.0],[-38.2845305,-7.9870288,0.0]]}},
{"type":"Feature","properties":{"name":"Rua Padre Luiz Gonzaga Kehrle","descricao":"Lei 1701 de 07.05.19","codigo":"272","bairro":"NOSSA SENHORA DA CONCEIÇÃO","cep":"56912184"},"geometry":{"type":"LineString","coordinates":[[-38.284158,-7.9860044,0.0],[-38.2817279,-7.9868199,0.0],[-38.2785495,-7.9876473,0.0]]}},
{"type":"Feature","properties":{"name":"Rua Monsenhor José Kehrle","descricao":"Lei 1702 de 07.05.19","codigo":"124","bairro":"NOSSA SENHORA DA CONCEIÇÃO","cep":"56912605"},"geometry":{"type":"LineString","coordinates":[[-38.2843235,-7.9865423,0.0],[-38.2818746,-7.9873444,0.0],[-38.2802036,-7.9878093,0.0]]}},
{"type":"Feature","properties":{"name":"Rua Maria Bezerra de Souza","descricao":"Lei 1318 de 12.12.11 (Maria Delfino)","codigo":"943","bairro":"NOSSA SENHORA DA CONCEIÇÃO","cep":"56903271"},"geometry":{"type":"LineString","coordinates":[[-38.2800682,-7.9877206,0.0],[-38.2787512,-7.9880925,0.0]]}},
{"type":"Feature","properties":{"name":"Rua Santa Bárbara","descricao":"","codigo":"238","bairro":"NOSSA SENHORA DA CONCEIÇÃO","cep":"56912080"},"geometry":{"type":"LineString","coordinates":[[-38.2844632,-7.9870448,0.0],[-38.282025,-7.987916,0.0],[-38.2803674,-7.9883888,0.0]]}},
{"type":"Feature","properties":{"name":"Rua Ulisses Conrado de Lorena e Sá","descricao":"Lei 1304 de 17.08.11","codigo":"944","bairro":"NOSSA SENHORA DA CONCEIÇÃO","cep":"56903314"},"geometry":{"type":"LineString","coordinates":[[-38.280126,-7.9881977,0.0],[-38.2788144,-7.9885563,0.0]]}},
{"type":"Feature","properties":{"name":"Rua Pedro Alves de Oliveira","descricao":"Lei 1320 de 12.12.11","codigo":"926","bairro":"NOSSA SENHORA DA CONCEIÇÃO","cep":"56903311"},"geometry":{"type":"LineString","coordinates":[[-38.2802682,-7.9886519,0.0],[-38.2789593,-7.9890105,0.0]]}},
{"type":"Feature","properties":{"name":"Rua Benedito Alves Terto","descricao":"Lei 1314 de 25.11.11 (antiga Rua Projetada 07 e Rua Professora Zuleide Vieira)","codigo":"960","bairro":"JOSÉ ALVES CARVALHO NUNES","cep":"56903316"},"geometry":{"type":"LineString","coordinates":[[-38.2788407,-7.98904,0.0],[-38.2763462,-7.9896083,0.0]]}},
{"type":"Feature","properties":{"name":"Rua Augusto José Duarte","descricao":"Lei 1199 de 13.08.07","codigo":"281","bairro":"NOSSA SENHORA DA CONCEIÇÃO","cep":"56903234"},"geometry":{"type":"LineString","coordinates":[[-38.2846946,-7.9881424,0.0],[-38.2822189,-7.9889658,0.0],[-38.2805613,-7.989428,0.0]]}},
{"type":"Feature","properties":{"name":"Rua José Alves da Silveira","descricao":"Lei 1309 de 23.09.11 (José de Benedita, conhecida como Rua Dom Helder Câmara)","codigo":"939","bairro":"NOSSA SENHORA DA CONCEIÇÃO","cep":"56903276"},"geometry":{"type":"LineString","coordinates":[[-38.2804419,-7.9890724,0.0],[-38.279125,-7.9894549,0.0]]}},
{"type":"Feature","properties":{"name":"Rua Vereador José Carlos Pereira de Souza","descricao":"Lei 1193 de 08.03.07 (antiga Rua Boa Vista)","codigo":"126","bairro":"NOSSA SENHORA DA CONCEIÇÃO","cep":"56903238"},"geometry":{"type":"LineString","coordinates":[[-38.2845533,-7.9875926,0.0],[-38.2820803,-7.9884346,0.0],[-38.2804093,-7.9888862,0.0]]}},
{"type":"Feature","properties":{"name":"Rua Miguel Gomes da Silva","descricao":"Lei 1210 de 05.03.08 (antiga Rua Santa Inês)","codigo":"368","bairro":"NOSSA SENHORA DA CONCEIÇÃO","cep":"56903244"},"geometry":{"type":"LineString","coordinates":[[-38.284926,-7.9886644,0.0],[-38.2807901,-7.9898969,0.0]]}},
{"type":"Feature","properties":{"name":"Rua José Rodrigues de Barros","descricao":"Lei 1286 de 31.03.11 (Zé Pretinho, antiga Rua Projetada 01 - Lot. João Inácio de Medeiros)","codigo":"942","bairro":"NOSSA SENHORA DA CONCEIÇÃO","cep":"56903312"},"geometry":{"type":"LineString","coordinates":[[-38.2805575,-7.9895412,0.0],[-38.2792513,-7.9898998,0.0]]}},
{"type":"Feature","properties":{"name":"Rua Estênio Juliano Pereira de Melo e Silva","descricao":"Lei 1562 de 14.12.16 (antiga Rua Projetada 11 e Rua Dona Sinhá Campos)","codigo":"964","bairro":"JOSÉ ALVES CARVALHO NUNES","cep":"56904220"},"geometry":{"type":"LineString","coordinates":[[-38.2795178,-7.9915904,0.0],[-38.2769429,-7.9921482,0.0]]}},
{"type":"Feature","properties":{"name":"Rua João Aires Barros","descricao":"Lei 951 de 10.09.98 (conhecida como Rua João Barros)","codigo":"329","bairro":"NOSSA SENHORA DA CONCEIÇÃO","cep":"56912335"},"geometry":{"type":"LineString","coordinates":[[-38.2849672,-7.9891144,0.0],[-38.2824995,-7.9897997,0.0]]}},
{"type":"Feature","properties":{"name":"Rua Sebastião Ferreira da Silva","descricao":"","codigo":"291","bairro":"NOSSA SENHORA DA CONCEIÇÃO","cep":"56903313"},"geometry":{"type":"LineString","coordinates":[[-38.2850946,-7.9893548,0.0],[-38.2826055,-7.9900348,0.0],[-38.2824942,-7.9900069,0.0],[-38.2794888,-7.9908184,0.0]]}},
{"type":"Feature","properties":{"name":"Travessa Evangelista Cavalcante de Lacerda","descricao":"","codigo":"314","bairro":"JOSÉ ALVES CARVALHO NUNES","cep":""},"geometry":{"type":"LineString","coordinates":[[-38.2788516,-7.9916884,0.0],[-38.2787068,-7.9911598,0.0]]}},
{"type":"Feature","properties":{"name":"Rua José Pereira de Albuquerque","descricao":"Lei 1436 de 13.11.14 (antiga Rua Projetada 10 e Rua Maria Helena Nogueira)","codigo":"963","bairro":"JOSÉ ALVES CARVALHO NUNES","cep":""},"geometry":{"type":"LineString","coordinates":[[-38.2794014,-7.9909486,0.0],[-38.2768828,-7.9914294,0.0]]}},
{"type":"Feature","properties":{"name":"Rua Jacinta Pereira da Gama","descricao":"Lei 1567 de 14.12.16 (antiga Rua Projetada 08 e R. Maestro Fernando Moura)","codigo":"961","bairro":"JOSÉ ALVES CARVALHO NUNES","cep":"56904250"},"geometry":{"type":"LineString","coordinates":[[-38.279028,-7.989692,0.0],[-38.2764638,-7.9902232,0.0]]}},
{"type":"Feature","properties":{"name":"Rua Henrique Gomes de Lima","descricao":"Lei 1564 de 14.12.16","codigo":"982","bairro":"JOSÉ ALVES CARVALHO NUNES","cep":"56904100"},"geometry":{"type":"LineString","coordinates":[[-38.2791159,-7.9900328,0.0],[-38.2776166,-7.9903463,0.0]]}},
{"type":"Feature","properties":{"name":"Rua Elias Aprígio de Souza","descricao":"Lei 1563 de 14.12.16 (antiga  Rua Projetada 09 e R. Professor Laércio Pulsa)","codigo":"1505","bairro":"JOSÉ ALVES CARVALHO NUNES","cep":"56904230"},"geometry":{"type":"LineString","coordinates":[[-38.2791777,-7.9903304,0.0],[-38.2766162,-7.9908324,0.0]]}},
{"type":"Feature","properties":{"name":"Rua Maria Joana da Conceição","descricao":"Lei 1288 de 31.03.11 (antiga Rua Projetada 01, Loteamento Nova Serra I)","codigo":"905","bairro":"TANCREDO NEVES","cep":""},"geometry":{"type":"LineString","coordinates":[[-38.2695907,-7.9857601,0.0],[-38.2684641,-7.9815101,0.0]]}},
{"type":"Feature","properties":{"name":"Rua Epitácio Rodrigues Soares","descricao":"Lei 1382 de 15.10.13 (antiga Rua Projetada 04, loteamento Jardim das Oliveiras I)","codigo":"1094","bairro":"TANCREDO NEVES","cep":""},"geometry":{"type":"LineString","coordinates":[[-38.2671307,-7.9818281,0.0],[-38.2682197,-7.9860621,0.0]]}},
{"type":"Feature","properties":{"name":"Rua Projetada","descricao":"","codigo":"","bairro":"TANCREDO NEVES","cep":""},"geometry":{"type":"LineString","coordinates":[[-38.2681497,-7.9858384,0.0],[-38.2703383,-7.9853523,0.0],[-38.2710679,-7.9854877,0.0]]}},
{"type":"Feature","properties":{"name":"Rua Projetada 12","descricao":"Loteamento Nova Serra II","codigo":"","bairro":"TANCREDO NEVES","cep":""},"geometry":{"type":"LineString","coordinates":[[-38.2697965,-7.9849062,0.0],[-38.2680692,-7.9852886,0.0]]}},
{"type":"Feature","properties":{"name":"Rua Antônio de Souza Melo","descricao":"Lei 1800 de 18.12.2020 (Antônio de Quinzeiro, antiga Rua Projetada 24 - Loteamento Nova Serra II)","codigo":"1011","bairro":"TANCREDO NEVES","cep":"56909204"},"geometry":{"type":"LineString","coordinates":[[-38.2696731,-7.984319,0.0],[-38.2700406,-7.9856789,0.0]]}},
{"type":"Feature","properties":{"name":"Rua Projetada 25","descricao":"Loteamento Nova Serra II","codigo":"1012","bairro":"TANCREDO NEVES","cep":""},"geometry":{"type":"LineString","coordinates":[[-38.2704161,-7.9853444,0.0],[-38.270189,-7.9844226,0.0]]}},
{"type":"Feature","properties":{"name":"Rua Emídio Nunes da Silva","descricao":"Prolongamento (Ruas Projetada 13 - Loteamento Nova Serra II e Projetada 10 - Loteamento Jardim das Oliveiras I)","codigo":"","bairro":"TANCREDO NEVES","cep":""},"geometry":{"type":"LineString","coordinates":[[-38.2701768,-7.9843886,0.0],[-38.2699247,-7.9842451,0.0],[-38.269297,-7.9843461,0.0],[-38.2636805,-7.9855042,0.0]]}},
{"type":"Feature","properties":{"name":"Rua Emídio Nunes da Silva","descricao":"Lei 864 de 31.01.94 (antiga Rua Maravilha)","codigo":"189","bairro":"TANCREDO NEVES","cep":"56906515"},"geometry":{"type":"LineString","coordinates":[[-38.2823709,-7.9811185,0.0],[-38.280488,-7.9821744,0.0],[-38.2761213,-7.9830416,0.0]]}},
{"type":"Feature","properties":{"name":"Rua José Aparecido de Lima","descricao":"Lei 1399 de 03.01.14 (antigas Ruas Projetada 11 - Loteamento Nova Serra II e Projetada 12 - Loteamento Jardim das Oliveiras I)","codigo":"1064","bairro":"TANCREDO NEVES","cep":""},"geometry":{"type":"LineString","coordinates":[[-38.2628514,-7.982635,0.0],[-38.2673843,-7.9816788,0.0],[-38.2713716,-7.9810214,0.0]]}},
{"type":"Feature","properties":{"name":"Rua Projetada Antônio Gomes de Lucena","descricao":"Loteamento Quitandinha","codigo":"","bairro":"JOSÉ ALVES CARVALHO NUNES","cep":""},"geometry":{"type":"LineString","coordinates":[[-38.2638492,-7.9870657,0.0],[-38.2644393,-7.9895546,0.0]]}},
{"type":"Feature","properties":{"name":"Rua Antônio Luiz de Sá","descricao":"Prolongamento (Ruas Projetada 12 - Loteamento Nova Serra II e Projetada 11 - Loteamento Jardim das Oliveiras I)","codigo":"","bairro":"TANCREDO NEVES","cep":""},"geometry":{"type":"LineString","coordinates":[[-38.2711699,-7.9829528,0.0],[-38.2635457,-7.9845186,0.0]]}},
{"type":"Feature","properties":{"name":"Rua Antônio Luiz de Sá","descricao":"Lei 1186 de 28.11.06","codigo":"344","bairro":"TANCREDO NEVES","cep":"56909085"},"geometry":{"type":"LineString","coordinates":[[-38.2800098,-7.9809979,0.0],[-38.2769736,-7.9816088,0.0]]}},
{"type":"Feature","properties":{"name":"Rua José Espedito de Lima","descricao":"Lei 1396 de 03.01.2014 (antiga Rua Projetada 02, Loteamento Jardim das Oliveiras I)","codigo":"855","bairro":"TANCREDO NEVES","cep":""},"geometry":{"type":"LineString","coordinates":[[-38.2680321,-7.9815722,0.0],[-38.2689199,-7.9850466,0.0]]}},
{"type":"Feature","properties":{"name":"Rua Severino Manoel Cavalcante","descricao":"Lei 1397 de 03.01.14 (antiga Rua Projetada 03, loteamento Jardim das Oliveiras I)","codigo":"","bairro":"TANCREDO NEVES","cep":""},"geometry":{"type":"LineString","coordinates":[[-38.2675561,-7.9816799,0.0],[-38.2684412,-7.9851329,0.0]]}},
{"type":"Feature","properties":{"name":"Rua Geraldo Severino de Andrada","descricao":"Lei 1164 de 12.09.06 (antiga Travessa Virgulino Ferreira da Silva)","codigo":"348","bairro":"TANCREDO NEVES","cep":"56909093"},"geometry":{"type":"LineString","coordinates":[[-38.2802585,-7.981575,0.0],[-38.2771901,-7.982178,0.0]]}},
{"type":"Feature","properties":{"name":"Rua Andrelino Serafim de Lima","descricao":"Lei 1168 de 12.09.06","codigo":"352","bairro":"TANCREDO NEVES","cep":"56909105"},"geometry":{"type":"LineString","coordinates":[[-38.2799295,-7.9803774,0.0],[-38.2768852,-7.9809884,0.0]]}},
{"type":"Feature","properties":{"name":"Rua Honorina Alves de Lima","descricao":"Lei 1166 de 12.09.06 (antiga R. Projetada 06)","codigo":"869","bairro":"TANCREDO NEVES","cep":"56909175"},"geometry":{"type":"LineString","coordinates":[[-38.2794112,-7.9785904,0.0],[-38.2763642,-7.9792226,0.0]]}},
{"type":"Feature","properties":{"name":"Rua Mário Alves de Melo Lima","descricao":"Lei 1165 de 12.09.06","codigo":"786","bairro":"TANCREDO NEVES","cep":"56909215"},"geometry":{"type":"LineString","coordinates":[[-38.2795864,-7.9791917,0.0],[-38.2765501,-7.9798026,0.0]]}},
{"type":"Feature","properties":{"name":"Travessa João de Souza Santos","descricao":"Lei 1163 de 12.09.06 (João Cabrinha)","codigo":"377","bairro":"TANCREDO NEVES","cep":"56909225"},"geometry":{"type":"LineString","coordinates":[[-38.2789882,-7.9830764,0.0],[-38.277529,-7.9833606,0.0]]}},
{"type":"Feature","properties":{"name":"Rua Rita Eliodoro de Melo","descricao":"Lei 1167 de 12.09.06 (antiga Rua Joaquim Nabuco)","codigo":"294","bairro":"TANCREDO NEVES","cep":"56909103"},"geometry":{"type":"LineString","coordinates":[[-38.2807913,-7.9836396,0.0],[-38.2782593,-7.9744012,0.0]]}},
{"type":"Feature","properties":{"name":"Avenida Luiza Ferraz de Lima","descricao":"Lei 1086 de 30.04.04","codigo":"308","bairro":"TANCREDO NEVES","cep":"56909195"},"geometry":{"type":"LineString","coordinates":[[-38.2791919,-7.9839044,0.0],[-38.2765741,-7.97397,0.0]]}},
{"type":"Feature","properties":{"name":"Rua Luiz de Souza Melo","descricao":"Lei 1263 de 13.05.10 (Luiz Melo)","codigo":"941","bairro":"TANCREDO NEVES","cep":"56909148"},"geometry":{"type":"LineString","coordinates":[[-38.2783643,-7.9747434,0.0],[-38.2769174,-7.9750582,0.0]]}},
{"type":"Feature","properties":{"name":"Travessa 02","descricao":"","codigo":"934","bairro":"TANCREDO NEVES","cep":""},"geometry":{"type":"LineString","coordinates":[[-38.2789722,-7.9750387,0.0],[-38.2785698,-7.9751715,0.0]]}},
{"type":"Feature","properties":{"name":"Rua Projetada 02","descricao":"Rede Elétrica","codigo":"7048","bairro":"TANCREDO NEVES","cep":""},"geometry":{"type":"LineString","coordinates":[[-38.2783305,-7.9744721,0.0],[-38.282547,-7.9755665,0.0],[-38.2831585,-7.9756781,0.0],[-38.2833892,-7.9756781,0.0]]}},
{"type":"Feature","properties":{"name":"Rua José Marcolino Alves","descricao":"Lei 1146 de 12.04.06 (Poeta Zé Marcolino)","codigo":"782","bairro":"TANCREDO NEVES","cep":"56909095"},"geometry":{"type":"LineString","coordinates":[[-38.2797558,-7.9797883,0.0],[-38.2766552,-7.9804151,0.0]]}},
{"type":"Feature","properties":{"name":"Travessa Honorina Alves de Lima","descricao":"","codigo":"846","bairro":"TANCREDO NEVES","cep":""},"geometry":{"type":"LineString","coordinates":[[-38.2785433,-7.9793484,0.0],[-38.2782322,-7.9782806,0.0]]}},
{"type":"Feature","properties":{"name":"Rua Maria da Penha da Silva","descricao":"Lei 1802 de 30.12.2020 (antigas Ruas Projetada 07 e Santa Helena)","codigo":"802","bairro":"TANCREDO NEVES","cep":"56909214"},"geometry":{"type":"LineString","coordinates":[[-38.2792514,-7.9779884,0.0],[-38.2761615,-7.97861,0.0]]}},
{"type":"Feature","properties":{"name":"Rua José Albérico de Souza Alves","descricao":"Lei 1236 de 25.08.09","codigo":"870","bairro":"TANCREDO NEVES","cep":"56909185"},"geometry":{"type":"LineString","coordinates":[[-38.2791077,-7.9774103,0.0],[-38.2760661,-7.9779894,0.0]]}},
{"type":"Feature","properties":{"name":"Rua Maria Aliete de Melo Lima e Sá","descricao":"Lei 1255 de 04.03.10 (antiga R. Projetada P)","codigo":"596","bairro":"TANCREDO NEVES","cep":"56909132"},"geometry":{"type":"LineString","coordinates":[[-38.2789333,-7.9768246,0.0],[-38.2758541,-7.9774089,0.0]]}},
{"type":"Feature","properties":{"name":"Rua José Clarival de Souza","descricao":"Lei 1247 de 30.11.09 (antiga R. Projetada Q)","codigo":"794","bairro":"TANCREDO NEVES","cep":"56909128"},"geometry":{"type":"LineString","coordinates":[[-38.2787389,-7.976242,0.0],[-38.2756893,-7.9768396,0.0]]}},
{"type":"Feature","properties":{"name":"Rua Manoel Pereira de Melo Primo","descricao":"Lei 1262 de 13.05.10 (antiga R. Projetada R)","codigo":"302","bairro":"TANCREDO NEVES","cep":"56909172"},"geometry":{"type":"LineString","coordinates":[[-38.279189,-7.9754556,0.0],[-38.2786928,-7.9756256,0.0],[-38.2786136,-7.9756301,0.0],[-38.275521,-7.9762716,0.0]]}},
{"type":"Feature","properties":{"name":"Rua Professora Virgínia Sabino de Oliveira Lima","descricao":"Lei 1260 de 26.04.10","codigo":"877","bairro":"TANCREDO NEVES","cep":"56909138"},"geometry":{"type":"LineString","coordinates":[[-38.2785239,-7.9753879,0.0],[-38.2783683,-7.9754198,0.0],[-38.2782852,-7.9753905,0.0],[-38.2754259,-7.9759616,0.0]]}},
{"type":"Feature","properties":{"name":"Rua Francisca Gomes de Souza","descricao":"Lei 1237 de 25.08.09 (antiga R. Projetada S)","codigo":"826","bairro":"TANCREDO NEVES","cep":"56909118"},"geometry":{"type":"LineString","coordinates":[[-38.2784468,-7.9750268,0.0],[-38.2753355,-7.9756988,0.0]]}},
{"type":"Feature","properties":{"name":"Rua Projetada Linha do DAE","descricao":"Rua Projetada T (Loteamento Pedro Ferreira Lima)","codigo":"1435","bairro":"TANCREDO NEVES","cep":""},"geometry":{"type":"LineString","coordinates":[[-38.2782752,-7.9744344,0.0],[-38.2751799,-7.9750507,0.0]]}},
{"type":"Feature","properties":{"name":"Rua Proj. I Paral. Av. Luiza Ferraz de Lima","descricao":"","codigo":"812","bairro":"TANCREDO NEVES","cep":""},"geometry":{"type":"LineString","coordinates":[[-38.2763175,-7.9767558,0.0],[-38.2764516,-7.9772579,0.0]]}},
{"type":"Feature","properties":{"name":"Rua Proj. II Paral. Av. Luiza Ferraz de Lima","descricao":"","codigo":"906","bairro":"TANCREDO NEVES","cep":""},"geometry":{"type":"LineString","coordinates":[[-38.2759957,-7.9768462,0.0],[-38.2762854,-7.9778981,0.0]]}},
{"type":"Feature","properties":{"name":"Rua João Luiz de Melo","descricao":"Lei 1093 de 15.09.04","codigo":"371","bairro":"TANCREDO NEVES","cep":"56909205"},"geometry":{"type":"LineString","coordinates":[[-38.277637,-7.9841968,0.0],[-38.2746651,-7.9734231,0.0]]}},
{"type":"Feature","properties":{"name":"Rua Cosme José da Mata","descricao":"Lei 1230 de 16.06.09 (antigo trecho da Rua 02)","codigo":"215","bairro":"TANCREDO NEVES","cep":"56909125"},"geometry":{"type":"LineString","coordinates":[[-38.2807192,-7.9781904,0.0],[-38.2784126,-7.9741006,0.0]]}},
{"type":"Feature","properties":{"name":"Rua Cabo Joaquim Pereira de Sousa","descricao":"Lei 663 de 29.07.88 (conhecida como R. Cabo Joaquim da Mata, Sargento Burrego e antigo trecho da Rua 02)","codigo":"259","bairro":"TANCREDO NEVES","cep":"56909115"},"geometry":{"type":"LineString","coordinates":[[-38.2833327,-7.9828166,0.0],[-38.2807926,-7.9783249,0.0]]}},
{"type":"Feature","properties":{"name":"Rua Manoel Antônio de Souza","descricao":"Lei 886 de 26.02.96 (antiga R. Polivalente)","codigo":"188","bairro":"NOSSA SENHORA DE FÁTIMA - TANCREDO NEVES","cep":"56909272"},"geometry":{"type":"LineString","coordinates":[[-38.286298,-7.9796572,0.0],[-38.2848442,-7.9808286,0.0],[-38.282854,-7.9819681,0.0],[-38.2816711,-7.9825763,0.0],[-38.2813305,-7.9826799,0.0],[-38.2806358,-7.9827942,0.0]]}},
{"type":"Feature","properties":{"name":"Rua Vereador Carlos Nogueira de Godoy","descricao":"Lei 863 de 31.01.94 (antiga R. Jasmim)","codigo":"184","bairro":"TANCREDO NEVES","cep":"56909030"},"geometry":{"type":"LineString","coordinates":[[-38.2826172,-7.9815009,0.0],[-38.2806619,-7.9826112,0.0]]}},
{"type":"Feature","properties":{"name":"Rua Onofre Magalhães","descricao":"Lei 896 de 26.07.96 (antiga R. Virgulino Ferreira)","codigo":"190","bairro":"TANCREDO NEVES","cep":"56909278"},"geometry":{"type":"LineString","coordinates":[[-38.2803068,-7.9818013,0.0],[-38.2829676,-7.9802448,0.0],[-38.2859529,-7.9784358,0.0]]}},
{"type":"Feature","properties":{"name":"Rua Virgulino Ferreira da Silva","descricao":"Lei 950 de 19.08.98 (antiga Rua 24)","codigo":"214","bairro":"TANCREDO NEVES","cep":"56909110"},"geometry":{"type":"LineString","coordinates":[[-38.2811092,-7.9807002,0.0],[-38.2800068,-7.9787239,0.0]]}},
{"type":"Feature","properties":{"name":"Rua Doutor Miguel Arcanjo do Nascimento","descricao":"Lei 1902 de 21.03.2022 (antiga Rua Projetada 26)","codigo":"209","bairro":"TANCREDO NEVES","cep":""},"geometry":{"type":"LineString","coordinates":[[-38.2807634,-7.9809774,0.0],[-38.2802886,-7.9800929,0.0]]}},
{"type":"Feature","properties":{"name":"Rua Manoel Andrada Magalhães","descricao":"Lei 1529 de 23.03.16 (Né da Barra, antiga Rua 25)","codigo":"196","bairro":"TANCREDO NEVES","cep":"56909264"},"geometry":{"type":"LineString","coordinates":[[-38.2814905,-7.980484,0.0],[-38.2809165,-7.9794534,0.0]]}},
{"type":"Feature","properties":{"name":"Rua Maria do Carmo Duarte Leão","descricao":"Lei 2123 de 24.09.2025 (antiga Rua Projetada 21 - COHAB)","codigo":"232","bairro":"TANCREDO NEVES","cep":""},"geometry":{"type":"LineString","coordinates":[[-38.2811221,-7.9789165,0.0],[-38.2808619,-7.9792698,0.0],[-38.2808565,-7.9794119,0.0],[-38.2806125,-7.9798011,0.0],[-38.279958,-7.9801862,0.0]]}},
{"type":"Feature","properties":{"name":"Rua Dorgival Pereira da Silva","descricao":"Lei 1863 de 18.10.2021 (antiga Rua 01 COHAB)","codigo":"195","bairro":"TANCREDO NEVES","cep":"56909270"},"geometry":{"type":"LineString","coordinates":[[-38.2823512,-7.9790209,0.0],[-38.2804683,-7.9756607,0.0]]}},
{"type":"Feature","properties":{"name":"Travessa Edimício Luiz da Silva","descricao":"Lei 1799 de 17.12.2020 (antiga Travessa Rita Eliodoro de Melo)","codigo":"803","bairro":"TANCREDO NEVES","cep":"56909202"},"geometry":{"type":"LineString","coordinates":[[-38.2791768,-7.9777209,0.0],[-38.2779994,-7.9779679,0.0]]}},
{"type":"Feature","properties":{"name":"Rua Luiz Cordeiro de Siqueira","descricao":"Lei 852 de 31.01.94 (antiga Rua Doca Germano e antigo trecho da Rua 01)","codigo":"129","bairro":"TANCREDO NEVES","cep":"56909320"},"geometry":{"type":"LineString","coordinates":[[-38.2840624,-7.9820082,0.0],[-38.2837245,-7.9814823,0.0],[-38.282378,-7.9790758,0.0]]}},
{"type":"Feature","properties":{"name":"Rua Floriano Peixoto","descricao":"","codigo":"192","bairro":"TANCREDO NEVES","cep":""},"geometry":{"type":"LineString","coordinates":[[-38.2840602,-7.9828119,0.0],[-38.2834433,-7.9818716,0.0]]}},
{"type":"Feature","properties":{"name":"Travessa Floriano Peixoto","descricao":"","codigo":"","bairro":"TANCREDO NEVES","cep":""},"geometry":{"type":"LineString","coordinates":[[-38.2840601,-7.9820416,0.0],[-38.2837651,-7.9822487,0.0]]}},
{"type":"Feature","properties":{"name":"Travessa Maria Severina Duarte","descricao":"Lei 1714 de 21.08.19 (antiga Rua Projetada 03)","codigo":"2247","bairro":"TANCREDO NEVES","cep":"56909252"},"geometry":{"type":"LineString","coordinates":[[-38.2783545,-7.9809571,0.0],[-38.277582,-7.9811404,0.0]]}},
{"type":"Feature","properties":{"name":"Rua Sargento João Eliodório da Silva","descricao":"Lei 561 de 05.12.83 (conhecida como Rua São João)","codigo":"265","bairro":"NOSSA SENHORA DE FÁTIMA - TANCREDO NEVES","cep":"56909340"},"geometry":{"type":"LineString","coordinates":[[-38.2867911,-7.982339,0.0],[-38.283618,-7.9799138,0.0],[-38.2830575,-7.9788752,0.0]]}},
{"type":"Feature","properties":{"name":"Rua Sargento Joaquim Severino de Lima","descricao":"Lei 853 de 31.01.94","codigo":"276","bairro":"TANCREDO NEVES","cep":"56909135"},"geometry":{"type":"LineString","coordinates":[[-38.2833415,-7.980016,0.0],[-38.282746,-7.978927,0.0]]}},
{"type":"Feature","properties":{"name":"Travessa Luiz Bezerra Leite","descricao":"","codigo":"306","bairro":"TANCREDO NEVES","cep":""},"geometry":{"type":"LineString","coordinates":[[-38.2839119,-7.9807032,0.0],[-38.2834613,-7.9800152,0.0]]}},
{"type":"Feature","properties":{"name":"Rua Luiz Bezerra Leite","descricao":"Lei 661 de 29.07.88 ","codigo":"193","bairro":"NOSSA SENHORA DE FÁTIMA - TANCREDO NEVES","cep":"56909350"},"geometry":{"type":"LineString","coordinates":[[-38.2834941,-7.9810023,0.0],[-38.2865035,-7.9790393,0.0]]}},
{"type":"Feature","properties":{"name":"Rua Joaquim Alves da Silveira","descricao":"","codigo":"180","bairro":"NOSSA SENHORA DE FÁTIMA","cep":"56909720"},"geometry":{"type":"LineString","coordinates":[[-38.2871137,-7.981417,0.0],[-38.2867623,-7.9814967,0.0],[-38.2863546,-7.9816454,0.0],[-38.2861695,-7.9817464,0.0]]}},
{"type":"Feature","properties":{"name":"Rua São Francisco","descricao":"","codigo":"181","bairro":"NOSSA SENHORA DE FÁTIMA","cep":""},"geometry":{"type":"LineString","coordinates":[[-38.2868477,-7.9810814,0.0],[-38.2863408,-7.9813391,0.0]]}},
{"type":"Feature","properties":{"name":"Rua Eduardo Nunes","descricao":"","codigo":"182","bairro":"NOSSA SENHORA DE FÁTIMA","cep":""},"geometry":{"type":"LineString","coordinates":[[-38.2873439,-7.9808397,0.0],[-38.2869604,-7.981031,0.0]]}},
{"type":"Feature","properties":{"name":"Rua São Paulo","descricao":"","codigo":"183","bairro":"NOSSA SENHORA DE FÁTIMA","cep":"56909400"},"geometry":{"type":"LineString","coordinates":[[-38.2870073,-7.9804157,0.0],[-38.2856206,-7.9813108,0.0]]}},
{"type":"Feature","properties":{"name":"Rua São Tomé","descricao":"","codigo":"185","bairro":"NOSSA SENHORA DE FÁTIMA - TANCREDO NEVES","cep":"56909370"},"geometry":{"type":"LineString","coordinates":[[-38.2866023,-7.9821236,0.0],[-38.2864441,-7.9816561,0.0],[-38.2863475,-7.9815897,0.0],[-38.2860015,-7.9810479,0.0],[-38.2839201,-7.9784633,0.0]]}},
{"type":"Feature","properties":{"name":"Rua João Romão de Oliveira","descricao":"Lei 897 de 26.07.96 (antiga R. São Jorge)","codigo":"186","bairro":"NOSSA SENHORA DE FÁTIMA - TANCREDO NEVES","cep":"56909380"},"geometry":{"type":"LineString","coordinates":[[-38.2871761,-7.9814609,0.0],[-38.2843625,-7.9782389,0.0]]}},
{"type":"Feature","properties":{"name":"Rua Eneias Inácio de Oliveira","descricao":"Lei 1463 de 05.06.15 (antiga Rua Santa Luzia)","codigo":"261","bairro":"TANCREDO NEVES","cep":"56909242"},"geometry":{"type":"LineString","coordinates":[[-38.2846779,-7.980231,0.0],[-38.2840449,-7.9796706,0.0],[-38.28388,-7.9793545,0.0],[-38.2840121,-7.9792682,0.0],[-38.2838126,-7.9789328,0.0],[-38.2836753,-7.9790095,0.0],[-38.28388,-7.9793545,0.0],[-38.2836753,-7.9790095,0.0],[-38.2835166,-7.9786612,0.0]]}},
{"type":"Feature","properties":{"name":"Rua Joaquim de Souza Melo","descricao":"Lei 709 de 27.10.89","codigo":"187","bairro":"NOSSA SENHORA DE FÁTIMA - TANCREDO NEVES","cep":"56909390"},"geometry":{"type":"LineString","coordinates":[[-38.2884996,-7.9819301,0.0],[-38.2880919,-7.9816777,0.0],[-38.2878585,-7.9814759,0.0],[-38.2855894,-7.9787134,0.0],[-38.2854848,-7.9786868,0.0],[-38.284892,-7.9779457,0.0]]}},
{"type":"Feature","properties":{"name":"Rua Projetada Elizeu de Souza Guerra","descricao":"","codigo":"918","bairro":"TANCREDO NEVES","cep":"56909162"},"geometry":{"type":"LineString","coordinates":[[-38.2856807,-7.9781289,0.0],[-38.2848091,-7.9787133,0.0]]}},
{"type":"Feature","properties":{"name":"Rua Projetada Edmundo de Souza Guerra","descricao":"","codigo":"919","bairro":"TANCREDO NEVES","cep":""},"geometry":{"type":"LineString","coordinates":[[-38.2854608,-7.977874,0.0],[-38.2845865,-7.9784583,0.0]]}},
{"type":"Feature","properties":{"name":"Rua Projetada Lateral com a Caixa D'água COHAB","descricao":"","codigo":"781","bairro":"TANCREDO NEVES","cep":""},"geometry":{"type":"LineString","coordinates":[[-38.282697,-7.9788475,0.0],[-38.2824047,-7.9790069,0.0]]}},
{"type":"Feature","properties":{"name":"Travessa da Igreja","descricao":"Igreja São Francisco de Assis","codigo":"271","bairro":"TANCREDO NEVES","cep":""},"geometry":{"type":"LineString","coordinates":[[-38.2824019,-7.9783063,0.0],[-38.2820827,-7.9784869,0.0]]}},
{"type":"Feature","properties":{"name":"Rua Maria Vanete Almeida","descricao":"Lei 1340 de 19.12.12 (antiga Rua São Joaquim)","codigo":"862","bairro":"TANCREDO NEVES","cep":"56909235"},"geometry":{"type":"LineString","coordinates":[[-38.2852421,-7.9776725,0.0],[-38.2840459,-7.9783193,0.0],[-38.2828228,-7.9789342,0.0]]}},
{"type":"Feature","properties":{"name":"Rua Napoleão Roberto de Godoy Carvalho","descricao":"Lei 1337 de 19.11.12 (Bebeto Godoy)","codigo":"739","bairro":"TANCREDO NEVES","cep":"56909212"},"geometry":{"type":"LineString","coordinates":[[-38.2844486,-7.9767808,0.0],[-38.2822918,-7.9779858,0.0]]}},
{"type":"Feature","properties":{"name":"Rua Aldemar Nunes da Silva","descricao":"Lei 1517 de 26.02.16 (antiga Rua 10)","codigo":"220","bairro":"TANCREDO NEVES","cep":"56909089"},"geometry":{"type":"LineString","coordinates":[[-38.2831795,-7.9787342,0.0],[-38.2813127,-7.9753554,0.0]]}},
{"type":"Feature","properties":{"name":"Rua Conj Hab Ten PM David Jurubeba I","descricao":"Vila Militar","codigo":"364","bairro":"TANCREDO NEVES","cep":""},"geometry":{"type":"LineString","coordinates":[[-38.2835502,-7.9785743,0.0],[-38.283046,-7.9776233,0.0]]}},
{"type":"Feature","properties":{"name":"Travessa Santa Catarina de Sena","descricao":"","codigo":"1443","bairro":"TANCREDO NEVES","cep":""},"geometry":{"type":"LineString","coordinates":[[-38.2839258,-7.9783846,0.0],[-38.2834055,-7.977431,0.0]]}},
{"type":"Feature","properties":{"name":"Travessa Santa Clara","descricao":"","codigo":"7165","bairro":"TANCREDO NEVES","cep":""},"geometry":{"type":"LineString","coordinates":[[-38.2841999,-7.9782289,0.0],[-38.2836929,-7.97727,0.0]]}},
{"type":"Feature","properties":{"name":"Rua Nossa Senhora Aparecida","descricao":"","codigo":"1446","bairro":"TANCREDO NEVES","cep":"56909178"},"geometry":{"type":"LineString","coordinates":[[-38.2844924,-7.978074,0.0],[-38.2839801,-7.9771018,0.0]]}},
{"type":"Feature","properties":{"name":"Rua Santa Ana","descricao":"","codigo":"1434","bairro":"TANCREDO NEVES","cep":"56909184"},"geometry":{"type":"LineString","coordinates":[[-38.2848867,-7.9779404,0.0],[-38.2846695,-7.9776554,0.0],[-38.284294,-7.9769222,0.0]]}},
{"type":"Feature","properties":{"name":"Rua Santa Clara","descricao":"","codigo":"1444","bairro":"TANCREDO NEVES","cep":"56909164"},"geometry":{"type":"LineString","coordinates":[[-38.2835006,-7.9772259,0.0],[-38.2825994,-7.9756534,0.0]]}},
{"type":"Feature","properties":{"name":"Rua José Vicente Ferreira","descricao":"Lei 1357 de 17.06.13 (antiga Rua Projetada Santa Mônica)","codigo":"1450","bairro":"TANCREDO NEVES","cep":"56909245"},"geometry":{"type":"LineString","coordinates":[[-38.283793,-7.9770984,0.0],[-38.2831412,-7.9759907,0.0]]}},
{"type":"Feature","properties":{"name":"Rua Santa Izabel","descricao":"","codigo":"7191","bairro":"TANCREDO NEVES","cep":"56909182"},"geometry":{"type":"LineString","coordinates":[[-38.2829241,-7.9775707,0.0],[-38.2817439,-7.9754536,0.0]]}},
{"type":"Feature","properties":{"name":"Rua Maria da Penha de Godoy Rodrigues","descricao":"Lei 1372 de 17.06.13 (antigo Rua Santa Catarina de Sena)","codigo":"1445","bairro":"TANCREDO NEVES","cep":"56909255"},"geometry":{"type":"LineString","coordinates":[[-38.2832256,-7.977438,0.0],[-38.2822948,-7.9757593,0.0]]}},
{"type":"Feature","properties":{"name":"Avenida José Alberes Lourenço","descricao":"Lei 1516 de 04.02.2016 (antiga Avenida Projetada 01 - Loteamento Manoel Carvalho)","codigo":"1426","bairro":"TANCREDO NEVES","cep":"56909275"},"geometry":{"type":"LineString","coordinates":[[-38.277854,-7.9741538,0.0],[-38.2758316,-7.9711628,0.0]]}},
{"type":"Feature","properties":{"name":"Rua Projetada 08","descricao":"Loteamento Manoel Carvalho","codigo":"1423","bairro":"TANCREDO NEVES","cep":""},"geometry":{"type":"LineString","coordinates":[[-38.277154,-7.9739529,0.0],[-38.275295,-7.971292,0.0]]}},
{"type":"Feature","properties":{"name":"Avenida Luiz Gonzaga Magalhães","descricao":"Lei 550 de 02.01.83 (antigas Av. Padre Cícero e Av. Saco)","codigo":"112","bairro":"JOSÉ TOMÉ DE SOUZA - NOSSA SENHORA DE FÁTIMA - TANCREDO NEVES","cep":"56909475"},"geometry":{"type":"LineString","coordinates":[[-38.2920474,-7.9816602,0.0],[-38.2901993,-7.9773943,0.0],[-38.2898185,-7.9768444,0.0],[-38.2890835,-7.9742493,0.0],[-38.2888797,-7.9737021,0.0],[-38.2888153,-7.9732372,0.0],[-38.2887349,-7.9729955,0.0],[-38.2884962,-7.9726064,0.0],[-38.2876674,-7.9714788,0.0],[-38.2873241,-7.9709183,0.0],[-38.2867849,-7.9695397,0.0]]}},
{"type":"Feature","properties":{"name":"Avenida Gregório Ferraz Nogueira","descricao":"Lei 1414 de 22.10.14 (trecho da Acesso da BR 232)","codigo":"9094","bairro":"FORA DO PERÍMETRO URBANO","cep":"56909535"},"geometry":{"type":"LineString","coordinates":[[-38.2867571,-7.9694744,0.0],[-38.2866444,-7.9691875,0.0],[-38.2866176,-7.9690042,0.0],[-38.2866337,-7.9688209,0.0],[-38.2867088,-7.9686483,0.0],[-38.2869368,-7.9683401,0.0],[-38.2914295,-7.9626742,0.0],[-38.2915877,-7.9624909,0.0],[-38.2917782,-7.9623288,0.0],[-38.2930898,-7.9613805,0.0],[-38.2933151,-7.9612158,0.0],[-38.2934814,-7.9610086,0.0],[-38.293771,-7.9602011,0.0],[-38.2937415,-7.9596353,0.0],[-38.2937657,-7.9594122,0.0],[-38.2938166,-7.9592129,0.0],[-38.2938166,-7.9590509,0.0],[-38.2937657,-7.9589207,0.0],[-38.2936316,-7.9587374,0.0],[-38.2930254,-7.9581743,0.0],[-38.2929503,-7.958076,0.0],[-38.2929235,-7.9579086,0.0],[-38.2929235,-7.9577546,0.0],[-38.2929449,-7.9575819,0.0],[-38.2929905,-7.9574757,0.0],[-38.2930602,-7.9573774,0.0],[-38.2931595,-7.9573136,0.0],[-38.2932775,-7.9572685,0.0],[-38.2936289,-7.9571994,0.0],[-38.2937174,-7.9571436,0.0],[-38.2937898,-7.9570586,0.0],[-38.293881,-7.9568408,0.0],[-38.2939829,-7.9567,0.0],[-38.2941056,-7.9566217,0.0],[-38.2951403,-7.9562778,0.0],[-38.2957183,-7.9561,0.0],[-38.2966061,-7.9557975,0.0],[-38.2970406,-7.955575,0.0],[-38.2972552,-7.9554275,0.0]]}},
{"type":"Feature","properties":{"name":"Rua Jacinta Nunes de Sousa","descricao":"Lei 1532 de 23.03.16 (antiga Rua Projetada 09)","codigo":"409","bairro":"JOSÉ TOMÉ DE SOUZA - TANCREDO NEVES","cep":"56909472"},"geometry":{"type":"LineString","coordinates":[[-38.2881016,-7.9720719,0.0],[-38.2841628,-7.9735368,0.0],[-38.2822597,-7.974173,0.0]]}},
{"type":"Feature","properties":{"name":"Rua Manoel Barbosa de Oliveira","descricao":"Lei 1336 de 19.11.12 (antiga Rua Projetada 08 e Rua Maria Santina do Nascimento)","codigo":"408","bairro":"JOSÉ TOMÉ DE SOUZA","cep":"56909502"},"geometry":{"type":"LineString","coordinates":[[-38.2882903,-7.9723733,0.0],[-38.2844575,-7.9738209,0.0]]}},
{"type":"Feature","properties":{"name":"Rua José Antônio Neto","descricao":"Lei 1726 de 27.09.19 (José Toinho, antiga Rua Projetada 06 e Rua Ex-Ferroviário Inácio José Felipe, Vila João Santos Filho)","codigo":"406","bairro":"JOSÉ TOMÉ DE SOUZA","cep":"56909565"},"geometry":{"type":"LineString","coordinates":[[-38.2886776,-7.9729952,0.0],[-38.2846543,-7.974488,0.0]]}},
{"type":"Feature","properties":{"name":"Rua Projetada 07","descricao":"Vila João Santos Filho","codigo":"407","bairro":"JOSÉ TOMÉ DE SOUZA","cep":""},"geometry":{"type":"LineString","coordinates":[[-38.2884812,-7.9726851,0.0],[-38.2867888,-7.9733306,0.0]]}},
{"type":"Feature","properties":{"name":"Rua Projetada 07","descricao":"Vila João Santos Filho","codigo":"407","bairro":"JOSÉ TOMÉ DE SOUZA","cep":""},"geometry":{"type":"LineString","coordinates":[[-38.2856145,-7.9737401,0.0],[-38.2844987,-7.9741704,0.0]]}},
{"type":"Feature","properties":{"name":"Rua S/D","descricao":"Vila João Santos Filho","codigo":"","bairro":"JOSÉ TOMÉ DE SOUZA","cep":""},"geometry":{"type":"LineString","coordinates":[[-38.2857857,-7.9740009,0.0],[-38.2855738,-7.9734511,0.0]]}},
{"type":"Feature","properties":{"name":"Rua S/D","descricao":"Vila João Santos Filho","codigo":"","bairro":"JOSÉ TOMÉ DE SOUZA","cep":""},"geometry":{"type":"LineString","coordinates":[[-38.2859895,-7.9729172,0.0],[-38.2863248,-7.9738123,0.0]]}},
{"type":"Feature","properties":{"name":"Rua Expedito Manoel dos Santos","descricao":"Lei 1718 de 30.08.19 (Vila João Santos Filho, Mutirão)","codigo":"","bairro":"JOSÉ TOMÉ DE SOUZA","cep":"56909545"},"geometry":{"type":"LineString","coordinates":[[-38.2873949,-7.9754505,0.0],[-38.2865272,-7.9730439,0.0],[-38.2865748,-7.9730214,0.0],[-38.2864615,-7.9727119,0.0]]}},
{"type":"Feature","properties":{"name":"Rua S/D","descricao":"Vila João Santos Filho","codigo":"","bairro":"JOSÉ TOMÉ DE SOUZA","cep":""},"geometry":{"type":"LineString","coordinates":[[-38.2852425,-7.97629,0.0],[-38.2841897,-7.9735872,0.0]]}},
{"type":"Feature","properties":{"name":"Rua Francisco de Assis Nunes","descricao":"Lei 1722 de 25.09.19 (Professor Cozinho, antiga Rua Projetada 05 e Rua Raimundo Airton Rodrigues Santos, Vila João Santos Filho)","codigo":"405","bairro":"JOSÉ TOMÉ DE SOUZA","cep":"56909575"},"geometry":{"type":"LineString","coordinates":[[-38.288846,-7.9733471,0.0],[-38.2834146,-7.9753898,0.0]]}},
{"type":"Feature","properties":{"name":"Rua Erenita Julia Magalhães","descricao":"Lei 1303 de 17.08.11 (antiga Rua Projetada 04)","codigo":"404","bairro":"JOSÉ TOMÉ DE SOUZA","cep":"56909500"},"geometry":{"type":"LineString","coordinates":[[-38.288905,-7.9737137,0.0],[-38.2849353,-7.9751932,0.0]]}},
{"type":"Feature","properties":{"name":"Rua Isabel Alves de Oliveira","descricao":"Lei 1310 de 23.09.11 (antiga Rua Projetada 03)","codigo":"403","bairro":"JOSÉ TOMÉ DE SOUZA","cep":"56909490"},"geometry":{"type":"LineString","coordinates":[[-38.2890101,-7.9740886,0.0],[-38.2850699,-7.9755788,0.0]]}},
{"type":"Feature","properties":{"name":"Rua Severino Marques da Costa","descricao":"Lei 1323 de 10.05.12 (antiga Rua Projetada 02)","codigo":"402","bairro":"JOSÉ TOMÉ DE SOUZA ","cep":"56909508"},"geometry":{"type":"LineString","coordinates":[[-38.2891482,-7.9744726,0.0],[-38.2852268,-7.9759123,0.0]]}},
{"type":"Feature","properties":{"name":"Rua José Pedro da Silva","descricao":"Rua Projetada 01 (Vila João Santos Filho)","codigo":"401","bairro":"JOSÉ TOMÉ DE SOUZA","cep":"56909470"},"geometry":{"type":"LineString","coordinates":[[-38.2892649,-7.9748113,0.0],[-38.2852425,-7.97629,0.0]]}},
{"type":"Feature","properties":{"name":"Avenida Souza Guerra","descricao":"","codigo":"843","bairro":"JOSÉ TOMÉ DE SOUZA ","cep":""},"geometry":{"type":"LineString","coordinates":[[-38.2853962,-7.9769155,0.0],[-38.2849536,-7.9764932,0.0]]}},
{"type":"Feature","properties":{"name":"Travessa Luiz Cosme de Magalhães","descricao":"","codigo":"6516","bairro":"JOSÉ TOMÉ DE SOUZA","cep":""},"geometry":{"type":"LineString","coordinates":[[-38.2846505,-7.9767509,0.0],[-38.2850102,-7.9763671,0.0],[-38.2852304,-7.9762648,0.0]]}},
{"type":"Feature","properties":{"name":"Travessa Souza Guerra","descricao":"","codigo":"1048","bairro":"JOSÉ TOMÉ DE SOUZA","cep":""},"geometry":{"type":"LineString","coordinates":[[-38.2852862,-7.9774707,0.0],[-38.2855974,-7.9761625,0.0]]}},
{"type":"Feature","properties":{"name":"Rua Maria Raimunda da Conceição","descricao":"Lei 1694 de 01.04.19","codigo":"995","bairro":"NOSSA SENHORA DE FÁTIMA - JOSÉ TOMÉ DE SOUZA ","cep":"56909486"},"geometry":{"type":"LineString","coordinates":[[-38.2896641,-7.9765675,0.0],[-38.286703,-7.9789581,0.0]]}},
{"type":"Feature","properties":{"name":"Rua Luiz Ferreira de Magalhães","descricao":"Lei 1630 de 15.08.17 (Luiz Deocleciano)","codigo":"936","bairro":"JOSÉ TOMÉ DE SOUZA ","cep":""},"geometry":{"type":"LineString","coordinates":[[-38.287163,-7.9778699,0.0],[-38.2883888,-7.9768897,0.0]]}},
{"type":"Feature","properties":{"name":"Rua Raimundo Antônio de Souza","descricao":"Lei 1666 de 30.04.18","codigo":"1036","bairro":"JOSÉ TOMÉ DE SOUZA ","cep":""},"geometry":{"type":"LineString","coordinates":[[-38.2868139,-7.9775132,0.0],[-38.2871653,-7.9772529,0.0],[-38.2882382,-7.9766819,0.0]]}},
{"type":"Feature","properties":{"name":"Rua Antônio Pires de Menezes","descricao":"Lei 1626 de 15.08.17","codigo":"1038","bairro":"JOSÉ TOMÉ DE SOUZA ","cep":"56909484"},"geometry":{"type":"LineString","coordinates":[[-38.2893824,-7.9755394,0.0],[-38.2864507,-7.9770242,0.0]]}},
{"type":"Feature","properties":{"name":"Rua Leonida Barbosa de Souza","descricao":"Lei 1672 de 14.08.18","codigo":"1093","bairro":"JOSÉ TOMÉ DE SOUZA ","cep":"56909496"},"geometry":{"type":"LineString","coordinates":[[-38.2892276,-7.9750623,0.0],[-38.2866018,-7.9762072,0.0]]}},
{"type":"Feature","properties":{"name":"Rua Antônio Cândido da Silva","descricao":"Lei 1294 de 06.04.11 (Antônio Neguim, antiga Rua Projetada 02 - Lot. João Inácio de Medeiros)","codigo":"1200","bairro":"NOSSA SENHORA DA CONCEIÇÃO","cep":"56903278"},"geometry":{"type":"LineString","coordinates":[[-38.2806934,-7.9899926,0.0],[-38.2793657,-7.9903538,0.0]]}},
{"type":"Feature","properties":{"name":"Rua Fernando João da Silva","descricao":"Lei 1599 de 12.04.17","codigo":"9058","bairro":"AABB","cep":"56912562"},"geometry":{"type":"LineString","coordinates":[[-38.2878678,-7.9993972,0.0],[-38.2866447,-7.9997425,0.0]]}},
{"type":"Feature","properties":{"name":"Rua Ernando Simião da Silva","descricao":"Lei 1600 de 12.04.17","codigo":"9055","bairro":"AABB","cep":"56912568"},"geometry":{"type":"LineString","coordinates":[[-38.2879993,-7.9998699,0.0],[-38.2867789,-8.0002312,0.0]]}},
{"type":"Feature","properties":{"name":"Rua Benedito Sávio Roque de Lima","descricao":"Lei 1969 de 18.04.2023 (Bené Roque)","codigo":"9211","bairro":"AABB","cep":""},"geometry":{"type":"LineString","coordinates":[[-38.2883645,-7.9984412,0.0],[-38.288732,-7.9993457,0.0]]}},
{"type":"Feature","properties":{"name":"Travessa Edilma de Souza Moraes Alves","descricao":"Lei 1840 de 21.07.2021 (antiga Travessa Projetada Antônio Alves de Oliveira II)","codigo":"9175","bairro":"AABB","cep":""},"geometry":{"type":"LineString","coordinates":[[-38.2885168,-7.9916441,0.0],[-38.2891713,-7.9913439,0.0]]}},
{"type":"Feature","properties":{"name":"Rua Maria de Jesus Pereira Brasil","descricao":"Lei 1766 de 23.06.2020 (antiga Rua Projetada 01, Loteamento Lions Club)","codigo":"9162","bairro":"AABB","cep":"56912615"},"geometry":{"type":"LineString","coordinates":[[-38.2930316,-7.9987552,0.0],[-38.2934554,-8.0001602,0.0]]}},
{"type":"Feature","properties":{"name":"Rua Euclides de Melo Lima","descricao":"Lei 1788 de 28.10.2020 (antiga Rua Projetada 01 - Loteamento Angelino Ferreira)","codigo":"1033","bairro":"AABB","cep":"56912612"},"geometry":{"type":"LineString","coordinates":[[-38.2939281,-7.9981199,0.0],[-38.2944324,-7.999367,0.0]]}},
{"type":"Feature","properties":{"name":"Rua Projetada 02","descricao":"Loteamento Angelino Pedro Ferreira","codigo":"9166","bairro":"AABB","cep":""},"geometry":{"type":"LineString","coordinates":[[-38.2946673,-7.9993194,0.0],[-38.2936279,-7.9996673,0.0]]}},
{"type":"Feature","properties":{"name":"Rua S/D","descricao":"","codigo":"","bairro":"NOSSA SENHORA DA PENHA","cep":"0"},"geometry":{"type":"LineString","coordinates":[[-38.3015799,-7.9922191,0.0],[-38.3016443,-7.9926069,0.0]]}},
{"type":"Feature","properties":{"name":"Rua Antônio Inácio de Medeiros","descricao":"Prolongamento","codigo":"65","bairro":"SÃO CRISTÓVÃO","cep":"56903070"},"geometry":{"type":"LineString","coordinates":[[-38.2892784,-7.986712,0.0],[-38.2890831,-7.9863069,0.0]]}},
{"type":"Feature","properties":{"name":"Travessa Ana Nunes de Souza","descricao":"Lei 847 de 31.01.94 (antiga Tv. Lindalva Nunes)","codigo":"295","bairro":"SÃO CRISTÓVÃO","cep":"56903596"},"geometry":{"type":"LineString","coordinates":[[-38.2919086,-7.9838333,0.0],[-38.2916404,-7.9830232,0.0]]}},
{"type":"Feature","properties":{"name":"Rua José Damião de Carvalho","descricao":"Lei 761 de 30.07.90 (Zé Caboclo)","codigo":"107","bairro":"SÃO CRISTÓVÃO","cep":"56903610"},"geometry":{"type":"LineString","coordinates":[[-38.2928447,-7.9833127,0.0],[-38.2919435,-7.9835863,0.0]]}},
{"type":"Feature","properties":{"name":"Rua Projetada 01 Paral Av Vicente Inácio","descricao":"","codigo":"38","bairro":"NOSSA SENHORA DA PENHA","cep":""},"geometry":{"type":"LineString","coordinates":[[-38.2993836,-7.9832156,0.0],[-38.2982946,-7.9830337,0.0]]}},
{"type":"Feature","properties":{"name":"Rua Projetada 02 Paral Av Vicente Inácio","descricao":"","codigo":"58","bairro":"NOSSA SENHORA DA PENHA","cep":""},"geometry":{"type":"LineString","coordinates":[[-38.2989142,-7.9837428,0.0],[-38.2982491,-7.9830309,0.0]]}},
{"type":"Feature","properties":{"name":"Rua Manoel Cavalcante Nogueira","descricao":"Lei 1311 de 23.09.11","codigo":"952","bairro":"NOSSA SENHORA DE FÁTIMA - JOSÉ TOMÉ DE SOUZA ","cep":"56909515"},"geometry":{"type":"LineString","coordinates":[[-38.2884269,-7.9787414,0.0],[-38.2878904,-7.9780109,0.0],[-38.2868578,-7.97689,0.0]]}},
{"type":"Feature","properties":{"name":"Rua Maria Gomes de Souza","descricao":"Lei 1673 de 14.08.18","codigo":"954","bairro":"NOSSA SENHORA DE FÁTIMA","cep":""},"geometry":{"type":"LineString","coordinates":[[-38.2890715,-7.9781186,0.0],[-38.2881434,-7.9783284,0.0]]}},
{"type":"Feature","properties":{"name":"Rua Joaquim Mariano de Souza","descricao":"Antiga Rua Projetada 05","codigo":"935","bairro":"NOSSA SENHORA DE FÁTIMA","cep":"56909492"},"geometry":{"type":"LineString","coordinates":[[-38.2887809,-7.9781455,0.0],[-38.2883866,-7.9776753,0.0]]}},
{"type":"Feature","properties":{"name":"Rua Elizabete Ferraz Maranhão","descricao":"Lei 1627 de 15.08.17","codigo":"1028","bairro":"NOSSA SENHORA DE FÁTIMA","cep":"56909234"},"geometry":{"type":"LineString","coordinates":[[-38.2901386,-7.9774915,0.0],[-38.2891462,-7.9779723,0.0]]}},
{"type":"Feature","properties":{"name":"Rua Professor Eduardo Lopes de Pádua","descricao":"","codigo":"951","bairro":"NOSSA SENHORA DE FÁTIMA","cep":"56909494"},"geometry":{"type":"LineString","coordinates":[[-38.2898582,-7.9770411,0.0],[-38.2890241,-7.9777158,0.0]]}},
{"type":"Feature","properties":{"name":"Rua José Amâncio de Magalhães","descricao":"Lei 719 de 11.01.90 (Cazuzinha, antiga Rua da Serra)","codigo":"170","bairro":"JOSÉ TOMÉ DE SOUZA - NOSSA SENHORA DE FÁTIMA","cep":"56909610"},"geometry":{"type":"LineString","coordinates":[[-38.2942703,-7.9766707,0.0],[-38.2930177,-7.9772259,0.0],[-38.2921057,-7.9775075,0.0],[-38.291014,-7.9777412,0.0],[-38.2904464,-7.9779265,0.0]]}},
{"type":"Feature","properties":{"name":"Rua José Amâncio de Magalhães","descricao":"Prolongamento no Bairro Nossa Senhora de Fátima","codigo":"170","bairro":"JOSÉ TOMÉ DE SOUZA - NOSSA SENHORA DE FÁTIMA","cep":"56909610"},"geometry":{"type":"LineString","coordinates":[[-38.2904464,-7.9779265,0.0],[-38.2880717,-7.9789073,0.0]]}},
{"type":"Feature","properties":{"name":"Rua Zacarias Valdevino da Silva","descricao":"Lei 1551 de 29.06.16 (antiga Rua das Flores)","codigo":"169","bairro":"NOSSA SENHORA DE FÁTIMA","cep":"56909620"},"geometry":{"type":"LineString","coordinates":[[-38.290595,-7.9783312,0.0],[-38.2884814,-7.9793247,0.0]]}},
{"type":"Feature","properties":{"name":"Rua Manoel Freire da Silva","descricao":"Lei 1646 de 24.11.17","codigo":"7166","bairro":"NOSSA SENHORA DE FÁTIMA","cep":"56909514"},"geometry":{"type":"LineString","coordinates":[[-38.2879232,-7.9802448,0.0],[-38.2885676,-7.9797561,0.0],[-38.2886676,-7.9797401,0.0],[-38.2902273,-7.9790469,0.0]]}},
{"type":"Feature","properties":{"name":"Rua Antônio Liobino de Souza","descricao":"Lei 1692 de 01.04.19 (antiga Travessa das Flores)","codigo":"1029","bairro":"NOSSA SENHORA DE FÁTIMA - JOSÉ TOMÉ DE SOUZA","cep":"56909595"},"geometry":{"type":"LineString","coordinates":[[-38.2889385,-7.9801259,0.0],[-38.2886676,-7.9797401,0.0],[-38.2864129,-7.977079,0.0],[-38.2866674,-7.975847,0.0]]}},
{"type":"Feature","properties":{"name":"Rua Luiz Idelfonso de Souza","descricao":"Lei 1674 de 14.08.18","codigo":"948","bairro":"NOSSA SENHORA DE FÁTIMA","cep":"56909495"},"geometry":{"type":"LineString","coordinates":[[-38.289256,-7.9783619,0.0],[-38.288796,-7.9773299,0.0]]}},
{"type":"Feature","properties":{"name":"Rua Major Adolfo Côrte","descricao":"Lei 619 de 20.10.86 (antiga Rua do Egito)","codigo":"200","bairro":"NOSSA SENHORA DE FÁTIMA","cep":"56909440"},"geometry":{"type":"LineString","coordinates":[[-38.2882642,-7.9798849,0.0],[-38.2871671,-7.9786551,0.0]]}},
{"type":"Feature","properties":{"name":"Rua Trinta e Um de Março","descricao":"","codigo":"117","bairro":"JOSÉ TOMÉ DE SOUZA - NOSSA SENHORA DE FÁTIMA","cep":"56909660"},"geometry":{"type":"LineString","coordinates":[[-38.2956519,-7.9806938,0.0],[-38.2946326,-7.9808426,0.0],[-38.2918056,-7.9811082,0.0],[-38.2906898,-7.9810817,0.0],[-38.2906777,-7.9809754,0.0],[-38.2906656,-7.9808745,0.0]]}},
{"type":"Feature","properties":{"name":"Avenida Adriano Duque de Godoy Sousa","descricao":"prolongamento do Anel Viário (Rua Linha Férrea/Av. Ferroviária)","codigo":"8040","bairro":"JOSÉ TOMÉ DE SOUZA - SÃO SEBASTIÃO","cep":""},"geometry":{"type":"LineString","coordinates":[[-38.2962247,-7.9821287,0.0],[-38.2958707,-7.9811672,0.0],[-38.2948729,-7.9776822,0.0],[-38.294256,-7.9766463,0.0],[-38.2927754,-7.974763,0.0]]}},
{"type":"Feature","properties":{"name":"Rua Apolinário de Souza Moreno","descricao":"PL 12 de 03.10.82 não aprovado","codigo":"114","bairro":"JOSÉ TOMÉ DE SOUZA","cep":"56909690"},"geometry":{"type":"LineString","coordinates":[[-38.2950504,-7.9818907,0.0],[-38.2951523,-7.9808627,0.0]]}},
{"type":"Feature","properties":{"name":"Rua Quatorze de Julho","descricao":"","codigo":"115","bairro":"JOSÉ TOMÉ DE SOUZA ","cep":"56909680"},"geometry":{"type":"LineString","coordinates":[[-38.2945851,-7.9818591,0.0],[-38.2946549,-7.9808471,0.0],[-38.2939655,-7.9780846,0.0]]}},
{"type":"Feature","properties":{"name":"Rua Treze de Maio","descricao":"","codigo":"116","bairro":"JOSÉ TOMÉ DE SOUZA ","cep":"56909670"},"geometry":{"type":"LineString","coordinates":[[-38.2945879,-7.9811668,0.0],[-38.2935928,-7.9811774,0.0]]}},
{"type":"Feature","properties":{"name":"Rua Eliseu Nunes da Silva","descricao":"Prolongamento no Bairro José Tomé de Souza Ramos)","codigo":"120","bairro":"SÃO CRISTÓVÃO - JOSÉ TOMÉ DE SOUZA ","cep":"56903055"},"geometry":{"type":"LineString","coordinates":[[-38.2935814,-7.9817139,0.0],[-38.2935761,-7.9812039,0.0]]}},
{"type":"Feature","properties":{"name":"Travessa Trinta e Um de Março","descricao":"","codigo":"121","bairro":"JOSÉ TOMÉ DE SOUZA ","cep":""},"geometry":{"type":"LineString","coordinates":[[-38.2945317,-7.9805366,0.0],[-38.2928339,-7.9807943,0.0],[-38.2928339,-7.9809669,0.0]]}},
{"type":"Feature","properties":{"name":"Rua Lourival de Melo Lima","descricao":"Lei 674 de 28.10.88 (Vavá Melo)","codigo":"108","bairro":"NOSSA SENHORA DE FÁTIMA","cep":"56909450"},"geometry":{"type":"LineString","coordinates":[[-38.2916021,-7.9807195,0.0],[-38.2911971,-7.9807965,0.0],[-38.2903603,-7.980847,0.0],[-38.2896119,-7.9809426,0.0],[-38.2887563,-7.9812295,0.0]]}},
{"type":"Feature","properties":{"name":"Rua Padre Cícero","descricao":"Lei 549 de 02.01.83 (antiga Rua Vinte e Um de Abril)","codigo":"118","bairro":"JOSÉ TOMÉ DE SOUZA ","cep":"56909450"},"geometry":{"type":"LineString","coordinates":[[-38.2944654,-7.9800072,0.0],[-38.2917671,-7.9806473,0.0]]}},
{"type":"Feature","properties":{"name":"Rua Doutor Carlos Chagas","descricao":"","codigo":"111","bairro":"JOSÉ TOMÉ DE SOUZA ","cep":"56909630"},"geometry":{"type":"LineString","coordinates":[[-38.2920737,-7.9805599,0.0],[-38.2909633,-7.9778346,0.0]]}},
{"type":"Feature","properties":{"name":"Rua Augustinho Pereira de Lima","descricao":"Lei 900 de 14.11.96 (antiga Rua Paraíba)","codigo":"110","bairro":"NOSSA SENHORA DE FÁTIMA","cep":"56909700"},"geometry":{"type":"LineString","coordinates":[[-38.2913631,-7.980076,0.0],[-38.2900676,-7.980331,0.0],[-38.2884288,-7.9808011,0.0]]}},
{"type":"Feature","properties":{"name":"Rua do Pomar","descricao":"","codigo":"101","bairro":"NOSSA SENHORA DE FÁTIMA","cep":""},"geometry":{"type":"LineString","coordinates":[[-38.2909299,-7.9807603,0.0],[-38.2909191,-7.9801839,0.0],[-38.2908655,-7.9797004,0.0]]}},
{"type":"Feature","properties":{"name":"Travessa Paraíba","descricao":"","codigo":"7775","bairro":"NOSSA SENHORA DE FÁTIMA","cep":"0"},"geometry":{"type":"LineString","coordinates":[[-38.290097,-7.9808348,0.0],[-38.2900086,-7.9803523,0.0],[-38.2898918,-7.9798139,0.0],[-38.2897872,-7.9792756,0.0]]}},
{"type":"Feature","properties":{"name":"Rua Henrique Custódio de Lima","descricao":"Projetada","codigo":"7187","bairro":"NOSSA SENHORA DE FÁTIMA","cep":""},"geometry":{"type":"LineString","coordinates":[[-38.2898318,-7.9798445,0.0],[-38.2889882,-7.9801194,0.0]]}},
{"type":"Feature","properties":{"name":"Rua Antônia Nunes de Souza","descricao":"Lei 895 de 26.07.96 (antiga Rua Campo Belo)","codigo":"173","bairro":"JOSÉ TOMÉ DE SOUZA ","cep":""},"geometry":{"type":"LineString","coordinates":[[-38.2948225,-7.9776889,0.0],[-38.2931488,-7.9783238,0.0],[-38.2925158,-7.978515,0.0]]}},
{"type":"Feature","properties":{"name":"Rua Professor Josué de Castro","descricao":"","codigo":"172","bairro":"JOSÉ TOMÉ DE SOUZA ","cep":"56909650"},"geometry":{"type":"LineString","coordinates":[[-38.2949473,-7.9782541,0.0],[-38.2931918,-7.9786751,0.0],[-38.2929846,-7.9785642,0.0],[-38.2924453,-7.978644,0.0],[-38.2921542,-7.9786786,0.0],[-38.2919591,-7.9787093,0.0],[-38.291713,-7.978862,0.0],[-38.2915479,-7.9783534,0.0],[-38.2914634,-7.9780175,0.0],[-38.2915479,-7.9783534,0.0],[-38.291713,-7.978862,0.0],[-38.2917905,-7.9790443,0.0]]}},
{"type":"Feature","properties":{"name":"Travessa Quatorze de Julho","descricao":"","codigo":"594","bairro":"JOSÉ TOMÉ DE SOUZA ","cep":""},"geometry":{"type":"LineString","coordinates":[[-38.2946014,-7.9815133,0.0],[-38.2941991,-7.9814761,0.0]]}},
{"type":"Feature","properties":{"name":"Rua Projetada Dois","descricao":"conhecida como R. Salustino Gomes","codigo":"318","bairro":"JOSÉ TOMÉ DE SOUZA ","cep":""},"geometry":{"type":"LineString","coordinates":[[-38.2951597,-7.9786936,0.0],[-38.2940251,-7.9789592,0.0],[-38.2937167,-7.9791199,0.0],[-38.2933815,-7.9791531,0.0]]}},
{"type":"Feature","properties":{"name":"Rua José Célio de Farias","descricao":"Lei 1910 de 22.04.2022 (antiga Rua Projetada 01, conhecida como Rua São Vicente de Paula)","codigo":"177","bairro":"JOSÉ TOMÉ DE SOUZA ","cep":"56909558"},"geometry":{"type":"LineString","coordinates":[[-38.2952634,-7.9790696,0.0],[-38.2943997,-7.979306,0.0]]}},
{"type":"Feature","properties":{"name":"Rua Francisco de Assis Bernardino de Araújo","descricao":"Lei 1331 de 20.06.12 (Assis Araújo)","codigo":"728","bairro":"JOSÉ TOMÉ DE SOUZA ","cep":"56909384"},"geometry":{"type":"LineString","coordinates":[[-38.2933576,-7.9782152,0.0],[-38.2929687,-7.9772908,0.0]]}},
{"type":"Feature","properties":{"name":"Rua João Alves de Lima","descricao":"Lei 1330 de 20.06.12","codigo":"347","bairro":"JOSÉ TOMÉ DE SOUZA ","cep":""},"geometry":{"type":"LineString","coordinates":[[-38.2930564,-7.9776122,0.0],[-38.291824,-7.9780345,0.0]]}},
{"type":"Feature","properties":{"name":"Rua José dos Santos Feitosa","descricao":"Lei 1332 de 20.06.12","codigo":"584","bairro":"JOSÉ TOMÉ DE SOUZA ","cep":""},"geometry":{"type":"LineString","coordinates":[[-38.2931892,-7.9779382,0.0],[-38.2919058,-7.9783552,0.0]]}},
{"type":"Feature","properties":{"name":"Travessa Professor Josué de Castro","descricao":"","codigo":"174","bairro":"JOSÉ TOMÉ DE SOUZA ","cep":"56909651"},"geometry":{"type":"LineString","coordinates":[[-38.294052,-7.9787064,0.0],[-38.293293,-7.9789109,0.0]]}},
{"type":"Feature","properties":{"name":"Rua Projetada Joaquim Nunes de Souza","descricao":"Loteamento Portal da Serra","codigo":"","bairro":"JOSÉ TOMÉ DE SOUZA ","cep":""},"geometry":{"type":"LineString","coordinates":[[-38.2927723,-7.9747532,0.0],[-38.289685,-7.9759193,0.0]]}},
{"type":"Feature","properties":{"name":"Rua Itamiran Nunes de Souza","descricao":"Lei 2056 de 11.11.2024 (Loteamento Portal da Serra)","codigo":"971","bairro":"JOSÉ TOMÉ DE SOUZA ","cep":"56909"},"geometry":{"type":"LineString","coordinates":[[-38.2901177,-7.975697,0.0],[-38.2892674,-7.9728335,0.0]]}},
{"type":"Feature","properties":{"name":"Heleno Pereira da Silva","descricao":"Lei 1665 de 24.04.18 (antiga Rua Projetada Jacinta Nunes de Souza)","codigo":"972","bairro":"JOSÉ TOMÉ DE SOUZA ","cep":"56909585"},"geometry":{"type":"LineString","coordinates":[[-38.2904717,-7.9755259,0.0],[-38.2896564,-7.9726704,0.0]]}},
{"type":"Feature","properties":{"name":"Avenida Projetada Francisco Augusto de Souza","descricao":"Loteamento Portal da Serra","codigo":"","bairro":"JOSÉ TOMÉ DE SOUZA ","cep":""},"geometry":{"type":"LineString","coordinates":[[-38.289456,-7.9749913,0.0],[-38.2901024,-7.9748081,0.0],[-38.2901963,-7.9744502,0.0],[-38.290376,-7.9740922,0.0],[-38.2909299,-7.9730682,0.0]]}},
{"type":"Feature","properties":{"name":"Rua Projetada Benedita Nunes de Souza","descricao":"Loteamento Portal da Serra","codigo":"","bairro":"JOSÉ TOMÉ DE SOUZA ","cep":""},"geometry":{"type":"LineString","coordinates":[[-38.2888715,-7.9729384,0.0],[-38.2902556,-7.972455,0.0]]}},
{"type":"Feature","properties":{"name":"Avenida Projetada Francisca Leidigan Nunes de Souza","descricao":"Loteamento Portal da Serra","codigo":"","bairro":"JOSÉ TOMÉ DE SOUZA ","cep":""},"geometry":{"type":"LineString","coordinates":[[-38.2889735,-7.9733076,0.0],[-38.2906069,-7.9727392,0.0]]}},
{"type":"Feature","properties":{"name":"Rua Projetada Laurindo Nunes de Souza","descricao":"Loteamento Portal da Serra","codigo":"973","bairro":"JOSÉ TOMÉ DE SOUZA ","cep":""},"geometry":{"type":"LineString","coordinates":[[-38.2909017,-7.9753912,0.0],[-38.2904887,-7.9738931,0.0]]}},
{"type":"Feature","properties":{"name":"Rua Projetada José Tomé de Souza Ramos","descricao":"Loteamento Portal da Serra","codigo":"974","bairro":"JOSÉ TOMÉ DE SOUZA ","cep":""},"geometry":{"type":"LineString","coordinates":[[-38.2913308,-7.9752504,0.0],[-38.2907944,-7.9733034,0.0]]}},
{"type":"Feature","properties":{"name":"Rua Projetada Creuza Leite Lima","descricao":"Loteamento Portal da Serra","codigo":"997","bairro":"JOSÉ TOMÉ DE SOUZA ","cep":""},"geometry":{"type":"LineString","coordinates":[[-38.2907594,-7.9744933,0.0],[-38.2920736,-7.9739833,0.0]]}},
{"type":"Feature","properties":{"name":"Rua Rita Vieira Santana","descricao":"Lei 1920 de 06.07.2022 (Antiga Rua Luiza Nunes de Souza, Loteamento Portal da Serra)","codigo":"975","bairro":"JOSÉ TOMÉ DE SOUZA ","cep":"56909538"},"geometry":{"type":"LineString","coordinates":[[-38.2917409,-7.9750817,0.0],[-38.2915156,-7.9742104,0.0]]}},
{"type":"Feature","properties":{"name":"Rua Projetada Joaquina Nunes de Souza","descricao":"Loteamento Portal da Serra","codigo":"976","bairro":"JOSÉ TOMÉ DE SOUZA ","cep":""},"geometry":{"type":"LineString","coordinates":[[-38.2922143,-7.974929,0.0],[-38.2919367,-7.9740817,0.0]]}},
{"type":"Feature","properties":{"name":"Avenida Adriano Duque de Godoy Sousa","descricao":"prolongamento do Anel Viário (antiga Avenida Antônia Nunes de Souza)","codigo":"","bairro":"JOSÉ TOMÉ DE SOUZA - SÃO SEBASTIÃO","cep":""},"geometry":{"type":"LineString","coordinates":[[-38.2927339,-7.9747227,0.0],[-38.2920633,-7.9739842,0.0],[-38.2909462,-7.9729854,0.0],[-38.2902448,-7.9724595,0.0]]}},
{"type":"Feature","properties":{"name":"Avenida Ministro Sebastião Ignácio de Oliveira Neto","descricao":"Lei 798 de 26.07.91 (antiga Rua Conselheiro Oliveira Neto e Rua do Cruzeiro)","codigo":"90","bairro":"SÃO SEBASTIÃO","cep":"56906500"},"geometry":{"type":"LineString","coordinates":[[-38.3067518,-7.9805584,0.0],[-38.3061885,-7.9788531,0.0],[-38.3058103,-7.9779287,0.0],[-38.3043646,-7.9753389,0.0],[-38.304142,-7.9750546,0.0],[-38.3035814,-7.9745048,0.0],[-38.3023689,-7.9740636,0.0],[-38.3014167,-7.9738112,0.0],[-38.3009768,-7.9734898,0.0],[-38.3006737,-7.9733544,0.0],[-38.300494,-7.9733092,0.0],[-38.3001668,-7.9733889,0.0],[-38.2996679,-7.973349,0.0],[-38.2991663,-7.9735244,0.0],[-38.2988981,-7.9735961,0.0],[-38.2984582,-7.9736598,0.0]]}},
{"type":"Feature","properties":{"name":"Avenida Olímpio de Menezes Leal","descricao":"Lei 733 de 30.04.90","codigo":"159","bairro":"JOSÉ RUFINO ALVES","cep":"56915000"},"geometry":{"type":"LineString","coordinates":[[-38.3065424,-8.0049155,0.0],[-38.3055557,-8.002861,0.0],[-38.3056231,-8.0039221,0.0],[-38.306348,-8.0054627,0.0],[-38.3056231,-8.0039221,0.0],[-38.3055557,-8.002861,0.0],[-38.30221,-7.9954489,0.0],[-38.3021254,-7.9953175,0.0]]}},
{"type":"Feature","properties":{"name":"Travessa Olímpio de Menezes Leal","descricao":"","codigo":"312","bairro":"JOSÉ RUFINO ALVES","cep":""},"geometry":{"type":"LineString","coordinates":[[-38.3033232,-7.9978694,0.0],[-38.3040568,-7.9975148,0.0]]}},
{"type":"Feature","properties":{"name":"Rua Major João Rufino Alves","descricao":"Lei 803 de 29.10.91","codigo":"161","bairro":"JOSÉ RUFINO ALVES","cep":"56915010"},"geometry":{"type":"LineString","coordinates":[[-38.3035715,-7.9984021,0.0],[-38.304694,-7.99763,0.0]]}},
{"type":"Feature","properties":{"name":"Rua Major Antônio Rufino Alves","descricao":"","codigo":"418","bairro":"JOSÉ RUFINO ALVES","cep":"56915140"},"geometry":{"type":"LineString","coordinates":[[-38.3038571,-7.9981233,0.0],[-38.3033824,-7.9971405,0.0]]}},
{"type":"Feature","properties":{"name":"Travessa Major João Rufino Alves","descricao":"","codigo":"300","bairro":"JOSÉ RUFINO ALVES","cep":"56915011"},"geometry":{"type":"LineString","coordinates":[[-38.3046023,-7.9986513,0.0],[-38.3044333,-7.9983273,0.0],[-38.3042643,-7.9980086,0.0]]}},
{"type":"Feature","properties":{"name":"Rua Maria Gomes de Souza ","descricao":"Lei 803 de 29.10.91 (antiga Rua Projetada 01)","codigo":"160","bairro":"JOSÉ RUFINO ALVES","cep":"56915020"},"geometry":{"type":"LineString","coordinates":[[-38.3038889,-7.9990066,0.0],[-38.305069,-7.998488,0.0]]}},
{"type":"Feature","properties":{"name":"Rua Francisco Rufino Alves","descricao":"Lei 803 de 29.10.91 (antiga Rua Projetada 02)","codigo":"91","bairro":"JOSÉ RUFINO ALVES","cep":"56915030"},"geometry":{"type":"LineString","coordinates":[[-38.3041062,-7.9995229,0.0],[-38.3051898,-7.9990261,0.0]]}},
{"type":"Feature","properties":{"name":"Rua Manoel Burgo de Santana","descricao":"Lei 803 de 29.10.91 (Manoel Major)","codigo":"163","bairro":"JOSÉ RUFINO ALVES","cep":"56915040"},"geometry":{"type":"LineString","coordinates":[[-38.3055226,-7.9996174,0.0],[-38.3043169,-7.9999853,0.0]]}},
{"type":"Feature","properties":{"name":"Rua Rosa Alves de Sousa","descricao":"Lei 1774 de 09.09.2020 (antiga Rua Projetada 03, Loteamento Zona Sul)","codigo":"827","bairro":"JOSÉ RUFINO ALVES","cep":"56915240"},"geometry":{"type":"LineString","coordinates":[[-38.3054924,-7.9994461,0.0],[-38.3071859,-7.9986952,0.0]]}},
{"type":"Feature","properties":{"name":"Rua Francisco Profiro","descricao":"Lei 803 de 29.10.91","codigo":"164","bairro":"JOSÉ RUFINO ALVES","cep":"56915050"},"geometry":{"type":"LineString","coordinates":[[-38.3057441,-8.0001058,0.0],[-38.3045532,-8.0006065,0.0]]}},
{"type":"Feature","properties":{"name":"Rua Marinalva Rodrigues dos Santos","descricao":"Lei 1780 de 18.09.2020 (antiga Rua Projetada 04, Loteamento Zona Sul)","codigo":"7179","bairro":"JOSÉ RUFINO ALVES","cep":"56915150"},"geometry":{"type":"LineString","coordinates":[[-38.3057592,-7.9999052,0.0],[-38.3073123,-7.9992133,0.0]]}},
{"type":"Feature","properties":{"name":"Rua Afonso Gomes Novaes","descricao":"Lei 803 de 29.10.91","codigo":"166","bairro":"JOSÉ RUFINO ALVES","cep":"56915060"},"geometry":{"type":"LineString","coordinates":[[-38.3059513,-8.0005348,0.0],[-38.3043701,-8.0012533,0.0]]}},
{"type":"Feature","properties":{"name":"Rua Adelina de Souza Ferraz","descricao":"Lei 803 de 29.10.91","codigo":"167","bairro":"JOSÉ RUFINO ALVES","cep":"56915070"},"geometry":{"type":"LineString","coordinates":[[-38.3045861,-8.0017778,0.0],[-38.3061337,-8.0010607,0.0]]}},
{"type":"Feature","properties":{"name":"Rua Antônio Alves da Silva","descricao":"Lei 1773 de 09.09.2020 (Antônio Jacó, antiga Rua Projetada 05, Loteamento Zona Sul)","codigo":"1039","bairro":"JOSÉ RUFINO ALVES","cep":"56915170"},"geometry":{"type":"LineString","coordinates":[[-38.305975,-8.0003588,0.0],[-38.307359,-7.9997373,0.0]]}},
{"type":"Feature","properties":{"name":"Rua Maria Januária Gomes","descricao":"Lei 1783 de 24.09.2020 (antiga Rua Projetada 06, Loteamento Zona Sul)","codigo":"7176","bairro":"JOSÉ RUFINO ALVES","cep":"56915210"},"geometry":{"type":"LineString","coordinates":[[-38.3061949,-8.0008592,0.0],[-38.3070532,-8.0004608,0.0]]}},
{"type":"Feature","properties":{"name":"Rua Raimundo Epamenondas Torres","descricao":"Lei 803 de 29.10.91","codigo":"162","bairro":"JOSÉ RUFINO ALVES","cep":"56915090"},"geometry":{"type":"LineString","coordinates":[[-38.3058204,-8.0020977,0.0],[-38.304022,-8.0029397,0.0]]}},
{"type":"Feature","properties":{"name":"Rua Aurora Nogueira Burgo","descricao":"Lei 803 de 29.10.91","codigo":"165","bairro":"JOSÉ RUFINO ALVES","cep":"56915080"},"geometry":{"type":"LineString","coordinates":[[-38.3055676,-8.0038892,0.0],[-38.3043472,-8.0013075,0.0],[-38.3042815,-8.0004562,0.0],[-38.3042265,-8.000022,0.0]]}},
{"type":"Feature","properties":{"name":"Avenida José Auricélio Barbosa","descricao":"Lei 1786 de 01.10.2020 (Didi, antiga Avenida Projetada 03 - Loteamento Zona Sul)","codigo":"2285","bairro":"JOSÉ RUFINO ALVES","cep":"56915250"},"geometry":{"type":"LineString","coordinates":[[-38.3047074,-8.0078753,0.0],[-38.3058635,-8.0045976,0.0]]}},
{"type":"Feature","properties":{"name":"Rua Sônia Batista Soares de Sousa Melo","descricao":"Lei 2136 de 14.11.2025 (antiga Rua Projetada 19, Loteamento Zona Sul)","codigo":"7186","bairro":"JOSÉ RUFINO ALVES","cep":""},"geometry":{"type":"LineString","coordinates":[[-38.304203,-8.0070097,0.0],[-38.3054824,-8.0074639,0.0]]}},
{"type":"Feature","properties":{"name":"Rua Maria do Carmo de Carvalho Nascimento","descricao":"Lei 2132 de 16.10.2025 (Dona Carminha, antiga Rua Projetada 18, Loteamento Zona Sul)","codigo":"7185","bairro":"JOSÉ RUFINO ALVES","cep":""},"geometry":{"type":"LineString","coordinates":[[-38.3044028,-8.0065794,0.0],[-38.3057707,-8.0070761,0.0]]}},
{"type":"Feature","properties":{"name":"Rua Ivaldo Nogueira","descricao":"Lei 2121 de 24.09.2025 (Músico, antiga Rua Projetada 17, Loteamento Zona Sul)","codigo":"7184","bairro":"JOSÉ RUFINO ALVES","cep":""},"geometry":{"type":"LineString","coordinates":[[-38.3045155,-8.0061611,0.0],[-38.3058915,-8.0066232,0.0]]}},
{"type":"Feature","properties":{"name":"Rua Mônika Cristina de Oliveira","descricao":"Lei 1916 de 25.05.2022 (antiga Rua Projetada 16 - Loteamento Zona Sul)","codigo":"1091","bairro":"JOSÉ RUFINO ALVES","cep":"56915296"},"geometry":{"type":"LineString","coordinates":[[-38.3046737,-8.0057308,0.0],[-38.3060577,-8.0062168,0.0]]}},
{"type":"Feature","properties":{"name":"Rua José Gomes Basílio","descricao":"Lei 1796 de 03.12.2020 (antiga Rua Projetada 15 - Loteamento Zona Sul)","codigo":"7182","bairro":"JOSÉ RUFINO ALVES","cep":"56915280"},"geometry":{"type":"LineString","coordinates":[[-38.3048212,-8.0053204,0.0],[-38.3054381,-8.0055143,0.0]]}},
{"type":"Feature","properties":{"name":"Rua João Batista de Magalhães","descricao":"Lei 1797 de 03.12.2020 (João Lopita, antiga Rua Projetada 14 - Loteamento Zona Sul)","codigo":"7181","bairro":"JOSÉ RUFINO ALVES","cep":""},"geometry":{"type":"LineString","coordinates":[[-38.3049687,-8.0048647,0.0],[-38.3055494,-8.005074,0.0]]}},
{"type":"Feature","properties":{"name":"Rua Manoel Mecias do Nascimento","descricao":"Lei 1791 de 28.10.2020 (antiga Rua Projetada 13, Loteamento Zona Sul)","codigo":"949","bairro":"JOSÉ RUFINO ALVES","cep":"56915270"},"geometry":{"type":"LineString","coordinates":[[-38.3051618,-8.0042699,0.0],[-38.3056004,-8.0051643,0.0],[-38.3057197,-8.0054611,0.0],[-38.3060336,-8.0061636,0.0]]}},
{"type":"Feature","properties":{"name":"Avenida Quitéria Rodrigues da Silva","descricao":"Lei 1781 de 18.09.2020 (antiga Avenida Projetada 04, Loteamento Zona Sul)","codigo":"1454","bairro":"JOSÉ RUFINO ALVES","cep":"56915190"},"geometry":{"type":"LineString","coordinates":[[-38.3062699,-8.0014199,0.0],[-38.3060812,-8.00151,0.0],[-38.3058577,-8.0021927,0.0],[-38.3037935,-8.0079723,0.0]]}},
{"type":"Feature","properties":{"name":"Rua Lindaura Gomes Gregório","descricao":"Lei 1279 de 26.11.10 (antiga Av Projetada 02)","codigo":"828","bairro":"JOSÉ RUFINO ALVES","cep":"56915035"},"geometry":{"type":"LineString","coordinates":[[-38.3071855,-8.0032291,0.0],[-38.305069,-7.998488,0.0],[-38.304517,-7.997241,0.0]]}},
{"type":"Feature","properties":{"name":"Avenida Luiz Rufino Alves","descricao":"Lei 1787 de 01.10.2020 (antiga Avenida Projetada 01 - Loteamento Zona Sul)","codigo":"1431","bairro":"JOSÉ RUFINO ALVES","cep":"56915260"},"geometry":{"type":"LineString","coordinates":[[-38.306101,-7.998028,0.0],[-38.3075602,-8.0014195,0.0]]}},
{"type":"Feature","properties":{"name":"Rua Maria Ferreira da Silva","descricao":"Lei 1784 de 24.09.2020 (antiga Rua Projetada 07 - Loteamento Zona Sul)","codigo":"1095","bairro":"JOSÉ RUFINO ALVES","cep":"56915220"},"geometry":{"type":"LineString","coordinates":[[-38.3063269,-8.0013635,0.0],[-38.3075098,-8.0008589,0.0]]}},
{"type":"Feature","properties":{"name":"Rua Maria Carlinda de Souza Melo","descricao":"Lei 1830 de 14.05.2020 (antiga Rua Projetada 08 - Loteamento Zona Sul, Jorge Andrada Magalhães)","codigo":"927","bairro":"JOSÉ RUFINO ALVES","cep":"56915300"},"geometry":{"type":"LineString","coordinates":[[-38.3059233,-8.002138,0.0],[-38.3075165,-8.0014235,0.0]]}},
{"type":"Feature","properties":{"name":"Rua Mariana Freire de Menezes","descricao":"Lei 1179 de 14.09.06 (antiga Rua Projetada II)","codigo":"289","bairro":"JOSÉ RUFINO ALVES","cep":"56915045"},"geometry":{"type":"LineString","coordinates":[[-38.305259,-8.0035662,0.0],[-38.303928,-8.0041928,0.0]]}},
{"type":"Feature","properties":{"name":"Rua João Alves Ferreira","descricao":"Lei 1160 de 25.08.06 (João Caboclo, antiga Rua Projetada I)","codigo":"168","bairro":"JOSÉ RUFINO ALVES","cep":"56915015"},"geometry":{"type":"LineString","coordinates":[[-38.3039308,-8.0035929,0.0],[-38.3055105,-8.0028519,0.0]]}},
{"type":"Feature","properties":{"name":"Rua Manoel Nunes Nogueira","descricao":"Lei 1184 de 18.10.06 (Manoel Cipó, antigas Ruas Projetada III e Bela Vista)","codigo":"293","bairro":"JOSÉ RUFINO ALVES","cep":"56915025"},"geometry":{"type":"LineString","coordinates":[[-38.3042285,-8.0029051,0.0],[-38.3046416,-8.0038028,0.0]]}},
{"type":"Feature","properties":{"name":"Travessa Projetada Sebastião Rufino","descricao":"paralela com a Rua Manoel Nunes Nogueira","codigo":"780","bairro":"JOSÉ RUFINO ALVES","cep":""},"geometry":{"type":"LineString","coordinates":[[-38.3038327,-8.0038911,0.0],[-38.3045784,-8.0056229,0.0]]}},
{"type":"Feature","properties":{"name":"Rua Sebastião Rufino","descricao":"","codigo":"917","bairro":"JOSÉ RUFINO ALVES","cep":""},"geometry":{"type":"LineString","coordinates":[[-38.3038117,-8.0048389,0.0],[-38.3050562,-8.0041935,0.0]]}},
{"type":"Feature","properties":{"name":"Rua S/D","descricao":"paralela com a Rua Sebastião Rufino","codigo":"","bairro":"JOSÉ RUFINO ALVES","cep":""},"geometry":{"type":"LineString","coordinates":[[-38.3048834,-8.0046713,0.0],[-38.3039822,-8.0051388,0.0]]}},
{"type":"Feature","properties":{"name":"Rua Wilton Conrado de Sá","descricao":"Lei 1836 de 10.06.2021 (antiga Rua Projetada 11, Loteamento Zona Sul)","codigo":"7174","bairro":"JOSÉ RUFINO ALVES","cep":"56915155"},"geometry":{"type":"LineString","coordinates":[[-38.3071344,-8.0033284,0.0],[-38.3061393,-8.0037799,0.0]]}},
{"type":"Feature","properties":{"name":"Rua Jesus de Souza Melo","descricao":"Lei 1829 de 14.05.2020 (antiga Rua Projetada 12, Loteamento Zona Sul)","codigo":"9196","bairro":"JOSÉ RUFINO ALVES","cep":""},"geometry":{"type":"LineString","coordinates":[[-38.3059129,-8.0044215,0.0],[-38.306924,-8.0039222,0.0]]}},
{"type":"Feature","properties":{"name":"Rua Paulo Rodrigues da Silva","descricao":"Lei 1803 de 30.12.2020 (antiga Avenida Projetada 00, Loteamento Zona Sul)","codigo":"9163","bairro":"JOSÉ RUFINO ALVES","cep":"56915290"},"geometry":{"type":"LineString","coordinates":[[-38.307112,-7.997578,0.0],[-38.307172,-7.998121,0.0],[-38.3075938,-8.0011719,0.0],[-38.3076455,-8.0019204,0.0],[-38.3063853,-8.0054175,0.0]]}},
{"type":"Feature","properties":{"name":"Rua Manoel Rodrigues da Silva","descricao":"Lei 1782 de 18.09.2020 (antiga Rua Projetada 10, Loteamento Zona Sul)","codigo":"290","bairro":"JOSÉ RUFINO ALVES","cep":"56915200"},"geometry":{"type":"LineString","coordinates":[[-38.3059052,-8.0033071,0.0],[-38.3073938,-8.0026271,0.0]]}},
{"type":"Feature","properties":{"name":"Rodovia Conselheiro Oliveira Neto","descricao":"Lei Estadual 13319 de 15.10.2007 (Avenida do Aeroporto, PE 412)","codigo":"9194","bairro":"JOSÉ RUFINO ALVES","cep":""},"geometry":{"type":"LineString","coordinates":[[-38.3063518,-8.0055251,0.0],[-38.30618,-8.0060775,0.0],[-38.3059625,-8.0066246,0.0],[-38.3058896,-8.0070324,0.0],[-38.3059638,-8.0076666,0.0],[-38.3060413,-8.008279,0.0],[-38.3061833,-8.0088555,0.0],[-38.3073077,-8.0121956,0.0],[-38.3078457,-8.0137779,0.0],[-38.3081724,-8.01469,0.0],[-38.3083331,-8.0152058,0.0],[-38.308365,-8.0155675,0.0],[-38.3083445,-8.0157926,0.0],[-38.3082798,-8.0163019,0.0],[-38.3081798,-8.0172966,0.0],[-38.308166,-8.0175297,0.0],[-38.3081925,-8.0177548,0.0],[-38.3091586,-8.0206545,0.0],[-38.3094648,-8.0216671,0.0],[-38.309812,-8.0232871,0.0],[-38.3099619,-8.0239907,0.0],[-38.3100678,-8.0244574,0.0],[-38.3101495,-8.0249586,0.0],[-38.3101749,-8.0254167,0.0],[-38.3102002,-8.0258828,0.0],[-38.3102543,-8.0264436,0.0],[-38.3103487,-8.0269514,0.0],[-38.3109319,-8.0299195,0.0],[-38.3112382,-8.0313996,0.0],[-38.3115177,-8.032877,0.0],[-38.3119057,-8.0348199,0.0],[-38.3120474,-8.0356399,0.0],[-38.312224,-8.0363644,0.0],[-38.3124884,-8.037072,0.0],[-38.3127609,-8.0377585,0.0],[-38.312973,-8.0382848,0.0],[-38.3131462,-8.0387753,0.0],[-38.313319,-8.0394476,0.0],[-38.3135039,-8.0401518,0.0],[-38.3136122,-8.0406096,0.0],[-38.3136497,-8.0408731,0.0],[-38.3136375,-8.0410794,0.0],[-38.3133796,-8.0422143,0.0],[-38.31335,-8.042467,0.0],[-38.3133579,-8.0427118,0.0],[-38.3134462,-8.0431286,0.0],[-38.3135785,-8.0436696,0.0],[-38.3137808,-8.0444814,0.0],[-38.3139938,-8.0452692,0.0],[-38.3142177,-8.0460689,0.0],[-38.314315,-8.0463333,0.0],[-38.3144337,-8.0465738,0.0],[-38.314615,-8.0467982,0.0],[-38.3147964,-8.0469749,0.0],[-38.315257,-8.0473429,0.0],[-38.3161622,-8.0480912,0.0],[-38.316364,-8.0482862,0.0],[-38.3165054,-8.0484758,0.0],[-38.3166455,-8.048786,0.0],[-38.317138,-8.0500831,0.0],[-38.3173669,-8.0507595,0.0],[-38.3175984,-8.0514147,0.0],[-38.3177647,-8.0518776,0.0],[-38.3179484,-8.05231,0.0],[-38.3184091,-8.0531121,0.0],[-38.3187212,-8.0536287,0.0],[-38.3187928,-8.0538007,0.0],[-38.3188469,-8.0539382,0.0],[-38.318919,-8.054271,0.0],[-38.3189818,-8.0546631,0.0],[-38.3190326,-8.0550566,0.0],[-38.3191329,-8.0556052,0.0],[-38.3192573,-8.056114,0.0],[-38.3194735,-8.0566553,0.0],[-38.3199344,-8.0576178,0.0],[-38.3201715,-8.0581336,0.0],[-38.3203831,-8.0585883,0.0],[-38.3206475,-8.0591411,0.0],[-38.3208118,-8.0593989,0.0],[-38.320999,-8.0597019,0.0],[-38.3212832,-8.0600509,0.0],[-38.3215673,-8.0603866,0.0],[-38.3219052,-8.0607648,0.0],[-38.3220848,-8.0609725,0.0],[-38.322133,-8.0611005,0.0],[-38.3221074,-8.0612162,0.0],[-38.3220019,-8.0612788,0.0],[-38.3218724,-8.0612961,0.0],[-38.3215999,-8.0613621,0.0],[-38.3213207,-8.0614838,0.0],[-38.3202541,-8.0621468,0.0],[-38.3197469,-8.0624565,0.0],[-38.3195808,-8.0626148,0.0],[-38.3194361,-8.0627918,0.0],[-38.3193578,-8.0629634,0.0],[-38.3193036,-8.0631125,0.0],[-38.319228,-8.0643351,0.0],[-38.3192143,-8.0649597,0.0],[-38.3191699,-8.0652641,0.0],[-38.3190866,-8.0655352,0.0],[-38.3190126,-8.0657126,0.0],[-38.3187891,-8.0660444,0.0],[-38.3185482,-8.0663535,0.0],[-38.3182436,-8.0667607,0.0],[-38.3179509,-8.0671507,0.0]]}},
{"type":"Feature","properties":{"name":"Rua Lucila Cavalcante de Lima","descricao":"Lei 1346 de 22.02.13 (antiga Via Local 09, Loteamento Poço do Cruz I)","codigo":"","bairro":"VILA BELA","cep":"56907140"},"geometry":{"type":"LineString","coordinates":[[-38.321768,-7.9977713,0.0],[-38.318646,-7.9945494,0.0]]}},
{"type":"Feature","properties":{"name":"Avenida Deputado Argemiro Pereira de Menezes","descricao":"Lei 1342 de 22.02.13 (antiga Via Local I, Loteamento Poço do Cruz I)","codigo":"600","bairro":"VILA BELA","cep":"56907070"},"geometry":{"type":"LineString","coordinates":[[-38.3304597,-7.9890386,0.0],[-38.325916,-7.9934559,0.0],[-38.325755,-7.994003,0.0],[-38.3218417,-7.9978438,0.0]]}},
{"type":"Feature","properties":{"name":"Rua José Barbosa da Penha","descricao":"Lei 1344 de 22.02.13 (Zé Mota, antiga Via Local 33, Loteamento Poço do Cruz II)","codigo":"","bairro":"VILA BELA","cep":"56907170"},"geometry":{"type":"LineString","coordinates":[[-38.3249909,-7.9946083,0.0],[-38.3227727,-7.9923559,0.0]]}},
{"type":"Feature","properties":{"name":"Rua João Antunes Lima","descricao":"Lei 1345 de 22.02.13 (antiga Via Local 13, Loteamento Poço do Cruz I)","codigo":"","bairro":"VILA BELA","cep":"56907060"},"geometry":{"type":"LineString","coordinates":[[-38.3203937,-7.9936353,0.0],[-38.3231081,-7.9964401,0.0]]}},
{"type":"Feature","properties":{"name":"Rua Luiz Aureliano de Carvalho","descricao":"Lei 1347 de 22.02.13 (antiga Via Local 17, Loteamento Poço do Cruz I)","codigo":"","bairro":"VILA BELA","cep":"56907130"},"geometry":{"type":"LineString","coordinates":[[-38.3220165,-7.9974627,0.0],[-38.3189427,-7.9942992,0.0]]}},
{"type":"Feature","properties":{"name":"Rua Professora Maria Lucilia da Silva","descricao":"Lei 1348 de 22.02.13 (antiga Via Local 26, Loteamento Poço do Cruz II)","codigo":"","bairro":"VILA BELA","cep":"56907190"},"geometry":{"type":"LineString","coordinates":[[-38.3244914,-7.9951557,0.0],[-38.3220962,-7.9927519,0.0]]}},
{"type":"Feature","properties":{"name":"Rua Professor Ivo Policarpo Campos","descricao":"Lei 1349 de 22.02.13 (antiga Via Local 22, Loteamento Poço do Cruz I)","codigo":"","bairro":"VILA BELA","cep":"56907110"},"geometry":{"type":"LineString","coordinates":[[-38.3222844,-7.9972156,0.0],[-38.3211954,-7.9960761,0.0]]}},
{"type":"Feature","properties":{"name":"Rua Professor Jesus Leandro Rocha","descricao":"Lei 1350 de 22.02.13 (antiga Via Local 16, Loteamento Poço do Cruz I)","codigo":"","bairro":"VILA BELA","cep":"56907120"},"geometry":{"type":"LineString","coordinates":[[-38.3208704,-7.9957476,0.0],[-38.3193093,-7.9941486,0.0]]}},
{"type":"Feature","properties":{"name":"Rua Benedito Duarte","descricao":"Lei 1356 de 17.06.13 (antiga Via Local 14, Loteamento Poço do Cruz I)","codigo":"","bairro":"VILA BELA","cep":"56907080"},"geometry":{"type":"LineString","coordinates":[[-38.321395,-7.9952341,0.0],[-38.3200244,-7.9937918,0.0]]}},
{"type":"Feature","properties":{"name":"Rua Gilvan Severino dos Santos","descricao":"Lei 1359 de 17.06.13 (antiga Via Local 24, Loteamento Poço do Cruz I)","codigo":"","bairro":"VILA BELA","cep":"56097090"},"geometry":{"type":"LineString","coordinates":[[-38.322828,-7.9966946,0.0],[-38.3217417,-7.9955764,0.0]]}},
{"type":"Feature","properties":{"name":"Travessa Antônio Nogueira dos Santos","descricao":"Lei 1360 de 17.06.13 (Seu Nogueira, antiga Via Local 35, Loteamento Poço do Cruz II)","codigo":"","bairro":"VILA BELA","cep":"56907200"},"geometry":{"type":"LineString","coordinates":[[-38.3243833,-7.993542,0.0],[-38.3239112,-7.9939962,0.0]]}},
{"type":"Feature","properties":{"name":"Praça Napoleão Inácio de Oliveira","descricao":"Lei 1361 de 17.06.13 (antigas Vias Locais 36 e 37, Loteamento Poço do Cruz II)","codigo":"","bairro":"VILA BELA","cep":""},"geometry":{"type":"LineString","coordinates":[[-38.3255259,-7.992544,0.0],[-38.324512,-7.9935029,0.0]]}},
{"type":"Feature","properties":{"name":"Praça Napoleão Inácio de Oliveira","descricao":"Lei 1361 de 17.06.13 (antigas Vias Locais 36 e 37, Loteamento Poço do Cruz II)","codigo":"","bairro":"VILA BELA","cep":""},"geometry":{"type":"LineString","coordinates":[[-38.3252755,-7.992304,0.0],[-38.3242589,-7.9932761,0.0]]}},
{"type":"Feature","properties":{"name":"Rua Newton Carlos Ferraz","descricao":"Lei 1362 de 17.06.13 (antiga Via Local 04 Loteamento Poço do Cruz II)","codigo":"","bairro":"VILA BELA","cep":"56907030"},"geometry":{"type":"LineString","coordinates":[[-38.3243258,-7.9971939,0.0],[-38.3234836,-7.996328,0.0]]}},
{"type":"Feature","properties":{"name":"Rua João Batista de Magalhães","descricao":"Lei 1363 de 17.06.13 (Batista Gaia, antiga Via Local 08, Loteamento Poço do Cruz II)","codigo":"7036","bairro":"VILA BELA","cep":"56907100"},"geometry":{"type":"LineString","coordinates":[[-38.3230863,-7.9982317,0.0],[-38.3229119,-7.9978625,0.0],[-38.322405,-7.9973738,0.0]]}},
{"type":"Feature","properties":{"name":"Rua João Campos de Sousa","descricao":"Lei 1364 de 17.06.13 (João Cabrinha, antiga Via Local 02, Loteamento Poço do Cruz II)","codigo":"","bairro":"VILA BELA","cep":"56907010"},"geometry":{"type":"LineString","coordinates":[[-38.3249276,-7.9972687,0.0],[-38.3237582,-7.9960695,0.0]]}},
{"type":"Feature","properties":{"name":"Rua Rosa Maria do Nascimento","descricao":"Lei 1365 de 17.06.13 (Rosa Pau Ferro, antiga Via Local 15, Loteamento Poço do Cruz I)","codigo":"","bairro":"VILA BELA","cep":"56907210"},"geometry":{"type":"LineString","coordinates":[[-38.3211372,-7.9954842,0.0],[-38.3196486,-7.9939622,0.0]]}},
{"type":"Feature","properties":{"name":"Rua Domingos Sávio Nogueira dos Santos","descricao":"Lei 1366 de 17.06.13 (antiga Via Local 34, Loteamento Poço do Cruz II)","codigo":"","bairro":"VILA BELA","cep":"56907180"},"geometry":{"type":"LineString","coordinates":[[-38.3247157,-7.9948717,0.0],[-38.3224197,-7.9925503,0.0]]}},
{"type":"Feature","properties":{"name":"Rua Professora Maria Luísa Duarte de Sá","descricao":"Lei 1367 de 17.06.13 (antiga Via Local 05, Loteamento Poço do Cruz II)","codigo":"","bairro":"VILA BELA","cep":"56907050"},"geometry":{"type":"LineString","coordinates":[[-38.3239777,-7.9973457,0.0],[-38.3232186,-7.996586,0.0]]}},
{"type":"Feature","properties":{"name":"Rua Isivaldo Conrado de Lorena e Sá","descricao":"Lei 1368 de 17.06.13 (antiga Via Local 12, Loteamento Poço do Cruz I)","codigo":"","bairro":"VILA BELA","cep":"56907040"},"geometry":{"type":"LineString","coordinates":[[-38.3233851,-7.9961919,0.0],[-38.3207136,-7.9934587,0.0]]}},
{"type":"Feature","properties":{"name":"Avenida José Jaime de Oliveira","descricao":"Lei 1369 de 17.06.13 (antiga Via Local 27, Loteamento Poço do Cruz II)","codigo":"","bairro":"VILA BELA","cep":"56907160"},"geometry":{"type":"LineString","coordinates":[[-38.3243677,-7.9914227,0.0],[-38.3220578,-7.9926968,0.0]]}},
{"type":"Feature","properties":{"name":"Rua José Alves de Barros","descricao":"Lei 1370 de 17.06.13 (Zé Saturnino, antiga Via Local 11, Loteamento Poço do Cruz I)","codigo":"","bairro":"VILA BELA","cep":"56907020"},"geometry":{"type":"LineString","coordinates":[[-38.3236672,-7.9959273,0.0],[-38.3221437,-7.9943947,0.0]]}},
{"type":"Feature","properties":{"name":"Rua José Pereira de França Sobrinho","descricao":"Lei 1371 de 17.06.13 (antiga Via Local 23, Loteamento Poço do Cruz I)","codigo":"","bairro":"VILA BELA","cep":"56907220"},"geometry":{"type":"LineString","coordinates":[[-38.3225384,-7.9969575,0.0],[-38.3214333,-7.995818,0.0]]}},
{"type":"Feature","properties":{"name":"Rua Isidoro Alves Pereira Lins","descricao":"Lei 1373 de 17.06.13 (antiga Via Local 32, Loteamento Poço do Cruz II)","codigo":"","bairro":"VILA BELA","cep":"56907150"},"geometry":{"type":"LineString","coordinates":[[-38.3252851,-7.9943909,0.0],[-38.32315,-7.9922129,0.0]]}},
{"type":"Feature","properties":{"name":"Rua Hélio Antônio Andrada Oliveira","descricao":"Lei 1413 de 22.10.14 (antiga Via Local 03, Loteamento Poço do Cruz II)","codigo":"","bairro":"VILA BELA","cep":"56907290"},"geometry":{"type":"LineString","coordinates":[[-38.3246645,-7.9970994,0.0],[-38.3229747,-7.9978989,0.0]]}},
{"type":"Feature","properties":{"name":"Rua Antônio Conrado Filho","descricao":"Lei 1417 de 22.10.14 (antiga Via Local 06, Loteamento Poço do Cruz II)","codigo":"","bairro":"VILA BELA","cep":"56907240"},"geometry":{"type":"LineString","coordinates":[[-38.3236225,-7.9975343,0.0],[-38.3229465,-7.9968516,0.0]]}},
{"type":"Feature","properties":{"name":"Rua Álvaro Xavier Sampaio","descricao":"Lei 1418 de 22.10.14 (antiga Via Local 31, Loteamento Poço do Cruz II)","codigo":"","bairro":"VILA BELA","cep":"56907250"},"geometry":{"type":"LineString","coordinates":[[-38.3244634,-7.9930162,0.0],[-38.3234656,-7.9920068,0.0]]}},
{"type":"Feature","properties":{"name":"Rua Luiz Gonzaga da Silva","descricao":"Lei 1419 de 22.10.14 (Luiz Fogos, antiga Via Local 07, Loteamento Poço do Cruz II)","codigo":"","bairro":"VILA BELA","cep":"56907260"},"geometry":{"type":"LineString","coordinates":[[-38.3232825,-7.9977027,0.0],[-38.3226897,-7.9971078,0.0]]}},
{"type":"Feature","properties":{"name":"Rua Cícero Salvador de Melo","descricao":"Lei 1420 de 22.10.14 (antiga Via Local 30, Loteamento Poço do Cruz II)","codigo":"2253","bairro":"VILA BELA","cep":"56907270"},"geometry":{"type":"LineString","coordinates":[[-38.3247269,-7.9927445,0.0],[-38.3237854,-7.9918069,0.0]]}},
{"type":"Feature","properties":{"name":"Rua João Arlindo Filho","descricao":"Lei 1421 de 22.10.14 (antiga Via Local 29, Loteamento Poço do Cruz II)","codigo":"","bairro":"VILA BELA","cep":"56907280"},"geometry":{"type":"LineString","coordinates":[[-38.3250005,-7.9924941,0.0],[-38.3241208,-7.9916282,0.0]]}},
{"type":"Feature","properties":{"name":"Rua Cleonel Inácio de Albuquerque","descricao":"Lei 1437 de 20.11.14 (antiga Via Local 39, Loteamento Poço do Cruz II)","codigo":"","bairro":"VILA BELA","cep":""},"geometry":{"type":"LineString","coordinates":[[-38.3256295,-7.9936838,0.0],[-38.3250448,-7.9930782,0.0]]}},
{"type":"Feature","properties":{"name":"Rua José Inácio de Oliveira","descricao":"Lei 1438 de 20.11.14 (Zé Inácio, antiga Via Local 28, Loteamento Poço do Cruz II)","codigo":"","bairro":"VILA BELA","cep":""},"geometry":{"type":"LineString","coordinates":[[-38.3261378,-7.9931259,0.0],[-38.3244145,-7.9913941,0.0]]}},
{"type":"Feature","properties":{"name":"Praça Antônio Pires de Menezes","descricao":"Lei 1343 de 22.02.13 (antigas Vias Locais 19 e 21, Loteamento Poço do Cruz I)","codigo":"","bairro":"VILA BELA","cep":""},"geometry":{"type":"LineString","coordinates":[[-38.3216546,-7.9950559,0.0],[-38.3206702,-7.9960122,0.0]]}},
{"type":"Feature","properties":{"name":"Praça Antônio Pires de Menezes","descricao":"Lei 1343 de 22.02.13 (antigas Vias Locais 19 e 21, Loteamento Poço do Cruz I)","codigo":"","bairro":"VILA BELA","cep":""},"geometry":{"type":"LineString","coordinates":[[-38.3219309,-7.9952791,0.0],[-38.3209196,-7.9962804,0.0]]}},
{"type":"Feature","properties":{"name":"Rua João Simião da Silva","descricao":"Lei 1601 de 12.04.17","codigo":"9081","bairro":"AABB","cep":"56912572"},"geometry":{"type":"LineString","coordinates":[[-38.2860776,-7.9982417,0.0],[-38.2867857,-8.0008925,0.0]]}},
{"type":"Feature","properties":{"name":"Rua John Kennedy Pereira Mourato","descricao":"Lei 1484 de 04.09.15 (antiga Via Local 38, Loteamento Poço do Cruz II)","codigo":"","bairro":"VILA BELA","cep":"56907295"},"geometry":{"type":"LineString","coordinates":[[-38.3253963,-7.9939851,0.0],[-38.3247874,-7.9933556,0.0]]}},
{"type":"Feature","properties":{"name":"Rua Augusto Alves de Almeida","descricao":"Lei 1154 de 23.05.06 ","codigo":"278","bairro":"SÃO SEBASTIÃO","cep":"56906032"},"geometry":{"type":"LineString","coordinates":[[-38.3045884,-7.9794983,0.0],[-38.3063479,-7.979331,0.0],[-38.3068575,-7.9792088,0.0]]}},
{"type":"Feature","properties":{"name":"Travessa Conselheiro Oliveira Neto","descricao":"","codigo":"93","bairro":"SÃO SEBASTIÃO","cep":""},"geometry":{"type":"LineString","coordinates":[[-38.3060703,-7.9787493,0.0],[-38.305153,-7.9791557,0.0]]}},
{"type":"Feature","properties":{"name":"Travessa do Juazeiro","descricao":"","codigo":"277","bairro":"SÃO SEBASTIÃO","cep":"56906031"},"geometry":{"type":"LineString","coordinates":[[-38.3051581,-7.9794159,0.0],[-38.3051286,-7.9791582,0.0],[-38.3050589,-7.9791051,0.0],[-38.304611,-7.9781542,0.0]]}},
{"type":"Feature","properties":{"name":"Rua Manoel Roberto dos Santos","descricao":"Lei 1156 de 08.06.06 (antiga Rua do Juazeiro)","codigo":"92","bairro":"SÃO SEBASTIÃO","cep":"56906036"},"geometry":{"type":"LineString","coordinates":[[-38.3045488,-7.9794748,0.0],[-38.3045622,-7.9777615,0.0]]}},
{"type":"Feature","properties":{"name":"Rua Aderbal Bezerra da Silva","descricao":"Lei 1995 de 04.09.2023 (antiga Travessa do Cruzeiro e Rua Nova da Borborema)","codigo":"279","bairro":"SÃO SEBASTIÃO","cep":"56906505"},"geometry":{"type":"LineString","coordinates":[[-38.3065726,-7.9792372,0.0],[-38.3063687,-7.9778692,0.0]]}},
{"type":"Feature","properties":{"name":"Praça Ildefonso Mariano de Sousa","descricao":"Lei 1693 de 01.04.19","codigo":"950","bairro":"JOSÉ TOMÉ DE SOUZA ","cep":"56909555"},"geometry":{"type":"LineString","coordinates":[[-38.2887655,-7.9772108,0.0],[-38.2876443,-7.9757791,0.0]]}},
{"type":"Feature","properties":{"name":"Rua Helena Silva Nogueira","descricao":"Lei 1678 de 12.09.18 (antiga Rua Projetada 03, Loteamento Lions Club)","codigo":"9168","bairro":"AABB","cep":"56912273"},"geometry":{"type":"LineString","coordinates":[[-38.2923247,-7.9992794,0.0],[-38.2933815,-8.0028903,0.0]]}},
{"type":"Feature","properties":{"name":"Rua Carlos Bezerra de Magalhães","descricao":"Lei 1765 de 23.06.2020 (antiga Rua Projetada 02, Loteamento Lions Club)","codigo":"8089","bairro":"AABB","cep":"56912610"},"geometry":{"type":"LineString","coordinates":[[-38.2927695,-7.9989518,0.0],[-38.2939377,-8.0029014,0.0]]}},
{"type":"Feature","properties":{"name":"Rua Pedro Pereira Valões","descricao":"Lei 1459 de 22.05.15 (antiga Rua Projetada 04)","codigo":"1018","bairro":"AABB - NOSSA SENHORA DA CONCEIÇÃO","cep":"56912278"},"geometry":{"type":"LineString","coordinates":[[-38.2824868,-7.991363,0.0],[-38.2811953,-7.9917016,0.0]]}},
{"type":"Feature","properties":{"name":"Avenida Edvirges de Souza Magalhães","descricao":"Lei 1631 de 28.08.17 (Estrada das Pitombas)","codigo":"201","bairro":"AABB - JOSÉ ALVES CARVALHO NUNES","cep":"56912578"},"geometry":{"type":"LineString","coordinates":[[-38.2881464,-8.0004182,0.0],[-38.2864888,-8.0010583,0.0],[-38.2843162,-8.001045,0.0],[-38.2839326,-8.0011778,0.0],[-38.2822536,-8.0014328,0.0],[-38.2818164,-8.0014461,0.0],[-38.2792629,-8.0010185,0.0],[-38.2785012,-8.0008405,0.0],[-38.2772137,-8.0004182,0.0],[-38.2765458,-8.0001101,0.0]]}},
{"type":"Feature","properties":{"name":"Praça José Epaminondas Maciel","descricao":"Lei 1625 de 15.08.17 (Praça dos Universitários)","codigo":"937","bairro":"JOSÉ TOMÉ DE SOUZA ","cep":"56909542"},"geometry":{"type":"LineString","coordinates":[[-38.2885344,-7.9767703,0.0],[-38.2892787,-7.9761315,0.0],[-38.2895294,-7.9759921,0.0]]}},
{"type":"Feature","properties":{"name":"Rua José Gomes da Silva","descricao":"Lei 1565 de 14.12.16","codigo":"1519","bairro":"JOSÉ ALVES CARVALHO NUNES","cep":"56904240"},"geometry":{"type":"LineString","coordinates":[[-38.2787094,-7.9914391,0.0],[-38.2768345,-7.9918082,0.0]]}},
{"type":"Feature","properties":{"name":"Rua Projetada 01","descricao":"Vanete Almeida","codigo":"","bairro":"VANETE ALMEIDA","cep":""},"geometry":{"type":"LineString","coordinates":[[-38.3428365,-7.9981562,0.0],[-38.3412621,-7.99737,0.0]]}},
{"type":"Feature","properties":{"name":"Rua Projetada 02","descricao":"Vanete Almeida","codigo":"","bairro":"VANETE ALMEIDA","cep":""},"geometry":{"type":"LineString","coordinates":[[-38.342887,-7.9982056,0.0],[-38.3380856,-8.0048118,0.0]]}},
{"type":"Feature","properties":{"name":"Rua Projetada 03","descricao":"Vanete Almeida","codigo":"","bairro":"VANETE ALMEIDA","cep":""},"geometry":{"type":"LineString","coordinates":[[-38.340779,-7.9972076,0.0],[-38.3361986,-8.0034917,0.0]]}},
{"type":"Feature","properties":{"name":"Rua Projetada 04","descricao":"Vanete Almeida","codigo":"","bairro":"VANETE ALMEIDA","cep":""},"geometry":{"type":"LineString","coordinates":[[-38.3417151,-7.9976684,0.0],[-38.339977,-8.0000563,0.0],[-38.339977,-8.0001572,0.0],[-38.338829,-8.0017376,0.0],[-38.338703,-8.0017907,0.0],[-38.3370427,-8.0040165,0.0]]}},
{"type":"Feature","properties":{"name":"Rua Projetada 05","descricao":"Vanete Almeida","codigo":"","bairro":"VANETE ALMEIDA","cep":""},"geometry":{"type":"LineString","coordinates":[[-38.3419345,-7.9977911,0.0],[-38.3401736,-8.0001842,0.0],[-38.3400536,-8.0002427,0.0],[-38.3389314,-8.0018031,0.0],[-38.3389014,-8.0019113,0.0],[-38.3372865,-8.0041793,0.0]]}},
{"type":"Feature","properties":{"name":"Rua Projetada 06","descricao":"Vanete Almeida","codigo":"","bairro":"VANETE ALMEIDA","cep":""},"geometry":{"type":"LineString","coordinates":[[-38.3415888,-7.9977295,0.0],[-38.3408485,-7.9971797,0.0]]}},
{"type":"Feature","properties":{"name":"Rua Projetada 07","descricao":"Vanete Almeida","codigo":"","bairro":"VANETE ALMEIDA","cep":""},"geometry":{"type":"LineString","coordinates":[[-38.3413716,-7.9980179,0.0],[-38.3406608,-7.9974946,0.0]]}},
{"type":"Feature","properties":{"name":"Rua Projetada 07","descricao":"Vanete Almeida","codigo":"","bairro":"VANETE ALMEIDA","cep":""},"geometry":{"type":"LineString","coordinates":[[-38.3424605,-7.9987191,0.0],[-38.341731,-7.9981746,0.0]]}},
{"type":"Feature","properties":{"name":"Rua Projetada 08","descricao":"Vanete Almeida","codigo":"","bairro":"VANETE ALMEIDA","cep":""},"geometry":{"type":"LineString","coordinates":[[-38.3411758,-7.9983207,0.0],[-38.3404462,-7.9977894,0.0]]}},
{"type":"Feature","properties":{"name":"Rua Projetada 09","descricao":"Vanete Almeida","codigo":"","bairro":"VANETE ALMEIDA","cep":""},"geometry":{"type":"LineString","coordinates":[[-38.3419743,-7.9993471,0.0],[-38.3402309,-7.9980908,0.0]]}},
{"type":"Feature","properties":{"name":"Rua Projetada 10","descricao":"Vanete Almeida","codigo":"","bairro":"VANETE ALMEIDA","cep":""},"geometry":{"type":"LineString","coordinates":[[-38.3417544,-7.9996313,0.0],[-38.3410355,-7.999116,0.0]]}},
{"type":"Feature","properties":{"name":"Rua Projetada 10","descricao":"Vanete Almeida","codigo":"","bairro":"VANETE ALMEIDA","cep":""},"geometry":{"type":"LineString","coordinates":[[-38.340733,-7.9988894,0.0],[-38.3400168,-7.9983767,0.0]]}},
{"type":"Feature","properties":{"name":"Rua Projetada 11","descricao":"Vanete Almeida","codigo":"","bairro":"VANETE ALMEIDA","cep":""},"geometry":{"type":"LineString","coordinates":[[-38.3405259,-7.9991902,0.0],[-38.339799,-7.9986856,0.0]]}},
{"type":"Feature","properties":{"name":"Rua Projetada 11","descricao":"Vanete Almeida","codigo":"","bairro":"VANETE ALMEIDA","cep":""},"geometry":{"type":"LineString","coordinates":[[-38.3415387,-7.9999334,0.0],[-38.3408172,-7.9994288,0.0]]}},
{"type":"Feature","properties":{"name":"Rua Projetada 12","descricao":"Vanete Almeida","codigo":"","bairro":"VANETE ALMEIDA","cep":""},"geometry":{"type":"LineString","coordinates":[[-38.3395716,-7.9989856,0.0],[-38.3403065,-7.9994929,0.0]]}},
{"type":"Feature","properties":{"name":"Rua Projetada 12","descricao":"Vanete Almeida","codigo":"","bairro":"VANETE ALMEIDA","cep":""},"geometry":{"type":"LineString","coordinates":[[-38.3413361,-8.0002355,0.0],[-38.3405985,-7.9997069,0.0]]}},
{"type":"Feature","properties":{"name":"Rua Projetada 13","descricao":"Vanete Almeida","codigo":"","bairro":"VANETE ALMEIDA","cep":""},"geometry":{"type":"LineString","coordinates":[[-38.3400835,-7.9997973,0.0],[-38.339362,-7.9992713,0.0]]}},
{"type":"Feature","properties":{"name":"Rua Projetada 13","descricao":"Vanete Almeida","codigo":"","bairro":"VANETE ALMEIDA","cep":""},"geometry":{"type":"LineString","coordinates":[[-38.3411255,-8.0005124,0.0],[-38.3403986,-7.9999891,0.0]]}},
{"type":"Feature","properties":{"name":"Rua Projetada 14","descricao":"Vanete Almeida","codigo":"","bairro":"VANETE ALMEIDA","cep":""},"geometry":{"type":"LineString","coordinates":[[-38.3409065,-8.0008023,0.0],[-38.3391497,-7.999522,0.0]]}},
{"type":"Feature","properties":{"name":"Rua Projetada 15","descricao":"Vanete Almeida","codigo":"","bairro":"VANETE ALMEIDA","cep":""},"geometry":{"type":"LineString","coordinates":[[-38.3393752,-7.9997614,0.0],[-38.3382487,-8.0013072,0.0]]}},
{"type":"Feature","properties":{"name":"Rua Projetada 16","descricao":"Vanete Almeida","codigo":"","bairro":"VANETE ALMEIDA","cep":""},"geometry":{"type":"LineString","coordinates":[[-38.3396703,-7.9999765,0.0],[-38.338533,-8.001525,0.0]]}},
{"type":"Feature","properties":{"name":"Rua Projetada 17","descricao":"Vanete Almeida","codigo":"","bairro":"VANETE ALMEIDA","cep":""},"geometry":{"type":"LineString","coordinates":[[-38.3403373,-8.0004472,0.0],[-38.3392001,-8.0020117,0.0]]}},
{"type":"Feature","properties":{"name":"Rua Projetada 18","descricao":"Vanete Almeida","codigo":"","bairro":"VANETE ALMEIDA","cep":""},"geometry":{"type":"LineString","coordinates":[[-38.3406262,-8.000665,0.0],[-38.3394889,-8.0022295,0.0]]}},
{"type":"Feature","properties":{"name":"Rua Projetada 19","descricao":"Vanete Almeida","codigo":"","bairro":"VANETE ALMEIDA","cep":""},"geometry":{"type":"LineString","coordinates":[[-38.3402999,-8.0016311,0.0],[-38.3385377,-8.0003588,0.0]]}},
{"type":"Feature","properties":{"name":"Rua Projetada 20","descricao":"Vanete Almeida","codigo":"","bairro":"VANETE ALMEIDA","cep":""},"geometry":{"type":"LineString","coordinates":[[-38.3397209,-8.0024566,0.0],[-38.3379479,-8.0011684,0.0]]}},
{"type":"Feature","properties":{"name":"Rua Projetada 21","descricao":"Vanete Almeida","codigo":"","bairro":"VANETE ALMEIDA","cep":""},"geometry":{"type":"LineString","coordinates":[[-38.3394967,-8.0027464,0.0],[-38.3387645,-8.0021966,0.0]]}},
{"type":"Feature","properties":{"name":"Rua Projetada 21","descricao":"Vanete Almeida","codigo":"","bairro":"VANETE ALMEIDA","cep":""},"geometry":{"type":"LineString","coordinates":[[-38.3384738,-8.0020023,0.0],[-38.3377442,-8.0014684,0.0]]}},
{"type":"Feature","properties":{"name":"Rua Projetada 22","descricao":"Vanete Almeida","codigo":"","bairro":"VANETE ALMEIDA","cep":""},"geometry":{"type":"LineString","coordinates":[[-38.3382637,-8.0022859,0.0],[-38.3375288,-8.0017547,0.0]]}},
{"type":"Feature","properties":{"name":"Rua Projetada 22","descricao":"Vanete Almeida","codigo":"","bairro":"VANETE ALMEIDA","cep":""},"geometry":{"type":"LineString","coordinates":[[-38.3392894,-8.0030309,0.0],[-38.3385437,-8.0024864,0.0]]}},
{"type":"Feature","properties":{"name":"Rua Projetada 23","descricao":"Vanete Almeida","codigo":"","bairro":"VANETE ALMEIDA","cep":""},"geometry":{"type":"LineString","coordinates":[[-38.3390794,-8.0033125,0.0],[-38.3383284,-8.0027759,0.0]]}},
{"type":"Feature","properties":{"name":"Rua Projetada 23","descricao":"Vanete Almeida","codigo":"","bairro":"VANETE ALMEIDA","cep":""},"geometry":{"type":"LineString","coordinates":[[-38.3380521,-8.0025852,0.0],[-38.3373091,-8.0020407,0.0]]}},
{"type":"Feature","properties":{"name":"Rua Projetada 24","descricao":"Vanete Almeida","codigo":"","bairro":"VANETE ALMEIDA","cep":""},"geometry":{"type":"LineString","coordinates":[[-38.3388559,-8.003619,0.0],[-38.3370991,-8.0023467,0.0]]}},
{"type":"Feature","properties":{"name":"Rua Projetada 25","descricao":"Vanete Almeida","codigo":"","bairro":"VANETE ALMEIDA","cep":""},"geometry":{"type":"LineString","coordinates":[[-38.3386279,-8.0039271,0.0],[-38.3378984,-8.0034012,0.0]]}},
{"type":"Feature","properties":{"name":"Rua Projetada 25","descricao":"Vanete Almeida","codigo":"","bairro":"VANETE ALMEIDA","cep":""},"geometry":{"type":"LineString","coordinates":[[-38.3376273,-8.0031829,0.0],[-38.336887,-8.0026517,0.0]]}},
{"type":"Feature","properties":{"name":"Rua Projetada 26","descricao":"Vanete Almeida","codigo":"","bairro":"VANETE ALMEIDA","cep":""},"geometry":{"type":"LineString","coordinates":[[-38.3384352,-8.0042158,0.0],[-38.3376923,-8.0036846,0.0]]}},
{"type":"Feature","properties":{"name":"Rua Projetada 26","descricao":"Vanete Almeida","codigo":"","bairro":"VANETE ALMEIDA","cep":""},"geometry":{"type":"LineString","coordinates":[[-38.3373999,-8.0034641,0.0],[-38.3366623,-8.0029382,0.0]]}},
{"type":"Feature","properties":{"name":"Rua Projetada 27","descricao":"Vanete Almeida","codigo":"","bairro":"VANETE ALMEIDA","cep":""},"geometry":{"type":"LineString","coordinates":[[-38.3372006,-8.0037579,0.0],[-38.3364522,-8.0032374,0.0]]}},
{"type":"Feature","properties":{"name":"Rua Projetada 27","descricao":"Vanete Almeida","codigo":"","bairro":"VANETE ALMEIDA","cep":""},"geometry":{"type":"LineString","coordinates":[[-38.3381995,-8.0045177,0.0],[-38.3374619,-8.0039812,0.0]]}},
{"type":"Feature","properties":{"name":"Rua Projetada 28","descricao":"Vanete Almeida","codigo":"","bairro":"VANETE ALMEIDA","cep":""},"geometry":{"type":"LineString","coordinates":[[-38.3362362,-8.003505,0.0],[-38.3380158,-8.0048064,0.0]]}},
{"type":"Feature","properties":{"name":"Rua Homembom Souza Magalhães","descricao":"","codigo":"202","bairro":"BOM JESUS","cep":"56906400"},"geometry":{"type":"LineString","coordinates":[[-38.3064056,-7.9891918,0.0],[-38.3069877,-7.9901985,0.0],[-38.3072398,-7.989994,0.0]]}},
{"type":"Feature","properties":{"name":"Avenida Adriano Duque de Godoy Sousa","descricao":"prolongamento do Anel Viário (antiga Rua Collier)","codigo":"8040","bairro":"BOM JESUS","cep":""},"geometry":{"type":"LineString","coordinates":[[-38.3095254,-7.9905998,0.0],[-38.3101969,-7.990591,0.0],[-38.3104767,-7.9906102,0.0],[-38.3108205,-7.9906703,0.0],[-38.311046,-7.990719,0.0],[-38.3116818,-7.9911563,0.0],[-38.3122948,-7.9916081,0.0]]}},
{"type":"Feature","properties":{"name":"Travessa Beira Rio","descricao":"","codigo":"244","bairro":"BOM JESUS","cep":"56906394"},"geometry":{"type":"LineString","coordinates":[[-38.3095697,-7.9906442,0.0],[-38.3095616,-7.9910374,0.0]]}},
{"type":"Feature","properties":{"name":"Rua da Praia","descricao":"Lei 1244 de 23.10.09 (antiga Rua do Matadouro)","codigo":"245","bairro":"BOM JESUS","cep":"56906215"},"geometry":{"type":"LineString","coordinates":[[-38.3113247,-7.9916971,0.0],[-38.310689,-7.9906692,0.0]]}},
{"type":"Feature","properties":{"name":"Travessa Ezaquiel Nunes de Menezes","descricao":"Lei 435 de 12.05.77 (antiga Travessa 08, conhecida como R. Nsa. Sra. da Penha)","codigo":"254","bairro":"BOM JESUS","cep":"56906295"},"geometry":{"type":"LineString","coordinates":[[-38.307072,-7.9879021,0.0],[-38.3064202,-7.986914,0.0],[-38.3057953,-7.9858994,0.0]]}},
{"type":"Feature","properties":{"name":"Rua Antônio Timóteo de Lima","descricao":"Lei 438 de 12.05.77 (antiga Rua Oito)","codigo":"32","bairro":"BOM JESUS","cep":"56906210"},"geometry":{"type":"LineString","coordinates":[[-38.3110424,-7.9847072,0.0],[-38.3100392,-7.9853261,0.0],[-38.3101009,-7.9855054,0.0],[-38.3093655,-7.9857392,0.0],[-38.3089068,-7.9858614,0.0],[-38.3087244,-7.9859411,0.0],[-38.3085903,-7.9860845,0.0],[-38.3060825,-7.9878775,0.0],[-38.3058733,-7.9880953,0.0]]}},
{"type":"Feature","properties":{"name":"Rua Maria Alves de Souza","descricao":"Lei 439 de 12.02.77 (antiga Rua H)","codigo":"203","bairro":"BOM JESUS","cep":"56906180"},"geometry":{"type":"LineString","coordinates":[[-38.3064333,-7.987018,0.0],[-38.3052907,-7.987605,0.0]]}},
{"type":"Feature","properties":{"name":"Rua Tabelião Antônio Alves","descricao":"Lei 440 de 12.05.77 (antiga Rua 3)","codigo":"222","bairro":"BOM JESUS","cep":"56906310"},"geometry":{"type":"LineString","coordinates":[[-38.3124639,-7.9869747,0.0],[-38.3122198,-7.9871208,0.0],[-38.3119892,-7.9871925,0.0],[-38.3108385,-7.9874688,0.0],[-38.3100311,-7.9877132,0.0],[-38.3099373,-7.9877875,0.0],[-38.3097307,-7.9878539,0.0],[-38.3092479,-7.9879708,0.0],[-38.3084969,-7.9882125,0.0],[-38.3080168,-7.9883506,0.0],[-38.3076332,-7.9883825,0.0],[-38.3072711,-7.9884569,0.0]]}},
{"type":"Feature","properties":{"name":"Rua Capitão Arlindo Rocha","descricao":"Lei 441 de 12.05.77 (antiga Rua Quatro)","codigo":"28","bairro":"BOM JESUS","cep":"56906260"},"geometry":{"type":"LineString","coordinates":[[-38.3166344,-7.9815814,0.0],[-38.3152397,-7.9835736,0.0],[-38.3147408,-7.9841154,0.0],[-38.3120264,-7.9861448,0.0],[-38.311211,-7.9867397,0.0],[-38.3107362,-7.9869363,0.0],[-38.3095587,-7.9872019,0.0],[-38.3094407,-7.9873453,0.0],[-38.3070858,-7.987931,0.0],[-38.3061577,-7.9883653,0.0],[-38.3070858,-7.987931,0.0],[-38.3094407,-7.9873453,0.0],[-38.3095587,-7.9872019,0.0],[-38.3107362,-7.9869363,0.0],[-38.3078314,-7.9879669,0.0],[-38.3072359,-7.9881449,0.0]]}},
{"type":"Feature","properties":{"name":"Rua João Batista do Nascimento","descricao":"Lei 442 de 12.05.77 (antiga Rua 2 e Rua Francisco Alves)","codigo":"30","bairro":"BOM JESUS","cep":"56906330"},"geometry":{"type":"LineString","coordinates":[[-38.306681,-7.9890024,0.0],[-38.3073114,-7.9888337,0.0],[-38.3107527,-7.9880648,0.0],[-38.3114822,-7.9878948,0.0],[-38.312488,-7.9876717,0.0]]}},
{"type":"Feature","properties":{"name":"Travessa Álvaro Batista Gaia","descricao":"Lei 443 de 12.05.77 (antigas Travessas 01 e 02)","codigo":"240","bairro":"BOM JESUS","cep":"56906393"},"geometry":{"type":"LineString","coordinates":[[-38.3077499,-7.9897589,0.0],[-38.3074307,-7.9898001,0.0],[-38.3073288,-7.9888903,0.0],[-38.3071437,-7.9879793,0.0]]}},
{"type":"Feature","properties":{"name":"Rua Capitão Manoel Inácio de Medeiros","descricao":"PL 22 de 24.07.77 não aprovado (antiga Rua Um)","codigo":"29","bairro":"BOM JESUS","cep":"56906430"},"geometry":{"type":"LineString","coordinates":[[-38.3077089,-7.9891602,0.0],[-38.3105212,-7.9885672,0.0],[-38.3128374,-7.9881097,0.0]]}},
{"type":"Feature","properties":{"name":"Rua Manoel Batista Gaia","descricao":"Lei 1211 de 27.03.08 (antiga Rua Cinco)","codigo":"225","bairro":"BOM JESUS","cep":"56906205"},"geometry":{"type":"LineString","coordinates":[[-38.3118034,-7.985888,0.0],[-38.3112911,-7.9861085,0.0],[-38.3104354,-7.9863395,0.0],[-38.3087511,-7.9869027,0.0],[-38.3104354,-7.9863395,0.0],[-38.3109558,-7.9860315,0.0]]}},
{"type":"Feature","properties":{"name":"Travessa Capitão Arlindo Rocha","descricao":"","codigo":"226","bairro":"BOM JESUS","cep":"56906263"},"geometry":{"type":"LineString","coordinates":[[-38.3088345,-7.9874504,0.0],[-38.308628,-7.9866111,0.0]]}},
{"type":"Feature","properties":{"name":"Rua Arlindo de Sena Brasil","descricao":"Lei 1818 de 01.03.2021 (antiga Rua Sete)","codigo":"36","bairro":"BOM JESUS","cep":""},"geometry":{"type":"LineString","coordinates":[[-38.3112166,-7.9849935,0.0],[-38.3091969,-7.9862764,0.0],[-38.3084164,-7.9866509,0.0]]}},
{"type":"Feature","properties":{"name":"Ponte Sebastião Andrada Oliveira","descricao":"Lei 1269 de 01.06.10 (Tião)","codigo":"","bairro":"NOSSA SENHORA DA PENHA","cep":"0"},"geometry":{"type":"LineString","coordinates":[[-38.3021254,-7.9953175,0.0],[-38.3012702,-7.9938598,0.0]]}},
{"type":"Feature","properties":{"name":"Rua João Romão Filho","descricao":"Lei 1296 de 01.06.11 (antiga Travessa Sete)","codigo":"132","bairro":"BOM JESUS","cep":"56906345"},"geometry":{"type":"LineString","coordinates":[[-38.3101563,-7.9882063,0.0],[-38.3104272,-7.9896114,0.0],[-38.3105103,-7.9904374,0.0]]}},
{"type":"Feature","properties":{"name":"Travessa Miguel Mariano","descricao":"","codigo":"249","bairro":"BOM JESUS","cep":"56906392"},"geometry":{"type":"LineString","coordinates":[[-38.3094318,-7.9905405,0.0],[-38.3092762,-7.9898207,0.0]]}},
{"type":"Feature","properties":{"name":"Avenida Adriano Duque de Godoy Sousa","descricao":"prolongamento do Anel Viário (antiga Rua Beira Rio)","codigo":"8040","bairro":"BOM JESUS","cep":""},"geometry":{"type":"LineString","coordinates":[[-38.3066273,-7.9891229,0.0],[-38.3071396,-7.989779,0.0],[-38.3076036,-7.9901721,0.0],[-38.3079381,-7.9903376,0.0],[-38.3088518,-7.9905938,0.0],[-38.3094375,-7.9906006,0.0]]}},
{"type":"Feature","properties":{"name":"Rua Miguel Mariano de Souza","descricao":"Lei 436 12.05.77 (antiga Rua Onze)","codigo":"35","bairro":"BOM JESUS","cep":"56906370"},"geometry":{"type":"LineString","coordinates":[[-38.3088706,-7.9898394,0.0],[-38.3090423,-7.9897837,0.0],[-38.3093159,-7.9897491,0.0],[-38.3104075,-7.9896641,0.0],[-38.3106409,-7.989619,0.0],[-38.3129476,-7.9894091,0.0]]}},
{"type":"Feature","properties":{"name":"Rua Joaquim Timóteo de Lima","descricao":"","codigo":"221","bairro":"BOM JESUS","cep":"56906185"},"geometry":{"type":"LineString","coordinates":[[-38.3043557,-7.9863716,0.0],[-38.3044308,-7.9868657,0.0],[-38.3057136,-7.9880092,0.0],[-38.3060656,-7.9883373,0.0]]}},
{"type":"Feature","properties":{"name":"Rua Rio Branco","descricao":"","codigo":"248","bairro":"BOM JESUS","cep":"56906350"},"geometry":{"type":"LineString","coordinates":[[-38.3117989,-7.9910306,0.0],[-38.3117922,-7.9902045,0.0],[-38.3117278,-7.9894953,0.0],[-38.3116313,-7.9889029,0.0]]}},
{"type":"Feature","properties":{"name":"Travessa Rio Branco","descricao":"","codigo":"242","bairro":"BOM JESUS","cep":"56906351"},"geometry":{"type":"LineString","coordinates":[[-38.3123843,-7.9890069,0.0],[-38.3117191,-7.9890999,0.0]]}},
{"type":"Feature","properties":{"name":"Travessa Granja","descricao":"","codigo":"256","bairro":"BOM JESUS","cep":"56906420"},"geometry":{"type":"LineString","coordinates":[[-38.3121824,-7.9904617,0.0],[-38.3121636,-7.9901933,0.0],[-38.3121569,-7.9900751,0.0],[-38.312456,-7.9903606,0.0],[-38.3121569,-7.9900751,0.0],[-38.3121529,-7.9899517,0.0],[-38.3122072,-7.9898813,0.0],[-38.3123313,-7.989864,0.0],[-38.3122072,-7.9898813,0.0],[-38.3121529,-7.9899517,0.0]]}},
{"type":"Feature","properties":{"name":"Rua Pedro Ferraz","descricao":"","codigo":"247","bairro":"BOM JESUS","cep":"56906305"},"geometry":{"type":"LineString","coordinates":[[-38.3118406,-7.9905057,0.0],[-38.3121517,-7.9904897,0.0]]}},
{"type":"Feature","properties":{"name":"Travessa Quatro","descricao":"Bom Jesus","codigo":"205","bairro":"BOM JESUS","cep":"56906391"},"geometry":{"type":"LineString","coordinates":[[-38.3085967,-7.9904243,0.0],[-38.3085592,-7.9902596,0.0],[-38.3080228,-7.9893512,0.0],[-38.3079798,-7.9891759,0.0]]}},
{"type":"Feature","properties":{"name":"Travessa Três","descricao":"Bom Jesus","codigo":"204","bairro":"BOM JESUS","cep":"56906322"},"geometry":{"type":"LineString","coordinates":[[-38.3079417,-7.9902567,0.0],[-38.3076923,-7.9894306,0.0],[-38.3076226,-7.9888383,0.0]]}},
{"type":"Feature","properties":{"name":"Rua Vila Nova","descricao":"","codigo":"224","bairro":"BOM JESUS","cep":"56906290"},"geometry":{"type":"LineString","coordinates":[[-38.3130733,-7.987799,0.0],[-38.3129634,-7.9875016,0.0],[-38.3120085,-7.9862505,0.0]]}},
{"type":"Feature","properties":{"name":"Rua do Retiro","descricao":"","codigo":"223","bairro":"BOM JESUS","cep":"56906300"},"geometry":{"type":"LineString","coordinates":[[-38.3129714,-7.9883585,0.0],[-38.3129258,-7.9882097,0.0],[-38.3117483,-7.9864141,0.0]]}},
{"type":"Feature","properties":{"name":"Travessa do Retiro","descricao":"","codigo":"228","bairro":"BOM JESUS","cep":""},"geometry":{"type":"LineString","coordinates":[[-38.3119288,-7.9868046,0.0],[-38.3114031,-7.9870782,0.0]]}},
{"type":"Feature","properties":{"name":"Travessa Antônio Medeiros","descricao":"","codigo":"43","bairro":"BOM JESUS","cep":"56906195"},"geometry":{"type":"LineString","coordinates":[[-38.3110556,-7.9879367,0.0],[-38.3109402,-7.987432,0.0],[-38.310782,-7.9870203,0.0]]}},
{"type":"Feature","properties":{"name":"Travessa Seis","descricao":"","codigo":"207","bairro":"BOM JESUS","cep":"56906321"},"geometry":{"type":"LineString","coordinates":[[-38.30978,-7.9882256,0.0],[-38.3091792,-7.9863344,0.0]]}},
{"type":"Feature","properties":{"name":"Avenida Antônio Romão de Farias","descricao":"Lei 602 de 13.10.85","codigo":"227","bairro":"BOM JESUS","cep":"56906170"},"geometry":{"type":"LineString","coordinates":[[-38.3047045,-7.9815381,0.0],[-38.3064748,-7.9837428,0.0],[-38.3079393,-7.9865557,0.0],[-38.3084274,-7.9875836,0.0]]}},
{"type":"Feature","properties":{"name":"Rua José Dias da Silva","descricao":"Lei 1497 de 18.11.15 (antiga Rua Projetada 02)","codigo":"270","bairro":"BOM JESUS","cep":"56906255"},"geometry":{"type":"LineString","coordinates":[[-38.3061181,-7.9857702,0.0],[-38.3063112,-7.986158,0.0],[-38.3072473,-7.98581,0.0],[-38.3070462,-7.9854142,0.0]]}},
{"type":"Feature","properties":{"name":"Rua Livino Gomes","descricao":"Conhecida como Rua Projetada Sebastião Inácio de Oliveira","codigo":"33","bairro":"BOM JESUS","cep":"56916140"},"geometry":{"type":"LineString","coordinates":[[-38.3060967,-7.985725,0.0],[-38.3069871,-7.9853983,0.0]]}},
{"type":"Feature","properties":{"name":"Rua José Carlos de Oliveira","descricao":"Conhecida por Rua Nove","codigo":"230","bairro":"BOM JESUS","cep":"56906160"},"geometry":{"type":"LineString","coordinates":[[-38.3048428,-7.9871799,0.0],[-38.3062322,-7.9866779,0.0],[-38.3063368,-7.986723,0.0],[-38.3076967,-7.9860536,0.0],[-38.3077611,-7.9859501,0.0],[-38.3110039,-7.9846565,0.0]]}},
{"type":"Feature","properties":{"name":"Rua Teodora Maria Nogueira","descricao":"","codigo":"130","bairro":"BOM JESUS","cep":"56906270"},"geometry":{"type":"LineString","coordinates":[[-38.3073451,-7.9878417,0.0],[-38.3072539,-7.9875363,0.0],[-38.3070501,-7.9872468,0.0]]}},
{"type":"Feature","properties":{"name":"Rua Seis","descricao":"","codigo":"41","bairro":"BOM JESUS","cep":"56906240"},"geometry":{"type":"LineString","coordinates":[[-38.3114557,-7.9853935,0.0],[-38.3109434,-7.9857149,0.0],[-38.3109876,-7.9859447,0.0],[-38.3109434,-7.9857149,0.0],[-38.3108602,-7.985691,0.0],[-38.310305,-7.9859008,0.0]]}},
{"type":"Feature","properties":{"name":"Travessa Livino Gomes","descricao":"","codigo":"133","bairro":"BOM JESUS","cep":"56906141"},"geometry":{"type":"LineString","coordinates":[[-38.308876,-7.9863609,0.0],[-38.3082028,-7.9847167,0.0]]}},
{"type":"Feature","properties":{"name":"Travessa S Um","descricao":"","codigo":"217","bairro":"BOM JESUS","cep":""},"geometry":{"type":"LineString","coordinates":[[-38.3108386,-7.9890365,0.0],[-38.3107179,-7.9885876,0.0]]}},
{"type":"Feature","properties":{"name":"Travessa S Dois","descricao":"","codigo":"34","bairro":"BOM JESUS","cep":""},"geometry":{"type":"LineString","coordinates":[[-38.311426,-7.9888612,0.0],[-38.3113241,-7.9884601,0.0]]}},
{"type":"Feature","properties":{"name":"Rua Dez","descricao":"","codigo":"229","bairro":"BOM JESUS","cep":"56906150"},"geometry":{"type":"LineString","coordinates":[[-38.3096732,-7.9845469,0.0],[-38.3083991,-7.9850171,0.0]]}},
{"type":"Feature","properties":{"name":"Rua Livino Gomes","descricao":"","codigo":"33","bairro":"BOM JESUS","cep":"56906140"},"geometry":{"type":"LineString","coordinates":[[-38.3096034,-7.9841644,0.0],[-38.3071599,-7.9850596,0.0],[-38.3069252,-7.9851552,0.0],[-38.3060699,-7.9857131,0.0],[-38.3043946,-7.9863265,0.0]]}},
{"type":"Feature","properties":{"name":"Rua Bela Vista","descricao":"","codigo":"234","bairro":"BOM JESUS","cep":"56906100"},"geometry":{"type":"LineString","coordinates":[[-38.3101533,-7.983163,0.0],[-38.3069856,-7.9846293,0.0]]}},
{"type":"Feature","properties":{"name":"Rua Rodolfo Lourenço da Silva","descricao":"Lei 1628 de 15.08.17 (antiga Rua do Sertão)","codigo":"239","bairro":"BOM JESUS","cep":"56906474"},"geometry":{"type":"LineString","coordinates":[[-38.3119909,-7.9860884,0.0],[-38.3103119,-7.9834136,0.0],[-38.3101751,-7.9831188,0.0],[-38.3099632,-7.9824547,0.0],[-38.3094777,-7.9814241,0.0]]}},
{"type":"Feature","properties":{"name":"Travessa Nove","descricao":"","codigo":"581","bairro":"BOM JESUS","cep":"56906225"},"geometry":{"type":"LineString","coordinates":[[-38.3106056,-7.984751,0.0],[-38.3104554,-7.9843287,0.0],[-38.310737,-7.98418,0.0]]}},
{"type":"Feature","properties":{"name":"Travessa Bela Vista","descricao":"Travessa Bela Vista Um","codigo":"235","bairro":"BOM JESUS","cep":"56906101"},"geometry":{"type":"LineString","coordinates":[[-38.3102341,-7.9849131,0.0],[-38.3099122,-7.9833247,0.0]]}},
{"type":"Feature","properties":{"name":"Rua Boa Vista","descricao":"","codigo":"44","bairro":"BOM JESUS","cep":"56906130"},"geometry":{"type":"LineString","coordinates":[[-38.3098726,-7.9850314,0.0],[-38.3096929,-7.98454,0.0],[-38.3095266,-7.9834908,0.0]]}},
{"type":"Feature","properties":{"name":"Travessa Bela Vista II","descricao":"","codigo":"299","bairro":"BOM JESUS","cep":"56906102"},"geometry":{"type":"LineString","coordinates":[[-38.3093359,-7.9839582,0.0],[-38.3083783,-7.9843248,0.0],[-38.308271,-7.9840565,0.0]]}},
{"type":"Feature","properties":{"name":"Travessa Bela Vista III","descricao":"","codigo":"17248","bairro":"BOM JESUS","cep":""},"geometry":{"type":"LineString","coordinates":[[-38.3080203,-7.9844738,0.0],[-38.3078942,-7.9842135,0.0]]}},
{"type":"Feature","properties":{"name":"Rua do Sol","descricao":"","codigo":"241","bairro":"BOM JESUS","cep":"56906070"},"geometry":{"type":"LineString","coordinates":[[-38.3099273,-7.9831892,0.0],[-38.3092756,-7.981893,0.0],[-38.3087525,-7.9802647,0.0],[-38.308825,-7.9799964,0.0]]}},
{"type":"Feature","properties":{"name":"Travessa do Sol","descricao":"Travessa do Sol I","codigo":"131","bairro":"BOM JESUS","cep":"56906103"},"geometry":{"type":"LineString","coordinates":[[-38.3096727,-7.9828024,0.0],[-38.3068376,-7.984327,0.0]]}},
{"type":"Feature","properties":{"name":"Rua da Aurora","descricao":"","codigo":"253","bairro":"BOM JESUS","cep":"56906120"},"geometry":{"type":"LineString","coordinates":[[-38.3090795,-7.9830567,0.0],[-38.3088488,-7.9821111,0.0]]}},
{"type":"Feature","properties":{"name":"Travessa Luiz Brás da Silva","descricao":"Lei 1155 de 23.05.06 (antiga Travessa Central)","codigo":"98","bairro":"BOM JESUS","cep":"56906034"},"geometry":{"type":"LineString","coordinates":[[-38.308268,-7.9834938,0.0],[-38.3075894,-7.9820488,0.0],[-38.3071415,-7.9805773,0.0]]}},
{"type":"Feature","properties":{"name":"Travessa da Aurora","descricao":"","codigo":"243","bairro":"BOM JESUS","cep":"56906121"},"geometry":{"type":"LineString","coordinates":[[-38.3089812,-7.9828331,0.0],[-38.3081524,-7.9831784,0.0]]}},
{"type":"Feature","properties":{"name":"Rua João David","descricao":"","codigo":"252","bairro":"BOM JESUS","cep":"56906110"},"geometry":{"type":"LineString","coordinates":[[-38.3088694,-7.9824081,0.0],[-38.3079843,-7.9827959,0.0]]}},
{"type":"Feature","properties":{"name":"Rua da Glória","descricao":"","codigo":"251","bairro":"BOM JESUS","cep":"56906080"},"geometry":{"type":"LineString","coordinates":[[-38.3095668,-7.9817603,0.0],[-38.3078528,-7.9824988,0.0]]}},
{"type":"Feature","properties":{"name":"Rua Manoel de Lima Magalhães","descricao":"Lei 952 de 03.11.98 (antiga Travessa do Sol II)","codigo":"134","bairro":"BOM JESUS","cep":"56906072"},"geometry":{"type":"LineString","coordinates":[[-38.3091072,-7.9815168,0.0],[-38.3076454,-7.9820321,0.0]]}},
{"type":"Feature","properties":{"name":"Rua Manoel de Lima Magalhães","descricao":"Prolongamento","codigo":"134","bairro":"BOM JESUS","cep":"56906072"},"geometry":{"type":"LineString","coordinates":[[-38.3075475,-7.9820736,0.0],[-38.3067375,-7.9823711,0.0]]}},
{"type":"Feature","properties":{"name":"Rua São Francisco","descricao":"","codigo":"","bairro":"BOM JESUS","cep":""},"geometry":{"type":"LineString","coordinates":[[-38.3112087,-7.980756,0.0],[-38.3118524,-7.9805382,0.0],[-38.3125391,-7.980416,0.0]]}},
{"type":"Feature","properties":{"name":"Rua Vigia Belarmino Luiz Silva","descricao":"Lei 747 de 20.07.90 (antiga Rua do Meio)","codigo":"97","bairro":"BOM JESUS","cep":"56906040"},"geometry":{"type":"LineString","coordinates":[[-38.3070868,-7.9821932,0.0],[-38.3067837,-7.9806871,0.0]]}},
{"type":"Feature","properties":{"name":"Rua José Pereira de Souza","descricao":"Lei 759 de 30.07.90 (Zé da Serra, antiga Rua São Pedro)","codigo":"96","bairro":"BOM JESUS","cep":"56906060"},"geometry":{"type":"LineString","coordinates":[[-38.3073698,-7.9814667,0.0],[-38.3064766,-7.9815596,0.0]]}},
{"type":"Feature","properties":{"name":"Rua Padre Cícero","descricao":"","codigo":"260","bairro":"BOM JESUS","cep":""},"geometry":{"type":"LineString","coordinates":[[-38.306729,-7.9824948,0.0],[-38.306214,-7.9808798,0.0]]}},
{"type":"Feature","properties":{"name":"Rua São Francisco","descricao":"","codigo":"267","bairro":"BOM JESUS","cep":"56906465"},"geometry":{"type":"LineString","coordinates":[[-38.3089392,-7.9810418,0.0],[-38.3079038,-7.9813393,0.0]]}},
{"type":"Feature","properties":{"name":"Travessa São Francisco","descricao":"","codigo":"331","bairro":"BOM JESUS","cep":""},"geometry":{"type":"LineString","coordinates":[[-38.3078868,-7.981284,0.0],[-38.3077581,-7.9808992,0.0],[-38.3075435,-7.980355,0.0],[-38.3077581,-7.9808992,0.0],[-38.3081711,-7.9807435,0.0],[-38.3082623,-7.9809998,0.0]]}},
{"type":"Feature","properties":{"name":"Rua Antônio Luiz de Souza","descricao":"Lei 1740 de 08.12.19 (Malhada)","codigo":"178","bairro":"BOM JESUS","cep":""},"geometry":{"type":"LineString","coordinates":[[-38.3105708,-7.9798846,0.0],[-38.3137653,-7.9848358,0.0]]}},
{"type":"Feature","properties":{"name":"Rua Francisco de Assis Magalhães","descricao":"Lei 1772 de 01.09.2020 (antiga Rua Projetada 01, Malhada)","codigo":"717","bairro":"BOM JESUS","cep":"56906425"},"geometry":{"type":"LineString","coordinates":[[-38.3125149,-7.9856869,0.0],[-38.3114313,-7.9837638,0.0]]}},
{"type":"Feature","properties":{"name":"Rua Projetada Dois","descricao":"Baixa Renda/Malhada","codigo":"","bairro":"BOM JESUS","cep":""},"geometry":{"type":"LineString","coordinates":[[-38.3128818,-7.9860887,0.0],[-38.3126377,-7.985754,0.0]]}},
{"type":"Feature","properties":{"name":"Rua Tabelião Antônio Alves","descricao":"antiga Rua Projetada 03 - Baixa Renda/Malhada (prolongamento sem lei)","codigo":"222","bairro":"BOM JESUS","cep":"56906310"},"geometry":{"type":"LineString","coordinates":[[-38.3126739,-7.9862933,0.0],[-38.3146333,-7.9848257,0.0],[-38.3155774,-7.9840674,0.0]]}},
{"type":"Feature","properties":{"name":"Rua Antônio Saturnino Alves","descricao":"Lei 1629 de 15.08.2017 (antiga Rua Projetada ao lado da chácara de Jazon, Malhada)","codigo":"799","bairro":"BOM JESUS","cep":"56906245"},"geometry":{"type":"LineString","coordinates":[[-38.3157706,-7.9842521,0.0],[-38.3152555,-7.9836145,0.0]]}},
{"type":"Feature","properties":{"name":"Rua Manoel Luiz de Souza","descricao":"Lei 1736 de 05.12.19 (Manoel Fogoió, antiga Rua Projetada Cinco, Malhada)","codigo":"9193","bairro":"BOM JESUS","cep":""},"geometry":{"type":"LineString","coordinates":[[-38.3154253,-7.9830812,0.0],[-38.3136389,-7.9845554,0.0]]}},
{"type":"Feature","properties":{"name":"Rua Projetada Seis (Malhada)","descricao":"Baixa Renda/Malhada","codigo":"887","bairro":"BOM JESUS","cep":""},"geometry":{"type":"LineString","coordinates":[[-38.3145259,-7.9830793,0.0],[-38.3137803,-7.9836531,0.0]]}},
{"type":"Feature","properties":{"name":"Rua Antônio Mariano","descricao":"Antiga Rua Projetada Baixa Renda","codigo":"720","bairro":"BOM JESUS","cep":"56906285"},"geometry":{"type":"LineString","coordinates":[[-38.3143019,-7.9831994,0.0],[-38.3134785,-7.9820506,0.0],[-38.3127033,-7.9808593,0.0],[-38.3124753,-7.9797862,0.0]]}},
{"type":"Feature","properties":{"name":"Rua José Luiz de Souza","descricao":"","codigo":"269","bairro":"BOM JESUS","cep":"56906265"},"geometry":{"type":"LineString","coordinates":[[-38.3126618,-7.9808781,0.0],[-38.3118812,-7.9811915,0.0],[-38.3115728,-7.9813907,0.0]]}},
{"type":"Feature","properties":{"name":"Rua Manoel João","descricao":"","codigo":"1014","bairro":"BOM JESUS","cep":""},"geometry":{"type":"LineString","coordinates":[[-38.3128838,-7.981213,0.0],[-38.3118619,-7.9818134,0.0]]}},
{"type":"Feature","properties":{"name":"Rua da Esperança","descricao":"","codigo":"597","bairro":"BOM JESUS","cep":"56906275"},"geometry":{"type":"LineString","coordinates":[[-38.313105,-7.9815699,0.0],[-38.3121448,-7.9822366,0.0]]}},
{"type":"Feature","properties":{"name":"Rua Manoel Mariano dos Prazeres","descricao":"","codigo":"7035","bairro":"BOM JESUS","cep":""},"geometry":{"type":"LineString","coordinates":[[-38.314915,-7.981677,0.0],[-38.3145214,-7.9816447,0.0],[-38.3141485,-7.9817111,0.0],[-38.3123246,-7.9825558,0.0]]}},
{"type":"Feature","properties":{"name":"Rua Projetada Joaquim Gonçalo","descricao":"","codigo":"901","bairro":"BOM JESUS","cep":""},"geometry":{"type":"LineString","coordinates":[[-38.3140448,-7.9822649,0.0],[-38.3125253,-7.9830711,0.0],[-38.3108235,-7.9840313,0.0]]}},
{"type":"Feature","properties":{"name":"Rua Projetada Oito (Malhada)","descricao":"Baixa Renda/Malhada","codigo":"908","bairro":"BOM JESUS","cep":""},"geometry":{"type":"LineString","coordinates":[[-38.3142386,-7.9826335,0.0],[-38.3139228,-7.9828486,0.0],[-38.3134004,-7.9831594,0.0],[-38.3129311,-7.9834782,0.0]]}},
{"type":"Feature","properties":{"name":"Travessa José Luiz de Souza","descricao":"Malhada","codigo":"940","bairro":"BOM JESUS","cep":""},"geometry":{"type":"LineString","coordinates":[[-38.3149071,-7.985194,0.0],[-38.3131235,-7.9827847,0.0]]}},
{"type":"Feature","properties":{"name":"Rua Projetada Seis (Malhada)","descricao":"Baixa Renda/Malhada","codigo":"887","bairro":"BOM JESUS","cep":""},"geometry":{"type":"LineString","coordinates":[[-38.3138321,-7.9838523,0.0],[-38.3133707,-7.9841737,0.0]]}},
{"type":"Feature","properties":{"name":"Rua Projetada Sete (Malhada)","descricao":"Baixa Renda/Malhada","codigo":"894","bairro":"BOM JESUS","cep":""},"geometry":{"type":"LineString","coordinates":[[-38.3136094,-7.9835096,0.0],[-38.3131266,-7.9838178,0.0]]}},
{"type":"Feature","properties":{"name":"Travessa José Rodrigues dos Santos","descricao":"Lei 1338 de 10.12.12 (Zé Pequeno)","codigo":"17361","bairro":"CACHOEIRA","cep":"56905060"},"geometry":{"type":"LineString","coordinates":[[-38.3231479,-7.984114,0.0],[-38.3230567,-7.984887,0.0]]}},
{"type":"Feature","properties":{"name":"Avenida Manoel Gomes de Souza","descricao":"Lei 2122 de 24.09.2025 (antiga Avenida Projetada Cachoeira II)","codigo":"1103","bairro":"CACHOEIRA","cep":""},"geometry":{"type":"LineString","coordinates":[[-38.3224918,-7.9845696,0.0],[-38.3227841,-7.9839136,0.0],[-38.3229907,-7.9829361,0.0],[-38.3231757,-7.9791536,0.0],[-38.3234439,-7.9759767,0.0]]}},
{"type":"Feature","properties":{"name":"Rua S/D","descricao":"","codigo":"","bairro":"CACHOEIRA","cep":""},"geometry":{"type":"LineString","coordinates":[[-38.3229881,-7.9811537,0.0],[-38.3201584,-7.9798788,0.0]]}},
{"type":"Feature","properties":{"name":"Rua S/D","descricao":"","codigo":"","bairro":"CACHOEIRA","cep":""},"geometry":{"type":"LineString","coordinates":[[-38.3224345,-7.9809851,0.0],[-38.3220563,-7.9815961,0.0]]}},
{"type":"Feature","properties":{"name":"Vila DNOCS","descricao":"","codigo":"86","bairro":"CACHOEIRA","cep":""},"geometry":{"type":"LineString","coordinates":[[-38.3232543,-7.977319,0.0],[-38.3221412,-7.9774333,0.0]]}},
{"type":"Feature","properties":{"name":"Rua S/D","descricao":"","codigo":"","bairro":"CACHOEIRA","cep":""},"geometry":{"type":"LineString","coordinates":[[-38.3231604,-7.9788501,0.0],[-38.3227882,-7.9788103,0.0],[-38.3227187,-7.9787625,0.0],[-38.3223596,-7.9782033,0.0],[-38.3222591,-7.9781296,0.0],[-38.3220727,-7.9780931,0.0],[-38.322023,-7.9780493,0.0],[-38.3219734,-7.9779922,0.0],[-38.3218823,-7.9779006,0.0],[-38.3217683,-7.9778262,0.0],[-38.3216643,-7.9777385,0.0],[-38.3215976,-7.9777053,0.0],[-38.3211916,-7.9778381,0.0]]}},
{"type":"Feature","properties":{"name":"Rua Mariano Nogueira Peixoto","descricao":"Existe uma rua com mesmo nome no Bairro Tancredo Neves com Lei aprovada.","codigo":"1106","bairro":"CACHOEIRA","cep":"56905010"},"geometry":{"type":"LineString","coordinates":[[-38.3233083,-7.9782768,0.0],[-38.3269078,-7.9784999,0.0]]}},
{"type":"Feature","properties":{"name":"Rua Professora Maria Luiza Duarte de Sá","descricao":"Existe uma rua com mesmo nome no Bairro Vila Bela com Lei aprovada.","codigo":"1512","bairro":"CACHOEIRA","cep":"56905020"},"geometry":{"type":"LineString","coordinates":[[-38.3232614,-7.9787767,0.0],[-38.3268797,-7.9790238,0.0]]}},
{"type":"Feature","properties":{"name":"Rua Projetada Doutor Sebastião Pereira de Aguiar","descricao":"","codigo":"1105","bairro":"CACHOEIRA","cep":"56905030"},"geometry":{"type":"LineString","coordinates":[[-38.3232116,-7.9793487,0.0],[-38.3268594,-7.9796117,0.0]]}},
{"type":"Feature","properties":{"name":"Rua Projetada Iracema Deusdete Ferraz","descricao":"","codigo":"1109","bairro":"CACHOEIRA","cep":"56905040"},"geometry":{"type":"LineString","coordinates":[[-38.324675,-7.9783823,0.0],[-38.3245919,-7.9794368,0.0]]}},
{"type":"Feature","properties":{"name":"Rua Projetada Olímpio Cavalcante de Araújo","descricao":"","codigo":"1108","bairro":"CACHOEIRA","cep":""},"geometry":{"type":"LineString","coordinates":[[-38.3259339,-7.979504,0.0],[-38.3260064,-7.9784654,0.0]]}},
{"type":"Feature","properties":{"name":"Rua S/D","descricao":"","codigo":"","bairro":"AABB","cep":""},"geometry":{"type":"LineString","coordinates":[[-38.2961811,-7.9964938,0.0],[-38.2969489,-7.9970011,0.0],[-38.2977328,-7.997454,0.0]]}},
{"type":"Feature","properties":{"name":"Rua Antônio Baião da Silva","descricao":"Lei 1793 de 13.11.2020 (antiga Rua Projetada)","codigo":"9172","bairro":"AABB","cep":"56912556"},"geometry":{"type":"LineString","coordinates":[[-38.2936316,-7.9971266,0.0],[-38.2951148,-7.9992555,0.0]]}},
{"type":"Feature","properties":{"name":"Rua Conj Hab Ten PM David Jurubeba II","descricao":"Vila Militar","codigo":"365","bairro":"TANCREDO NEVES","cep":""},"geometry":{"type":"LineString","coordinates":[[-38.2834043,-7.9786251,0.0],[-38.2828813,-7.9776794,0.0]]}},
{"type":"Feature","properties":{"name":"Rua Antônio Alves da Silveira","descricao":"Prolongamento","codigo":"","bairro":"SÃO CRISTÓVÃO","cep":""},"geometry":{"type":"LineString","coordinates":[[-38.2907842,-7.9865155,0.0],[-38.2899604,-7.9868124,0.0],[-38.2889254,-7.9872486,0.0]]}},
{"type":"Feature","properties":{"name":"Rua José Joaquim de Lima","descricao":"Prolongamento","codigo":"152","bairro":"NOSSA SENHORA DA PENHA - AABB","cep":"56912290"},"geometry":{"type":"LineString","coordinates":[[-38.2969626,-7.9937204,0.0],[-38.2958455,-7.99459,0.0]]}},
{"type":"Feature","properties":{"name":"Praça Manoel Antônio de Souza","descricao":"Lei 1095 de 15.10.04 (Manoel Totó)","codigo":"","bairro":"NOSSA SENHORA DA PENHA","cep":"56903425"},"geometry":{"type":"LineString","coordinates":[[-38.3009363,-7.9868845,0.0],[-38.3008693,-7.987275,0.0],[-38.3007271,-7.9868314,0.0]]}},
{"type":"Feature","properties":{"name":"Travessa São Tomé","descricao":"","codigo":"213","bairro":"NOSSA SENHORA DE FÁTIMA","cep":""},"geometry":{"type":"LineString","coordinates":[[-38.2857431,-7.9808465,0.0],[-38.2854481,-7.981059,0.0]]}},
{"type":"Feature","properties":{"name":"Travessa Raimundo Targino de Souza","descricao":"Lei 1945 de 07.12.2022 (antiga Travessa Joaquim de Souza Melo)","codigo":"847","bairro":"TANCREDO NEVES","cep":""},"geometry":{"type":"LineString","coordinates":[[-38.28569,-7.9789127,0.0],[-38.2852554,-7.9792155,0.0]]}},
{"type":"Feature","properties":{"name":"Rua José Alfredo de Mendonça Neto","descricao":"Lei 1664 de 11.04.18 (antiga Rua Projetada 02 - Lot. Preto Inácio)","codigo":"1016","bairro":"NOSSA SENHORA DA CONCEIÇÃO","cep":"56912582"},"geometry":{"type":"LineString","coordinates":[[-38.2822394,-7.9905783,0.0],[-38.2809465,-7.9909183,0.0]]}},
{"type":"Feature","properties":{"name":"Rodovia PE-418","descricao":"Estrada para o 7º Distrito - Santa Rita","codigo":"9190","bairro":"CACHOEIRA","cep":""},"geometry":{"type":"LineString","coordinates":[[-38.3259641,-7.9865197,0.0],[-38.3266634,-7.9866722,0.0],[-38.327173,-7.9867546,0.0],[-38.3276236,-7.9867254,0.0],[-38.3281627,-7.986643,0.0],[-38.3293939,-7.9865102,0.0],[-38.3301502,-7.9863774,0.0],[-38.330934,-7.9862209,0.0],[-38.3315911,-7.986128,0.0],[-38.3321222,-7.9860669,0.0],[-38.3326882,-7.9859925,0.0],[-38.3332809,-7.9858517,0.0],[-38.3337181,-7.9857083,0.0],[-38.3341848,-7.9855064,0.0],[-38.3345872,-7.9852992,0.0],[-38.3349332,-7.9850522,0.0],[-38.3352577,-7.9847999,0.0],[-38.3357298,-7.9843828,0.0]]}},
{"type":"Feature","properties":{"name":"Avenida Luciano Alves de Sousa Melo","descricao":"Lei 1335 de 19.09.12 (Via Pública na BR-232)","codigo":"85","bairro":"VILA BELA - CACHOEIRA - VANETE ALMEIDA","cep":"56907320"},"geometry":{"type":"LineString","coordinates":[[-38.3537744,-7.9999867,0.0],[-38.3398368,-7.9934341,0.0],[-38.3329326,-7.9901788,0.0],[-38.3259641,-7.9865197,0.0]]}},
{"type":"Feature","properties":{"name":"Rua José Antunes Nogueira","descricao":"Tio Juca","codigo":"273","bairro":"BOM JESUS","cep":"56906190"},"geometry":{"type":"LineString","coordinates":[[-38.3063143,-7.9882359,0.0],[-38.3061319,-7.9878986,0.0]]}},
{"type":"Feature","properties":{"name":"Travessa Casé Romão","descricao":"Lei 327 de 22.10.72 (antiga Travessa Cônego Torres)","codigo":"11","bairro":"NOSSA SENHORA DA PENHA","cep":"56903412"},"geometry":{"type":"LineString","coordinates":[[-38.3016011,-7.9909596,0.0],[-38.3014697,-7.9904788,0.0]]}},
{"type":"Feature","properties":{"name":"Travessa do Meio","descricao":"","codigo":"268","bairro":"BOM JESUS","cep":""},"geometry":{"type":"LineString","coordinates":[[-38.3069809,-7.9818808,0.0],[-38.3066161,-7.9820056,0.0]]}},
{"type":"Feature","properties":{"name":"Rua Projetada 83","descricao":"Loteamento Morada da Serra II","codigo":"","bairro":"TANCREDO NEVES","cep":""},"geometry":{"type":"LineString","coordinates":[[-38.2592764,-7.9515637,0.0],[-38.257026,-7.9525227,0.0]]}},
{"type":"Feature","properties":{"name":"Avenida Adriano Duque de Godoy Sousa","descricao":"prolongamento do Anel Viário (antiga Rua Projetada - Anel Viário, Loteamento Morada da Serra I e II)","codigo":"","bairro":"TANCREDO NEVES","cep":""},"geometry":{"type":"LineString","coordinates":[[-38.2599794,-7.9520453,0.0],[-38.2579704,-7.9538676,0.0],[-38.2545559,-7.95875,0.0]]}},
{"type":"Feature","properties":{"name":"Avenida Projetada Linha Férrea","descricao":"Loteamento Morada da Serra II","codigo":"9109","bairro":"TANCREDO NEVES","cep":""},"geometry":{"type":"LineString","coordinates":[[-38.2600298,-7.9520164,0.0],[-38.2560375,-7.9491854,0.0]]}},
{"type":"Feature","properties":{"name":"Rua Maria Izabel de Lima","descricao":"Lei 1381 de 15.10.13 (antiga Rua Projetada 05, loteamento Jardim das Oliveiras I) ","codigo":"","bairro":"TANCREDO NEVES","cep":""},"geometry":{"type":"LineString","coordinates":[[-38.2674007,-7.9847064,0.0],[-38.2667033,-7.9819386,0.0]]}},
{"type":"Feature","properties":{"name":"Rua Jorge Manoel da Silva","descricao":"Lei 1398 de 03.01.14 (antiga Rua Projetada 06, loteamento Jardim das Oliveiras I)","codigo":"","bairro":"TANCREDO NEVES","cep":""},"geometry":{"type":"LineString","coordinates":[[-38.2662364,-7.9820019,0.0],[-38.2669713,-7.9847963,0.0]]}},
{"type":"Feature","properties":{"name":"Rua José Tavares de Oliveira","descricao":"Lei 1402 de 03.01.14 (antiga Rua Projetada 07, loteamento Jardim das Oliveiras I)","codigo":"853","bairro":"TANCREDO NEVES","cep":""},"geometry":{"type":"LineString","coordinates":[[-38.2657925,-7.9820848,0.0],[-38.2665006,-7.984911,0.0]]}},
{"type":"Feature","properties":{"name":"Rua Armando Lima do Nascimento","descricao":"Lei 1401 de 03.01.14 (antiga Rua Projetada 08, loteamento Jardim das Oliveiras I)","codigo":"","bairro":"TANCREDO NEVES","cep":""},"geometry":{"type":"LineString","coordinates":[[-38.2660929,-7.9850013,0.0],[-38.2653366,-7.9821698,0.0]]}},
{"type":"Feature","properties":{"name":"Rua Antônio Pedro da Silva","descricao":"Lei 1400 de 03.01.14 (antiga Rua Projetada 09, loteamento Jardim das Oliveiras I)","codigo":"868","bairro":"TANCREDO NEVES","cep":""},"geometry":{"type":"LineString","coordinates":[[-38.264922,-7.9822672,0.0],[-38.2656301,-7.9850934,0.0]]}},
{"type":"Feature","properties":{"name":"Avenida Dona Margarita Elihimas de Carvalho","descricao":"Lei 1981 de 25.07.2023 (Loteamento Quitandinha)","codigo":"984","bairro":"JOSÉ ALVES CARVALHO NUNES","cep":"56904430"},"geometry":{"type":"LineString","coordinates":[[-38.2695176,-7.985956,0.0],[-38.2721194,-7.9961131,0.0]]}},
{"type":"Feature","properties":{"name":"Avenida Edvirges de Souza Magalhães","descricao":"Prolongamento (Loteamento Quitandinha)","codigo":"201","bairro":"JOSÉ ALVES CARVALHO NUNES","cep":""},"geometry":{"type":"LineString","coordinates":[[-38.2765458,-8.0001101,0.0],[-38.276184,-7.9997723,0.0],[-38.2758168,-7.9994425,0.0],[-38.2750289,-7.9988652,0.0],[-38.2733349,-7.997684,0.0],[-38.2667713,-7.989603,0.0]]}},
{"type":"Feature","properties":{"name":"Avenida Doutor Paulo César Elihimas de Carvalho","descricao":"Lei 1982 de 25.07.2023 (Loteamento Quitantinha)","codigo":"2149","bairro":"JOSÉ ALVES CARVALHO NUNES","cep":"56904440"},"geometry":{"type":"LineString","coordinates":[[-38.2743243,-7.9877784,0.0],[-38.2729992,-7.9883787,0.0],[-38.2652262,-7.9898609,0.0]]}},
{"type":"Feature","properties":{"name":"Rua Projetada Pedro Gomes de Lucena","descricao":"Loteamento Quitantinha","codigo":"","bairro":"JOSÉ ALVES CARVALHO NUNES","cep":""},"geometry":{"type":"LineString","coordinates":[[-38.2667631,-7.9865061,0.0],[-38.2674176,-7.9894066,0.0]]}},
{"type":"Feature","properties":{"name":"Rua Projetada José Gomes de Lucena","descricao":"Loteamento Quitandinha","codigo":"979","bairro":"JOSÉ ALVES CARVALHO NUNES","cep":""},"geometry":{"type":"LineString","coordinates":[[-38.2719276,-7.9867949,0.0],[-38.2641599,-7.9882293,0.0]]}},
{"type":"Feature","properties":{"name":"Rua Projetada Professora Maria Alencar Callou de Lucena","descricao":"Loteamento Quitandinha","codigo":"980","bairro":"JOSÉ ALVES CARVALHO NUNES","cep":""},"geometry":{"type":"LineString","coordinates":[[-38.2720671,-7.9873474,0.0],[-38.2643208,-7.9888136,0.0]]}},
{"type":"Feature","properties":{"name":"Rua Projetada Dona Zefinha Gomes de Lucena","descricao":"Loteamento Quitandinha","codigo":"981","bairro":"JOSÉ ALVES CARVALHO NUNES","cep":""},"geometry":{"type":"LineString","coordinates":[[-38.2722279,-7.9880009,0.0],[-38.2644388,-7.9893873,0.0]]}},
{"type":"Feature","properties":{"name":"Largo Nossa Senhora de Fátima","descricao":"Loteamento Quitandinha","codigo":"","bairro":"JOSÉ ALVES CARVALHO NUNES","cep":""},"geometry":{"type":"LineString","coordinates":[[-38.2717132,-7.9855926,0.0],[-38.2723569,-7.9884613,0.0]]}},
{"type":"Feature","properties":{"name":"Rua Projetada Dona Ana Maria Carvalho Callou de Lucena","descricao":"Loteamento Quitandinha","codigo":"987","bairro":"JOSÉ ALVES CARVALHO NUNES","cep":""},"geometry":{"type":"LineString","coordinates":[[-38.2754253,-7.9901134,0.0],[-38.2685052,-7.9914628,0.0]]}},
{"type":"Feature","properties":{"name":"Rua Projetada Doutor Marcos César Elihimas de Carvalho","descricao":"Loteamento Quitandinha","codigo":"988","bairro":"JOSÉ ALVES CARVALHO NUNES","cep":""},"geometry":{"type":"LineString","coordinates":[[-38.2760557,-7.9919666,0.0],[-38.2736364,-7.9925408,0.0],[-38.2729149,-7.992634,0.0],[-38.2697579,-7.9932796,0.0]]}},
{"type":"Feature","properties":{"name":"Rua Projetada Arnaldo Bittencourt Costa","descricao":"Rua Projetada 39 (Loteamento Quitandinha)","codigo":"989","bairro":"JOSÉ ALVES CARVALHO NUNES","cep":""},"geometry":{"type":"LineString","coordinates":[[-38.2764768,-7.9939702,0.0],[-38.2719063,-7.9949476,0.0]]}},
{"type":"Feature","properties":{"name":"Rua Projetada Doutor Augusto César Elihimas de Carvalho","descricao":"Rua Projetada 25 (Loteamento Quitandinha)","codigo":"2196","bairro":"JOSÉ ALVES CARVALHO NUNES","cep":""},"geometry":{"type":"LineString","coordinates":[[-38.270916,-7.9888826,0.0],[-38.2729491,-7.9969573,0.0]]}},
{"type":"Feature","properties":{"name":"Rua Projetada Arnaldo César Elihimas de Carvalho","descricao":"Rua Projetada 24 (Loteamento Quitandinha)","codigo":"994","bairro":"JOSÉ ALVES CARVALHO NUNES","cep":""},"geometry":{"type":"LineString","coordinates":[[-38.271565,-7.988777,0.0],[-38.2734748,-7.9968252,0.0]]}},
{"type":"Feature","properties":{"name":"Rua Projetada Dona Ana Lúcia Carvalho Callou de Lucena","descricao":"Rua Projetada 23 (Loateamento Quitandinha)","codigo":"993","bairro":"JOSÉ ALVES CARVALHO NUNES","cep":""},"geometry":{"type":"LineString","coordinates":[[-38.272198,-7.9886602,0.0],[-38.2741614,-7.9966818,0.0]]}},
{"type":"Feature","properties":{"name":"Rua Projetada Doutor Júlio César Elihimas de Carvalho","descricao":"Rua Projetada 22 (Loteamento Quitandinha)","codigo":"992","bairro":"JOSÉ ALVES CARVALHO NUNES","cep":""},"geometry":{"type":"LineString","coordinates":[[-38.272864,-7.9885106,0.0],[-38.2748167,-7.9964738,0.0]]}},
{"type":"Feature","properties":{"name":"Rua Projetada Dona Iraci Cuchatruz Godoy","descricao":"Rua Projetada 21 (Loteamento Quitandinha)","codigo":"991","bairro":"JOSÉ ALVES CARVALHO NUNES","cep":""},"geometry":{"type":"LineString","coordinates":[[-38.2745472,-7.9923371,0.0],[-38.2755074,-7.9963373,0.0]]}},
{"type":"Feature","properties":{"name":"Rua Projetada Moacir Godoy","descricao":"Loteamento Quitandinha","codigo":"990","bairro":"JOSÉ ALVES CARVALHO NUNES","cep":""},"geometry":{"type":"LineString","coordinates":[[-38.2746373,-7.9902562,0.0],[-38.2750504,-7.9921394,0.0],[-38.2751523,-7.9922536,0.0],[-38.2759838,-7.99587,0.0]]}},
{"type":"Feature","properties":{"name":"Avenida Arnaldo Bittencout Costa","descricao":"Prolongamento sem lei (antiga Avenida Doutor José Alves de Carvalho Nunes)","codigo":"985","bairro":"JOSÉ ALVES CARVALHO NUNES","cep":""},"geometry":{"type":"LineString","coordinates":[[-38.2769352,-7.9956607,0.0],[-38.2757725,-7.9959808,0.0],[-38.2758744,-7.9963208,0.0],[-38.2729562,-7.9970114,0.0]]}},
{"type":"Feature","properties":{"name":"Rua Projetada Enfermeiro Raimundo Valério","descricao":"Loteamento Quitandinha","codigo":"","bairro":"JOSÉ ALVES CARVALHO NUNES","cep":""},"geometry":{"type":"LineString","coordinates":[[-38.2742017,-7.9984303,0.0],[-38.2735741,-7.9996149,0.0]]}},
{"type":"Feature","properties":{"name":"Rua Projetada Antônio Cruz Sampaio (Lot Quitandinha)","descricao":"Loteamento Quitandinha","codigo":"2151","bairro":"JOSÉ ALVES CARVALHO NUNES","cep":""},"geometry":{"type":"LineString","coordinates":[[-38.2706147,-7.9930751,0.0],[-38.2695525,-7.9890749,0.0]]}},
{"type":"Feature","properties":{"name":"Rua Projetada José Rosas de Magalhães","descricao":"Loteamento Quitandinha","codigo":"2152","bairro":"JOSÉ ALVES CARVALHO NUNES","cep":""},"geometry":{"type":"LineString","coordinates":[[-38.2699709,-7.9932345,0.0],[-38.2688712,-7.9892237,0.0]]}},
{"type":"Feature","properties":{"name":"Rua Projetada Geraldo Ferraz de Sá Torres","descricao":"Loteamento Quitandinha","codigo":"983","bairro":"JOSÉ ALVES CARVALHO NUNES","cep":""},"geometry":{"type":"LineString","coordinates":[[-38.2681202,-7.9893724,0.0],[-38.268662,-7.9914017,0.0]]}},
{"type":"Feature","properties":{"name":"Travessa Projetada Jonas de Sá Carvalho","descricao":"","codigo":"7032","bairro":"JOSÉ ALVES CARVALHO NUNES","cep":""},"geometry":{"type":"LineString","coordinates":[[-38.2799153,-7.9948055,0.0],[-38.2790758,-7.9916952,0.0]]}},
{"type":"Feature","properties":{"name":"Travessa Miguel Pereira de Lima","descricao":"Lei 1696 de 01.04.19 (antiga Travessa Joel Nunes da Silva)","codigo":"9057","bairro":"JOSÉ ALVES CARVALHO NUNES","cep":"56904350"},"geometry":{"type":"LineString","coordinates":[[-38.2794795,-7.9948856,0.0],[-38.2786748,-7.9917832,0.0]]}},
{"type":"Feature","properties":{"name":"Travessa Projetada Jerônimo de Albuquerque Neiva ","descricao":"","codigo":"967","bairro":"JOSÉ ALVES CARVALHO NUNES","cep":""},"geometry":{"type":"LineString","coordinates":[[-38.2787875,-7.9937009,0.0],[-38.2783261,-7.9918735,0.0]]}},
{"type":"Feature","properties":{"name":"Rua Projetada B","descricao":"Loteamento Bela Vista","codigo":"8012","bairro":"BOM JESUS","cep":""},"geometry":{"type":"LineString","coordinates":[[-38.3066454,-7.9842072,0.0],[-38.3042261,-7.9854184,0.0]]}},
{"type":"Feature","properties":{"name":"Rua Projetada C","descricao":"Loteamento Bela Vista","codigo":"8018","bairro":"BOM JESUS - NOSSA SENHORA DA PENHA","cep":""},"geometry":{"type":"LineString","coordinates":[[-38.3063879,-7.9837424,0.0],[-38.304096,-7.9849111,0.0],[-38.30357,-7.985033,0.0],[-38.3023248,-7.9848308,0.0]]}},
{"type":"Feature","properties":{"name":"Rua Projetada D","descricao":"Loteamento Bela Vista","codigo":"8017","bairro":"BOM JESUS","cep":""},"geometry":{"type":"LineString","coordinates":[[-38.306076,-7.9833651,0.0],[-38.3040643,-7.9844064,0.0]]}},
{"type":"Feature","properties":{"name":"Rua Anniely Marília Carvalho de Andrada","descricao":"Lei 1556 de 17.08.16 (antiga Rua Projetada E, Loteamento Bela Vista)","codigo":"8016","bairro":"BOM JESUS","cep":"56906496"},"geometry":{"type":"LineString","coordinates":[[-38.3057622,-7.9829374,0.0],[-38.3039892,-7.9838724,0.0]]}},
{"type":"Feature","properties":{"name":"Avenida Projetada Beira Rio","descricao":"Loteamento Bela Vista","codigo":"8022","bairro":"BOM JESUS","cep":""},"geometry":{"type":"LineString","coordinates":[[-38.3043086,-7.9863011,0.0],[-38.3038794,-7.9834563,0.0]]}},
{"type":"Feature","properties":{"name":"Rua Pedro Alves Terto","descricao":"Lei 1763 de 23.06.2020 (antiga Rua Projetada 15, Loteamento Nova Serra II)","codigo":"1002","bairro":"TANCREDO NEVES","cep":"56909298"},"geometry":{"type":"LineString","coordinates":[[-38.2698457,-7.9832113,0.0],[-38.2693736,-7.9813838,0.0]]}},
{"type":"Feature","properties":{"name":"Rua Benedita Nunes de Souza","descricao":"Lei 1764 de 23.06.2020 (antiga Rua Projetada 16, Loteamento Nova Serra II)","codigo":"1003","bairro":"TANCREDO NEVES","cep":"56909312"},"geometry":{"type":"LineString","coordinates":[[-38.2702801,-7.9831263,0.0],[-38.2698027,-7.9813254,0.0]]}},
{"type":"Feature","properties":{"name":"Rua Severino Ramos de Carvalho","descricao":"Lei 2057 de 11.11.2024 (Seu Carvalho da padaria, antiga Rua Projetada 17, Loteamento Nova Serra II)","codigo":"1004","bairro":"TANCREDO NEVES","cep":"56909"},"geometry":{"type":"LineString","coordinates":[[-38.2702533,-7.9812457,0.0],[-38.2707039,-7.9830466,0.0]]}},
{"type":"Feature","properties":{"name":"Rua Manoel Panta de Araújo","descricao":"Lei 2049 de 27.06.2024 (Antiga Rua Projetada 18 - Loteamento Nova Serra II)","codigo":"1005","bairro":"TANCREDO NEVES","cep":""},"geometry":{"type":"LineString","coordinates":[[-38.2706825,-7.9811713,0.0],[-38.27116,-7.9829456,0.0]]}},
{"type":"Feature","properties":{"name":"Rua Projetada 19","descricao":"Loteamento Nova Serra II","codigo":"1006","bairro":"TANCREDO NEVES","cep":""},"geometry":{"type":"LineString","coordinates":[[-38.2711546,-7.9811235,0.0],[-38.2715811,-7.9828022,0.0]]}},
{"type":"Feature","properties":{"name":"Rua Projetada 20","descricao":"Loteamento Nova Serra II","codigo":"1007","bairro":"TANCREDO NEVES","cep":""},"geometry":{"type":"LineString","coordinates":[[-38.2714228,-7.9811023,0.0],[-38.2718184,-7.9827279,0.0]]}},
{"type":"Feature","properties":{"name":"Rua Projetada 21","descricao":"Loteamento Nova Serra II","codigo":"1008","bairro":"TANCREDO NEVES","cep":""},"geometry":{"type":"LineString","coordinates":[[-38.2720505,-7.9816919,0.0],[-38.2721739,-7.9821913,0.0]]}},
{"type":"Feature","properties":{"name":"Rua Projetada","descricao":"Loteamento Jardim das Oliveiras","codigo":"","bairro":"TANCREDO NEVES","cep":""},"geometry":{"type":"LineString","coordinates":[[-38.2651199,-7.9851768,0.0],[-38.2644065,-7.9823824,0.0]]}},
{"type":"Feature","properties":{"name":"Rua Projetada","descricao":"Loteamento Jardim das Oliveiras","codigo":"","bairro":"TANCREDO NEVES","cep":""},"geometry":{"type":"LineString","coordinates":[[-38.2646839,-7.985249,0.0],[-38.2639704,-7.9824652,0.0]]}},
{"type":"Feature","properties":{"name":"Rua Projetada","descricao":"Loteamento Jardim das Oliveiras","codigo":"","bairro":"TANCREDO NEVES","cep":""},"geometry":{"type":"LineString","coordinates":[[-38.2642332,-7.9853286,0.0],[-38.2635359,-7.9825715,0.0]]}},
{"type":"Feature","properties":{"name":"Via Local 42","descricao":"Loteamento Poço da Cruz IV","codigo":"9154","bairro":"VILA BELA","cep":""},"geometry":{"type":"LineString","coordinates":[[-38.3296103,-7.9953869,0.0],[-38.3269013,-7.9926564,0.0]]}},
{"type":"Feature","properties":{"name":"Via Local 44","descricao":"Loteamento Poço da Cruz IV","codigo":"2282","bairro":"VILA BELA","cep":""},"geometry":{"type":"LineString","coordinates":[[-38.3293421,-7.9956391,0.0],[-38.3281278,-7.9944762,0.0],[-38.3269174,-7.9932114,0.0]]}},
{"type":"Feature","properties":{"name":"Via Local 46","descricao":"Loteamento Poço da Cruz IV","codigo":"2296","bairro":"VILA BELA","cep":""},"geometry":{"type":"LineString","coordinates":[[-38.3278854,-7.9947535,0.0],[-38.3266543,-7.9934971,0.0]]}},
{"type":"Feature","properties":{"name":"Via Local 47","descricao":"Loteamento Poço da Cruz IV","codigo":"2297","bairro":"VILA BELA","cep":""},"geometry":{"type":"LineString","coordinates":[[-38.3278752,-7.9960564,0.0],[-38.3279821,-7.9959213,0.0],[-38.3280433,-7.9957324,0.0],[-38.3282172,-7.9953937,0.0],[-38.3278216,-7.9950205,0.0]]}},
{"type":"Feature","properties":{"name":"Via Local 48","descricao":"Loteamento Poço da Cruz IV","codigo":"2298","bairro":"VILA BELA","cep":""},"geometry":{"type":"LineString","coordinates":[[-38.3279986,-7.9956992,0.0],[-38.3264255,-7.9941672,0.0],[-38.3261694,-7.9944096,0.0]]}},
{"type":"Feature","properties":{"name":"Via Local 50","descricao":"Loteamento Poço da Cruz IV","codigo":"2230","bairro":"VILA BELA","cep":""},"geometry":{"type":"LineString","coordinates":[[-38.3269396,-7.9958039,0.0],[-38.3256615,-7.9945715,0.0],[-38.3254456,-7.9947972,0.0]]}},
{"type":"Feature","properties":{"name":"Via Local 51","descricao":"Loteamento Poço do Cruz IV","codigo":"2231","bairro":"VILA BELA","cep":""},"geometry":{"type":"LineString","coordinates":[[-38.3277684,-7.9968212,0.0],[-38.3269208,-7.9959925,0.0]]}},
{"type":"Feature","properties":{"name":"Via Local 52","descricao":"Loteamento Poço da Cruz IV","codigo":"2254","bairro":"VILA BELA","cep":""},"geometry":{"type":"LineString","coordinates":[[-38.326674,-7.996059,0.0],[-38.325424,-7.9948159,0.0]]}},
{"type":"Feature","properties":{"name":"Via Local 53","descricao":"Loteamento Poço da Cruz IV","codigo":"","bairro":"VILA BELA","cep":""},"geometry":{"type":"LineString","coordinates":[[-38.3277254,-7.9968611,0.0],[-38.3274545,-7.9970218,0.0],[-38.326666,-7.9962661,0.0]]}},
{"type":"Feature","properties":{"name":"Via Local 54","descricao":"Loteamento Poço da Cruz IV","codigo":"7025","bairro":"VILA BELA","cep":""},"geometry":{"type":"LineString","coordinates":[[-38.3265184,-7.9962315,0.0],[-38.3262126,-7.995934,0.0],[-38.3259766,-7.9958995,0.0],[-38.3249439,-7.9948928,0.0]]}},
{"type":"Feature","properties":{"name":"Rua Manoel Vieira dos Santos","descricao":"Lei 1698 de 25.04.2019 (Bil Sapateiro, Loteamento Poço da Cruz IV)","codigo":"2295","bairro":"VILA BELA","cep":"56907330"},"geometry":{"type":"LineString","coordinates":[[-38.3284497,-7.9942628,0.0],[-38.3265373,-7.9962947,0.0]]}},
{"type":"Feature","properties":{"name":"Via Local 59","descricao":"Loteamento Poço do Cruz IV","codigo":"7030","bairro":"VILA BELA","cep":""},"geometry":{"type":"LineString","coordinates":[[-38.3250301,-7.9977643,0.0],[-38.3238137,-7.998326,0.0],[-38.323685,-7.9980339,0.0]]}},
{"type":"Feature","properties":{"name":"Via Local 60","descricao":"Loteamento Poço da Cruz IV","codigo":"7029","bairro":"VILA BELA","cep":""},"geometry":{"type":"LineString","coordinates":[[-38.3231485,-7.998249,0.0],[-38.3249053,-7.9973884,0.0],[-38.3251844,-7.9969953,0.0]]}},
{"type":"Feature","properties":{"name":"Via Local 57","descricao":"Loteamento Poço da Cruz IV","codigo":"","bairro":"VILA BELA","cep":""},"geometry":{"type":"LineString","coordinates":[[-38.3251574,-7.9969541,0.0],[-38.3247042,-7.9964668,0.0]]}},
{"type":"Feature","properties":{"name":"Rua Laura Alves de Lima","descricao":"Lei 2003 de 11.10.2023 ( antiga Rua Projetada Paralela a Avenida Souza Guerra)","codigo":"1413","bairro":"JOSÉ TOMÉ DE SOUZA ","cep":""},"geometry":{"type":"LineString","coordinates":[[-38.2854946,-7.9764944,0.0],[-38.2854088,-7.9764353,0.0],[-38.2852975,-7.9763828,0.0],[-38.2850964,-7.976331,0.0]]}},
{"type":"Feature","properties":{"name":"Rua Projetada 02","descricao":"Loteamento Morada da Serra I","codigo":"","bairro":"TANCREDO NEVES","cep":""},"geometry":{"type":"LineString","coordinates":[[-38.2627165,-7.9569024,0.0],[-38.2649842,-7.9561633,0.0]]}},
{"type":"Feature","properties":{"name":"Rua Projetada 28","descricao":"Loteamento Morada da Serra I","codigo":"","bairro":"TANCREDO NEVES","cep":""},"geometry":{"type":"LineString","coordinates":[[-38.2625582,-7.9569539,0.0],[-38.2611702,-7.957444,0.0],[-38.2608925,-7.9575781,0.0],[-38.2595488,-7.9587948,0.0]]}},
{"type":"Feature","properties":{"name":"Rua Projetada 01","descricao":"Loteamento Morada da Serra I","codigo":"","bairro":"TANCREDO NEVES","cep":""},"geometry":{"type":"LineString","coordinates":[[-38.2649216,-7.9561216,0.0],[-38.2629004,-7.9539996,0.0]]}},
{"type":"Feature","properties":{"name":"Avenida Projetada 02","descricao":"Loteamento Morada da Serra I","codigo":"","bairro":"TANCREDO NEVES","cep":""},"geometry":{"type":"LineString","coordinates":[[-38.2650077,-7.9557884,0.0],[-38.2646,-7.9557911,0.0],[-38.2603675,-7.9561922,0.0],[-38.2602696,-7.9562093,0.0],[-38.2601972,-7.9562359,0.0],[-38.2588347,-7.957155,0.0]]}},
{"type":"Feature","properties":{"name":"Avenida Projetada 01","descricao":"Loteamento Morada da Serra I","codigo":"","bairro":"TANCREDO NEVES","cep":""},"geometry":{"type":"LineString","coordinates":[[-38.2648035,-7.9555301,0.0],[-38.2647821,-7.9556125,0.0],[-38.2647338,-7.9556736,0.0],[-38.2645112,-7.9557081,0.0],[-38.2601821,-7.9561012,0.0],[-38.2586264,-7.9571877,0.0],[-38.2559388,-7.9598228,0.0]]}},
{"type":"Feature","properties":{"name":"Rua Projetada 03","descricao":"Loteamento Morada da Serra I","codigo":"","bairro":"TANCREDO NEVES","cep":""},"geometry":{"type":"LineString","coordinates":[[-38.2642811,-7.9558546,0.0],[-38.2643213,-7.9563407,0.0]]}},
{"type":"Feature","properties":{"name":"Rua Projetada 04","descricao":"Loteamento Morada da Serra I","codigo":"","bairro":"TANCREDO NEVES","cep":""},"geometry":{"type":"LineString","coordinates":[[-38.2638359,-7.9559024,0.0],[-38.2638814,-7.9564868,0.0]]}},
{"type":"Feature","properties":{"name":"Rua Projetada 05","descricao":"Loteamento Morada da Serra I","codigo":"","bairro":"TANCREDO NEVES","cep":""},"geometry":{"type":"LineString","coordinates":[[-38.2633745,-7.9559449,0.0],[-38.2634469,-7.9566329,0.0]]}},
{"type":"Feature","properties":{"name":"Rua Projetada 06","descricao":"Loteamento Morada da Serra I","codigo":"7136","bairro":"TANCREDO NEVES","cep":""},"geometry":{"type":"LineString","coordinates":[[-38.2633879,-7.9563747,0.0],[-38.2627844,-7.9564119,0.0]]}},
{"type":"Feature","properties":{"name":"Rua Projetada 19","descricao":"Loteamento Morada da Serra I","codigo":"","bairro":"TANCREDO NEVES","cep":""},"geometry":{"type":"LineString","coordinates":[[-38.2625913,-7.9568953,0.0],[-38.2625993,-7.9560187,0.0]]}},
{"type":"Feature","properties":{"name":"Rua Projetada 20","descricao":"Loteamento Morada da Serra I","codigo":"","bairro":"TANCREDO NEVES","cep":""},"geometry":{"type":"LineString","coordinates":[[-38.262112,-7.957068,0.0],[-38.2621388,-7.9560665,0.0]]}},
{"type":"Feature","properties":{"name":"Rua Projetada 21","descricao":"Loteamento Morada da Serra I","codigo":"","bairro":"TANCREDO NEVES","cep":""},"geometry":{"type":"LineString","coordinates":[[-38.2616855,-7.9560957,0.0],[-38.2616507,-7.9572407,0.0]]}},
{"type":"Feature","properties":{"name":"Rua Projetada 22","descricao":"Loteamento Morada da Serra I","codigo":"","bairro":"TANCREDO NEVES","cep":""},"geometry":{"type":"LineString","coordinates":[[-38.2612334,-7.9561591,0.0],[-38.2611824,-7.9574129,0.0]]}},
{"type":"Feature","properties":{"name":"Rua Projetada 23","descricao":"Loteamento Morada da Serra I","codigo":"","bairro":"TANCREDO NEVES","cep":""},"geometry":{"type":"LineString","coordinates":[[-38.260773,-7.9562076,0.0],[-38.2607382,-7.9576527,0.0]]}},
{"type":"Feature","properties":{"name":"Rua Projetada 24","descricao":"Loteamento Morada da Serra I","codigo":"","bairro":"TANCREDO NEVES","cep":""},"geometry":{"type":"LineString","coordinates":[[-38.2603211,-7.9562364,0.0],[-38.2602808,-7.95808,0.0]]}},
{"type":"Feature","properties":{"name":"Rua Projetada 25","descricao":"Loteamento Morada da Serra I","codigo":"","bairro":"TANCREDO NEVES","cep":""},"geometry":{"type":"LineString","coordinates":[[-38.2598544,-7.9565127,0.0],[-38.2598034,-7.9585262,0.0]]}},
{"type":"Feature","properties":{"name":"Rua Projetada 26","descricao":"Loteamento Morada da Serra I","codigo":"","bairro":"TANCREDO NEVES","cep":""},"geometry":{"type":"LineString","coordinates":[[-38.2594118,-7.9568102,0.0],[-38.2593608,-7.9585634,0.0]]}},
{"type":"Feature","properties":{"name":"Rua Projetada 27","descricao":"Loteamento Morada da Serra I","codigo":"","bairro":"TANCREDO NEVES","cep":""},"geometry":{"type":"LineString","coordinates":[[-38.258831,-7.9571966,0.0],[-38.2591233,-7.9590294,0.0]]}},
{"type":"Feature","properties":{"name":"Rua Projetada 44","descricao":"Loteamento Morada da Serra I","codigo":"","bairro":"TANCREDO NEVES","cep":""},"geometry":{"type":"LineString","coordinates":[[-38.2587885,-7.9574852,0.0],[-38.2562431,-7.9600008,0.0]]}},
{"type":"Feature","properties":{"name":"Rua Projetada 42","descricao":"Loteamento Morada da Serra I","codigo":"","bairro":"TANCREDO NEVES","cep":""},"geometry":{"type":"LineString","coordinates":[[-38.2589172,-7.9579806,0.0],[-38.2566079,-7.960289,0.0]]}},
{"type":"Feature","properties":{"name":"Rua Projetada 40","descricao":"Loteamento Morada da Serra I","codigo":"","bairro":"TANCREDO NEVES","cep":""},"geometry":{"type":"LineString","coordinates":[[-38.2590115,-7.9585398,0.0],[-38.2569962,-7.9605389,0.0]]}},
{"type":"Feature","properties":{"name":"Rua Projetada 38","descricao":"Loteamento Morada da Serra I","codigo":"","bairro":"TANCREDO NEVES","cep":""},"geometry":{"type":"LineString","coordinates":[[-38.2597446,-7.9590793,0.0],[-38.25769,-7.9610689,0.0]]}},
{"type":"Feature","properties":{"name":"Rua Projetada 45","descricao":"Loteamento Morada da Serra I","codigo":"","bairro":"TANCREDO NEVES","cep":""},"geometry":{"type":"LineString","coordinates":[[-38.2549865,-7.959121,0.0],[-38.2589427,-7.9620403,0.0]]}},
{"type":"Feature","properties":{"name":"Rua Projetada 75","descricao":"Loteamento Morada da Serra I","codigo":"","bairro":"TANCREDO NEVES","cep":""},"geometry":{"type":"LineString","coordinates":[[-38.2517973,-7.9568126,0.0],[-38.2545065,-7.9587757,0.0]]}},
{"type":"Feature","properties":{"name":"Rua Projetada 39","descricao":"Loteamento Morada da Serra I","codigo":"","bairro":"TANCREDO NEVES","cep":""},"geometry":{"type":"LineString","coordinates":[[-38.2573375,-7.9608269,0.0],[-38.2591292,-7.9590896,0.0]]}},
{"type":"Feature","properties":{"name":"Rua Projetada 29","descricao":"Loteamento Morada da Serra I","codigo":"","bairro":"TANCREDO NEVES","cep":""},"geometry":{"type":"LineString","coordinates":[[-38.2593883,-7.9586742,0.0],[-38.2610889,-7.9604381,0.0]]}},
{"type":"Feature","properties":{"name":"Rua Projetada 32","descricao":"Loteamento Morada da Serra I","codigo":"","bairro":"TANCREDO NEVES","cep":""},"geometry":{"type":"LineString","coordinates":[[-38.258787,-7.9618844,0.0],[-38.2606831,-7.9600494,0.0]]}},
{"type":"Feature","properties":{"name":"Rua Projetada 43","descricao":"Loteamento Morada da Serra I","codigo":"","bairro":"TANCREDO NEVES","cep":""},"geometry":{"type":"LineString","coordinates":[[-38.2575603,-7.9587402,0.0],[-38.2583965,-7.9597242,0.0]]}},
{"type":"Feature","properties":{"name":"Rua Projetada 34","descricao":"Loteamento Morada da Serra I","codigo":"","bairro":"TANCREDO NEVES","cep":""},"geometry":{"type":"LineString","coordinates":[[-38.2584448,-7.95978,0.0],[-38.259572,-7.9611043,0.0]]}},
{"type":"Feature","properties":{"name":"Rua Projetada 31","descricao":"Loteamento Morada da Serra I","codigo":"","bairro":"TANCREDO NEVES","cep":""},"geometry":{"type":"LineString","coordinates":[[-38.2590573,-7.9598024,0.0],[-38.2599263,-7.9607534,0.0]]}},
{"type":"Feature","properties":{"name":"Rua Projetada 30","descricao":"Loteamento Morada da Serra I","codigo":"","bairro":"TANCREDO NEVES","cep":""},"geometry":{"type":"LineString","coordinates":[[-38.2593746,-7.9594826,0.0],[-38.2602597,-7.9604282,0.0]]}},
{"type":"Feature","properties":{"name":"Rua Projetada 33","descricao":"Loteamento Morada da Serra I","codigo":"","bairro":"TANCREDO NEVES","cep":""},"geometry":{"type":"LineString","coordinates":[[-38.2595671,-7.9604007,0.0],[-38.2592533,-7.9607036,0.0]]}},
{"type":"Feature","properties":{"name":"Rua Projetada 35","descricao":"Loteamento Morada da Serra I","codigo":"","bairro":"TANCREDO NEVES","cep":""},"geometry":{"type":"LineString","coordinates":[[-38.258403,-7.9604114,0.0],[-38.2592506,-7.9613969,0.0]]}},
{"type":"Feature","properties":{"name":"Rua Projetada 41","descricao":"Loteamento Morada da Serra I","codigo":"","bairro":"TANCREDO NEVES","cep":""},"geometry":{"type":"LineString","coordinates":[[-38.2569224,-7.9593825,0.0],[-38.2577861,-7.9603521,0.0]]}},
{"type":"Feature","properties":{"name":"Rua Projetada 36","descricao":"Loteamento Morada da Serra I","codigo":"","bairro":"TANCREDO NEVES","cep":""},"geometry":{"type":"LineString","coordinates":[[-38.257821,-7.9603919,0.0],[-38.2589434,-7.9617021,0.0]]}},
{"type":"Feature","properties":{"name":"Rua Projetada 12","descricao":"Loteamento Morada da Serra I","codigo":"","bairro":"TANCREDO NEVES","cep":""},"geometry":{"type":"LineString","coordinates":[[-38.2602305,-7.9560571,0.0],[-38.2626793,-7.9541552,0.0]]}},
{"type":"Feature","properties":{"name":"Rua Projetada 14","descricao":"Loteamento Morada da Serra I","codigo":"","bairro":"TANCREDO NEVES","cep":""},"geometry":{"type":"LineString","coordinates":[[-38.2626022,-7.9558641,0.0],[-38.2627095,-7.9541853,0.0]]}},
{"type":"Feature","properties":{"name":"Rua Projetada 07","descricao":"Loteamento Morada da Serra I","codigo":"","bairro":"TANCREDO NEVES","cep":""},"geometry":{"type":"LineString","coordinates":[[-38.2641322,-7.9553556,0.0],[-38.2641188,-7.9557222,0.0]]}},
{"type":"Feature","properties":{"name":"Rua Projetada 08","descricao":"Loteamento Morada da Serra I","codigo":"","bairro":"TANCREDO NEVES","cep":""},"geometry":{"type":"LineString","coordinates":[[-38.263678,-7.9551078,0.0],[-38.2636619,-7.9557719,0.0]]}},
{"type":"Feature","properties":{"name":"Rua Projetada 09","descricao":"Loteamento Morada da Serra I","codigo":"","bairro":"TANCREDO NEVES","cep":""},"geometry":{"type":"LineString","coordinates":[[-38.2632059,-7.9558012,0.0],[-38.2632327,-7.9551264,0.0]]}},
{"type":"Feature","properties":{"name":"Rua Projetada 10","descricao":"Loteamento Morada da Serra I","codigo":"","bairro":"TANCREDO NEVES","cep":""},"geometry":{"type":"LineString","coordinates":[[-38.263847,-7.9550414,0.0],[-38.2627955,-7.9551397,0.0]]}},
{"type":"Feature","properties":{"name":"Rua Projetada 13","descricao":"Loteamento Morada da Serra I","codigo":"","bairro":"TANCREDO NEVES","cep":""},"geometry":{"type":"LineString","coordinates":[[-38.2626063,-7.9551557,0.0],[-38.2612839,-7.9552938,0.0]]}},
{"type":"Feature","properties":{"name":"Rua Projetada 11","descricao":"Loteamento Morada da Serra I","codigo":"","bairro":"TANCREDO NEVES","cep":""},"geometry":{"type":"LineString","coordinates":[[-38.2626331,-7.9547178,0.0],[-38.2618633,-7.9548134,0.0]]}},
{"type":"Feature","properties":{"name":"Rua Projetada 15","descricao":"Loteamento Morada da Serra I","codigo":"","bairro":"TANCREDO NEVES","cep":""},"geometry":{"type":"LineString","coordinates":[[-38.2621422,-7.9559026,0.0],[-38.2621717,-7.9552438,0.0]]}},
{"type":"Feature","properties":{"name":"Rua Projetada 16","descricao":"Loteamento Morada da Serra I","codigo":"","bairro":"TANCREDO NEVES","cep":""},"geometry":{"type":"LineString","coordinates":[[-38.2616916,-7.9559477,0.0],[-38.2617077,-7.9552836,0.0]]}},
{"type":"Feature","properties":{"name":"Rua Projetada 17","descricao":"Loteamento Morada da Serra I","codigo":"","bairro":"TANCREDO NEVES","cep":""},"geometry":{"type":"LineString","coordinates":[[-38.2612354,-7.9559684,0.0],[-38.2612676,-7.9553362,0.0]]}},
{"type":"Feature","properties":{"name":"Rua Projetada 18","descricao":"Loteamento Morada da Serra I","codigo":"","bairro":"TANCREDO NEVES","cep":""},"geometry":{"type":"LineString","coordinates":[[-38.2607743,-7.9560162,0.0],[-38.2607851,-7.9556549,0.0]]}},
{"type":"Feature","properties":{"name":"Rua Projetada 76","descricao":"Loteamento Morada da Serra I","codigo":"","bairro":"TANCREDO NEVES","cep":""},"geometry":{"type":"LineString","coordinates":[[-38.2518334,-7.9567387,0.0],[-38.2571524,-7.9528343,0.0]]}},
{"type":"Feature","properties":{"name":"Rua Projetada 59","descricao":"Loteamento Morada da Serra I e II","codigo":"","bairro":"TANCREDO NEVES","cep":""},"geometry":{"type":"LineString","coordinates":[[-38.2559774,-7.9510529,0.0],[-38.2579353,-7.9538314,0.0]]}},
{"type":"Feature","properties":{"name":"Rua Projetada 58","descricao":"Loteamento Morada da Serra I","codigo":"","bairro":"TANCREDO NEVES","cep":""},"geometry":{"type":"LineString","coordinates":[[-38.2596784,-7.9563702,0.0],[-38.2582595,-7.9542822,0.0]]}},
{"type":"Feature","properties":{"name":"Avenida Projetada 03","descricao":"Loteamento Morada da Serra I","codigo":"","bairro":"TANCREDO NEVES","cep":""},"geometry":{"type":"LineString","coordinates":[[-38.2586797,-7.9549631,0.0],[-38.2553565,-7.9593701,0.0]]}},
{"type":"Feature","properties":{"name":"Avenida Projetada 04","descricao":"Loteamento Morada da Serra I","codigo":"","bairro":"TANCREDO NEVES","cep":""},"geometry":{"type":"LineString","coordinates":[[-38.2577803,-7.9537232,0.0],[-38.2542639,-7.9585366,0.0]]}},
{"type":"Feature","properties":{"name":"Rua Projetada 67","descricao":"Loteamento Morada da Serra I","codigo":"","bairro":"TANCREDO NEVES","cep":""},"geometry":{"type":"LineString","coordinates":[[-38.2558486,-7.9568438,0.0],[-38.2544298,-7.954894,0.0]]}},
{"type":"Feature","properties":{"name":"Rua Projetada 68","descricao":"Loteamento Morada da Serra I","codigo":"","bairro":"TANCREDO NEVES","cep":""},"geometry":{"type":"LineString","coordinates":[[-38.2549018,-7.9556537,0.0],[-38.2525761,-7.9573214,0.0]]}},
{"type":"Feature","properties":{"name":"Rua Projetada 50","descricao":"Loteamento Morada da Serra I","codigo":"","bairro":"TANCREDO NEVES","cep":""},"geometry":{"type":"LineString","coordinates":[[-38.2575293,-7.9587044,0.0],[-38.2573282,-7.9584654,0.0],[-38.2563331,-7.9571132,0.0]]}},
{"type":"Feature","properties":{"name":"Rua Projetada 57","descricao":"Loteamento Morada da Serra I","codigo":"","bairro":"TANCREDO NEVES","cep":""},"geometry":{"type":"LineString","coordinates":[[-38.2579639,-7.9547019,0.0],[-38.2593104,-7.9566756,0.0]]}},
{"type":"Feature","properties":{"name":"Rua Projetada 56","descricao":"Loteamento Morada da Serra I","codigo":"","bairro":"TANCREDO NEVES","cep":""},"geometry":{"type":"LineString","coordinates":[[-38.2577075,-7.9550823,0.0],[-38.2589332,-7.9569258,0.0]]}},
{"type":"Feature","properties":{"name":"Rua Projetada 55","descricao":"Loteamento Morada da Serra I","codigo":"","bairro":"TANCREDO NEVES","cep":""},"geometry":{"type":"LineString","coordinates":[[-38.2585845,-7.9571596,0.0],[-38.2574393,-7.9554595,0.0]]}},
{"type":"Feature","properties":{"name":"Rua Projetada 53","descricao":"Loteamento Morada da Serra I","codigo":"","bairro":"TANCREDO NEVES","cep":""},"geometry":{"type":"LineString","coordinates":[[-38.2571585,-7.9558688,0.0],[-38.2582689,-7.9574865,0.0]]}},
{"type":"Feature","properties":{"name":"Rua Projetada 54","descricao":"Loteamento Morada da Serra I","codigo":"","bairro":"TANCREDO NEVES","cep":""},"geometry":{"type":"LineString","coordinates":[[-38.2581402,-7.9565359,0.0],[-38.2578076,-7.9567856,0.0]]}},
{"type":"Feature","properties":{"name":"Rua Projetada 52","descricao":"Loteamento Morada da Serra I","codigo":"","bairro":"TANCREDO NEVES","cep":""},"geometry":{"type":"LineString","coordinates":[[-38.2579425,-7.9578007,0.0],[-38.2568777,-7.9563131,0.0]]}},
{"type":"Feature","properties":{"name":"Rua Projetada 51","descricao":"Loteamento Morada da Serra I","codigo":"","bairro":"TANCREDO NEVES","cep":""},"geometry":{"type":"LineString","coordinates":[[-38.2566018,-7.9567061,0.0],[-38.2576397,-7.9581246,0.0]]}},
{"type":"Feature","properties":{"name":"Rua Projetada 49","descricao":"Loteamento Morada da Serra I","codigo":"","bairro":"TANCREDO NEVES","cep":""},"geometry":{"type":"LineString","coordinates":[[-38.2569472,-7.958767,0.0],[-38.2560567,-7.9575211,0.0]]}},
{"type":"Feature","properties":{"name":"Rua Projetada 48","descricao":"Loteamento Morada da Serra I","codigo":"","bairro":"TANCREDO NEVES","cep":""},"geometry":{"type":"LineString","coordinates":[[-38.2558056,-7.957922,0.0],[-38.2566479,-7.9590935,0.0]]}},
{"type":"Feature","properties":{"name":"Rua Projetada 47","descricao":"Loteamento Morada da Serra I","codigo":"","bairro":"TANCREDO NEVES","cep":""},"geometry":{"type":"LineString","coordinates":[[-38.2555311,-7.9583372,0.0],[-38.2563331,-7.959413,0.0]]}},
{"type":"Feature","properties":{"name":"Rua Projetada 46","descricao":"Loteamento Morada da Serra I","codigo":"","bairro":"TANCREDO NEVES","cep":""},"geometry":{"type":"LineString","coordinates":[[-38.2559952,-7.9597183,0.0],[-38.2552576,-7.9587302,0.0]]}},
{"type":"Feature","properties":{"name":"Rua Projetada 69","descricao":"Loteamento Morada da Serra I","codigo":"","bairro":"TANCREDO NEVES","cep":""},"geometry":{"type":"LineString","coordinates":[[-38.2540677,-7.9551458,0.0],[-38.2555779,-7.9572283,0.0]]}},
{"type":"Feature","properties":{"name":"Rua Projetada 70","descricao":"Loteamento Morada da Serra I","codigo":"","bairro":"TANCREDO NEVES","cep":""},"geometry":{"type":"LineString","coordinates":[[-38.2538371,-7.9553078,0.0],[-38.255425,-7.9574754,0.0]]}},
{"type":"Feature","properties":{"name":"Rua Projetada 71","descricao":"Loteamento Morada da Serra I","codigo":"","bairro":"TANCREDO NEVES","cep":""},"geometry":{"type":"LineString","coordinates":[[-38.2534374,-7.9555974,0.0],[-38.2551594,-7.9578499,0.0]]}},
{"type":"Feature","properties":{"name":"Rua Projetada 72","descricao":"Loteamento Morada da Serra I","codigo":"","bairro":"TANCREDO NEVES","cep":""},"geometry":{"type":"LineString","coordinates":[[-38.2548725,-7.9582564,0.0],[-38.2530513,-7.9558842,0.0]]}},
{"type":"Feature","properties":{"name":"Rua Projetada 73","descricao":"Loteamento Morada da Serra I","codigo":"","bairro":"TANCREDO NEVES","cep":""},"geometry":{"type":"LineString","coordinates":[[-38.2527541,-7.95612,0.0],[-38.254578,-7.9586382,0.0]]}},
{"type":"Feature","properties":{"name":"Rua Projetada 74","descricao":"Loteamento Morada da Serra I","codigo":"","bairro":"TANCREDO NEVES","cep":""},"geometry":{"type":"LineString","coordinates":[[-38.2523672,-7.9564136,0.0],[-38.2533785,-7.957771,0.0]]}},
{"type":"Feature","properties":{"name":"Rua Projetada 60","descricao":"Loteamento Morada da Serra I","codigo":"","bairro":"TANCREDO NEVES","cep":""},"geometry":{"type":"LineString","coordinates":[[-38.2576418,-7.9542899,0.0],[-38.2568157,-7.9531263,0.0]]}},
{"type":"Feature","properties":{"name":"Rua Projetada 61","descricao":"Loteamento Morada da Serra I","codigo":"","bairro":"TANCREDO NEVES","cep":""},"geometry":{"type":"LineString","coordinates":[[-38.257387,-7.9546751,0.0],[-38.2564402,-7.9533946,0.0]]}},
{"type":"Feature","properties":{"name":"Rua Projetada 62","descricao":"Loteamento Morada da Serra I","codigo":"","bairro":"TANCREDO NEVES","cep":""},"geometry":{"type":"LineString","coordinates":[[-38.2571241,-7.9550656,0.0],[-38.2560968,-7.9536549,0.0]]}},
{"type":"Feature","properties":{"name":"Rua Projetada 63","descricao":"Loteamento Morada da Serra I","codigo":"","bairro":"TANCREDO NEVES","cep":""},"geometry":{"type":"LineString","coordinates":[[-38.2558711,-7.9538243,0.0],[-38.2569386,-7.9552854,0.0]]}},
{"type":"Feature","properties":{"name":"Rua Projetada 64","descricao":"Loteamento Morada da Serra I","codigo":"","bairro":"TANCREDO NEVES","cep":""},"geometry":{"type":"LineString","coordinates":[[-38.2566784,-7.9556625,0.0],[-38.2555171,-7.954082,0.0]]}},
{"type":"Feature","properties":{"name":"Rua Projetada 65","descricao":"Loteamento Morada da Serra I","codigo":"","bairro":"TANCREDO NEVES","cep":""},"geometry":{"type":"LineString","coordinates":[[-38.2551439,-7.9543575,0.0],[-38.2563724,-7.9560845,0.0]]}},
{"type":"Feature","properties":{"name":"Rua Projetada 66","descricao":"Loteamento Morada da Serra I","codigo":"","bairro":"TANCREDO NEVES","cep":""},"geometry":{"type":"LineString","coordinates":[[-38.2556937,-7.9550755,0.0],[-38.256018,-7.9548165,0.0]]}},
{"type":"Feature","properties":{"name":"Travessa Capitão Manoel Inácio de Medeiros","descricao":"","codigo":"304","bairro":"BOM JESUS","cep":""},"geometry":{"type":"LineString","coordinates":[[-38.3094766,-7.9896869,0.0],[-38.3093828,-7.9892924,0.0],[-38.3093117,-7.9892386,0.0],[-38.309187,-7.9888979,0.0]]}},
{"type":"Feature","properties":{"name":"Rua Projetada 02","descricao":"Parcelamento Adauto Carvalho","codigo":"9047","bairro":"JOSÉ ALVES CARVALHO NUNES","cep":""},"geometry":{"type":"LineString","coordinates":[[-38.2781933,-7.9929797,0.0],[-38.2772814,-7.9932135,0.0]]}},
{"type":"Feature","properties":{"name":"Rua Espedito de Sá Nogueira","descricao":"Lei 1723 de 25.09.19 (Espedito de Venâncio, antiga Rua Projetada 03 - Parcel. Adauto Carvalho)","codigo":"9045","bairro":"JOSÉ ALVES CARVALHO NUNES","cep":"56904370"},"geometry":{"type":"LineString","coordinates":[[-38.2783194,-7.9933994,0.0],[-38.2773887,-7.9936464,0.0]]}},
{"type":"Feature","properties":{"name":"Rua Projetada 04","descricao":"Parcelamento Adauto Carvalho","codigo":"9050","bairro":"JOSÉ ALVES CARVALHO NUNES","cep":""},"geometry":{"type":"LineString","coordinates":[[-38.2784334,-7.9938355,0.0],[-38.2775295,-7.9940719,0.0]]}},
{"type":"Feature","properties":{"name":"Rua Projetada 05","descricao":"Parcelamento Adauto Carvalho","codigo":"9052","bairro":"JOSÉ ALVES CARVALHO NUNES","cep":""},"geometry":{"type":"LineString","coordinates":[[-38.2785589,-7.9942083,0.0],[-38.2776228,-7.9944553,0.0]]}},
{"type":"Feature","properties":{"name":"Rua Projetada Joaquim Rosas Maçaroca","descricao":"Loteamento Quitandinha","codigo":"969","bairro":"JOSÉ ALVES CARVALHO NUNES","cep":""},"geometry":{"type":"LineString","coordinates":[[-38.2787332,-7.9948257,0.0],[-38.2777569,-7.995001,0.0]]}},
{"type":"Feature","properties":{"name":"Rua Projetada 06","descricao":"Parcelamento Adauto Carvalho","codigo":"9158","bairro":"JOSÉ ALVES CARVALHO NUNES","cep":""},"geometry":{"type":"LineString","coordinates":[[-38.2779795,-7.9943977,0.0],[-38.278119,-7.994921,0.0]]}},
{"type":"Feature","properties":{"name":"Rua Maria Deusa Alencar de Souza","descricao":"Lei 1697 de 01.04.19 (antiga Rua Projetada Centro Empresarial, Empresarial H&M)","codigo":"7045","bairro":"NOSSA SENHORA DA PENHA","cep":"56906497"},"geometry":{"type":"LineString","coordinates":[[-38.3016352,-7.986788,0.0],[-38.3018337,-7.9848569,0.0]]}},
{"type":"Feature","properties":{"name":"Rua Projetada do Empreendedor II","descricao":"Empresarial H&M","codigo":"","bairro":"NOSSA SENHORA DA PENHA","cep":"0"},"geometry":{"type":"LineString","coordinates":[[-38.3023248,-7.9848308,0.0],[-38.3012999,-7.9847693,0.0]]}},
{"type":"Feature","properties":{"name":"Rua Projetada do Empreendedor I","descricao":"Empresarial H&M","codigo":"7044","bairro":"NOSSA SENHORA DA PENHA","cep":"0"},"geometry":{"type":"LineString","coordinates":[[-38.3017121,-7.9857498,0.0],[-38.3011944,-7.9856993,0.0]]}},
{"type":"Feature","properties":{"name":"Rua Projetada A","descricao":"Loteamento Bela Vista","codigo":"8019","bairro":"BOM JESUS","cep":""},"geometry":{"type":"LineString","coordinates":[[-38.3068767,-7.9846649,0.0],[-38.3043125,-7.9859133,0.0]]}},
{"type":"Feature","properties":{"name":"Rua Valdeci Lopes Barros","descricao":"Lei 1548 de 29.06.16 (antiga Rua Projetada F, Loteamento Bela Vista)","codigo":"8003","bairro":"BOM JESUS","cep":"56906498"},"geometry":{"type":"LineString","coordinates":[[-38.3038941,-7.9834221,0.0],[-38.3054712,-7.9825933,0.0]]}},
{"type":"Feature","properties":{"name":"Travessa Projetada B","descricao":"Loteamento Bela Vista","codigo":"","bairro":"BOM JESUS","cep":""},"geometry":{"type":"LineString","coordinates":[[-38.30654,-7.9847858,0.0],[-38.3063549,-7.9844378,0.0]]}},
{"type":"Feature","properties":{"name":"Travessa Projetada A","descricao":"Loteamento Bela Vista","codigo":"9230","bairro":"BOM JESUS","cep":""},"geometry":{"type":"LineString","coordinates":[[-38.3060517,-7.9856531,0.0],[-38.3058438,-7.9852361,0.0]]}},
{"type":"Feature","properties":{"name":"Rua Maria Helena de Lima","descricao":"Lei 1789 de 28.10.2020 (antiga Rua Projetada 04 - Loteamento Lions Club)","codigo":"9205","bairro":"AABB","cep":"56912538"},"geometry":{"type":"LineString","coordinates":[[-38.2918727,-7.9996088,0.0],[-38.2923408,-8.0012038,0.0]]}},
{"type":"Feature","properties":{"name":"Rua Ulisses Correia de Melo","descricao":"Lei 1888 de 29.12.2021 (Antiga rua projetada 08, Loteamento Lions Club)","codigo":"","bairro":"AABB","cep":""},"geometry":{"type":"LineString","coordinates":[[-38.2917729,-8.0003654,0.0],[-38.2933916,-8.0000148,0.0]]}},
{"type":"Feature","properties":{"name":"Rua Helena Ângelo da Silva","descricao":"Lei 1889 de 29.12.2021 (Antiga Rua Projetada 07, Loteamento Lions Club)","codigo":"9197","bairro":"AABB","cep":""},"geometry":{"type":"LineString","coordinates":[[-38.2920351,-8.0013193,0.0],[-38.2938845,-8.0008,0.0]]}},
{"type":"Feature","properties":{"name":"Rua Projetada 84","descricao":"Loteamento Morada da Serra II","codigo":"9108","bairro":"TANCREDO NEVES","cep":""},"geometry":{"type":"LineString","coordinates":[[-38.2588119,-7.951247,0.0],[-38.2567654,-7.9521528,0.0]]}},
{"type":"Feature","properties":{"name":"Rua Projetada 85","descricao":"Loteamento Morada da Serra II","codigo":"","bairro":"TANCREDO NEVES","cep":""},"geometry":{"type":"LineString","coordinates":[[-38.2583774,-7.9509255,0.0],[-38.2565374,-7.9517809,0.0]]}},
{"type":"Feature","properties":{"name":"Rua Projetada 86","descricao":"Loteamento Morada da Serra II","codigo":"","bairro":"TANCREDO NEVES","cep":""},"geometry":{"type":"LineString","coordinates":[[-38.2579492,-7.9506104,0.0],[-38.2562648,-7.9513807,0.0]]}},
{"type":"Feature","properties":{"name":"Rua Projetada 87","descricao":"Loteamento Morada da Serra II","codigo":"","bairro":"TANCREDO NEVES","cep":""},"geometry":{"type":"LineString","coordinates":[[-38.2575112,-7.9503062,0.0],[-38.255132,-7.9514193,0.0]]}},
{"type":"Feature","properties":{"name":"Rua Projetada 79","descricao":"Loteamento Morada da Serra II","codigo":"","bairro":"TANCREDO NEVES","cep":""},"geometry":{"type":"LineString","coordinates":[[-38.2572107,-7.952669,0.0],[-38.2587597,-7.9525601,0.0],[-38.2591848,-7.9527088,0.0]]}},
{"type":"Feature","properties":{"name":"Rua Projetada 80","descricao":"Loteamento Morada da Serra II","codigo":"","bairro":"TANCREDO NEVES","cep":""},"geometry":{"type":"LineString","coordinates":[[-38.2579724,-7.9521749,0.0],[-38.2581602,-7.9525521,0.0]]}},
{"type":"Feature","properties":{"name":"Rua Projetada 81","descricao":"Loteamento Morada da Serra II","codigo":"","bairro":"TANCREDO NEVES","cep":""},"geometry":{"type":"LineString","coordinates":[[-38.2584177,-7.9519969,0.0],[-38.2586591,-7.9524803,0.0]]}},
{"type":"Feature","properties":{"name":"Rua Projetada 82","descricao":"Loteamento Morada da Serra II","codigo":"","bairro":"TANCREDO NEVES","cep":""},"geometry":{"type":"LineString","coordinates":[[-38.258812,-7.9518322,0.0],[-38.2589783,-7.9522014,0.0]]}},
{"type":"Feature","properties":{"name":"Rua Projetada 77","descricao":"Loteamento Morada da Serra II","codigo":"","bairro":"TANCREDO NEVES","cep":""},"geometry":{"type":"LineString","coordinates":[[-38.2593784,-7.9516804,0.0],[-38.2580265,-7.9535983,0.0]]}},
{"type":"Feature","properties":{"name":"Avenida Adriano Duque de Godoy Sousa","descricao":"prolongamento do Anel Viário (Rua Projetada - Anel Viário, Loteamento Morada da Serra I)","codigo":"","bairro":"TANCREDO NEVES","cep":""},"geometry":{"type":"LineString","coordinates":[[-38.2582264,-7.9542539,0.0],[-38.2549998,-7.9590699,0.0]]}},
{"type":"Feature","properties":{"name":"Rua Projetada 78","descricao":"Loteamento Morada da Serra II","codigo":"","bairro":"TANCREDO NEVES","cep":""},"geometry":{"type":"LineString","coordinates":[[-38.2586734,-7.9531927,0.0],[-38.2583904,-7.9530798,0.0],[-38.2574851,-7.9531395,0.0]]}},
{"type":"Feature","properties":{"name":"Rua Projetada 112","descricao":"Loteamento Morada da Serra II","codigo":"","bairro":"TANCREDO NEVES","cep":""},"geometry":{"type":"LineString","coordinates":[[-38.2517756,-7.95676,0.0],[-38.2515073,-7.9565661,0.0],[-38.2500268,-7.9512984,0.0]]}},
{"type":"Feature","properties":{"name":"Avenida Projetada 01","descricao":"Bosque do Pajeú I","codigo":"","bairro":"AABB","cep":""},"geometry":{"type":"LineString","coordinates":[[-38.2857392,-8.001108,0.0],[-38.2861094,-8.0026326,0.0]]}},
{"type":"Feature","properties":{"name":"Rua Projetada 01","descricao":"Bosque do Pajeú I","codigo":"","bairro":"AABB","cep":""},"geometry":{"type":"LineString","coordinates":[[-38.2858277,-8.0013231,0.0],[-38.2864258,-8.0011957,0.0]]}},
{"type":"Feature","properties":{"name":"Rua Projetada 02","descricao":"Bosque do Pajeú I","codigo":"","bairro":"AABB","cep":""},"geometry":{"type":"LineString","coordinates":[[-38.2865439,-8.0016286,0.0],[-38.2859135,-8.0017774,0.0]]}},
{"type":"Feature","properties":{"name":"Rua Projetada 03","descricao":"Bosque do Pajeú I","codigo":"","bairro":"AABB","cep":""},"geometry":{"type":"LineString","coordinates":[[-38.2860262,-8.0022023,0.0],[-38.2866512,-8.0020483,0.0]]}},
{"type":"Feature","properties":{"name":"Rua Projetada 04","descricao":"Bosque do Pajeú I","codigo":"","bairro":"AABB","cep":""},"geometry":{"type":"LineString","coordinates":[[-38.2867665,-8.0024653,0.0],[-38.2861308,-8.0026353,0.0]]}},
{"type":"Feature","properties":{"name":"Rua Leonel Inácio de Oliveira","descricao":"Lei 1819 de 01.03.2021 (Brizola Inácio, antiga Via Local 40, Loteamento Poço do Cruz II)","codigo":"2260","bairro":"VILA BELA","cep":"56907315"},"geometry":{"type":"LineString","coordinates":[[-38.325316,-7.9928281,0.0],[-38.3257344,-7.9932584,0.0]]}},
{"type":"Feature","properties":{"name":"Avenida Projetada 02","descricao":"Loteamento Líder","codigo":"8032","bairro":"VILA BELA","cep":""},"geometry":{"type":"LineString","coordinates":[[-38.3218417,-7.9978438,0.0],[-38.3208652,-7.9987594,0.0]]}},
{"type":"Feature","properties":{"name":"Avenida Projetada 01","descricao":"Loteamento Líder","codigo":"8031","bairro":"VILA BELA","cep":""},"geometry":{"type":"LineString","coordinates":[[-38.3228389,-7.9986368,0.0],[-38.3218707,-7.9978957,0.0]]}},
{"type":"Feature","properties":{"name":"Rua Projetada 01","descricao":"Loteamento Líder","codigo":"8033","bairro":"VILA BELA","cep":""},"geometry":{"type":"LineString","coordinates":[[-38.3214603,-7.9981056,0.0],[-38.3181933,-7.9947721,0.0]]}},
{"type":"Feature","properties":{"name":"Rua Projetada 02","descricao":"","codigo":"","bairro":"VILA BELA","cep":""},"geometry":{"type":"LineString","coordinates":[[-38.3228736,-7.998719,0.0],[-38.3214279,-7.9992688,0.0]]}},
{"type":"Feature","properties":{"name":"Rua Projetada 03","descricao":"Loteamento Líder","codigo":"8034","bairro":"VILA BELA","cep":""},"geometry":{"type":"LineString","coordinates":[[-38.3211454,-7.9984195,0.0],[-38.3177481,-7.994947,0.0]]}},
{"type":"Feature","properties":{"name":"Rua Projetada 06","descricao":"Loteamento Líder","codigo":"8037","bairro":"VILA BELA","cep":""},"geometry":{"type":"LineString","coordinates":[[-38.3213573,-7.9992641,0.0],[-38.3172009,-7.9950267,0.0]]}},
{"type":"Feature","properties":{"name":"Rua Projetada 07","descricao":"Loteamento Líder","codigo":"8039","bairro":"VILA BELA","cep":""},"geometry":{"type":"LineString","coordinates":[[-38.3183956,-7.9966213,0.0],[-38.3169955,-7.9952242,0.0]]}},
{"type":"Feature","properties":{"name":"Via Local 10","descricao":"Loteamento Poço do Cruz I","codigo":"","bairro":"VILA BELA","cep":""},"geometry":{"type":"LineString","coordinates":[[-38.3206039,-7.9934318,0.0],[-38.3186056,-7.9944279,0.0]]}},
{"type":"Feature","properties":{"name":"Avenida Projetada 03","descricao":"Loteamento Líder","codigo":"8036","bairro":"VILA BELA","cep":""},"geometry":{"type":"LineString","coordinates":[[-38.3185316,-7.9945137,0.0],[-38.3178791,-7.9947906,0.0],[-38.3172025,-7.9950037,0.0]]}},
{"type":"Feature","properties":{"name":"Rua Projetada 05","descricao":"Loteamento Líder","codigo":"8038","bairro":"VILA BELA","cep":""},"geometry":{"type":"LineString","coordinates":[[-38.3195642,-7.995608,0.0],[-38.3183116,-7.9968458,0.0]]}},
{"type":"Feature","properties":{"name":"Rua Raimundo Gorgonho do Nascimento","descricao":"Lei 2110 de 02.06.2025 (Raimundo Arara, antiga Rua Projetada 04, Loteamento Líder)","codigo":"8035","bairro":"VILA BELA","cep":"56907360"},"geometry":{"type":"LineString","coordinates":[[-38.3205674,-7.9965802,0.0],[-38.3194596,-7.99764,0.0]]}},
{"type":"Feature","properties":{"name":"Rua Joaquim Marques de Lima","descricao":"Loteamento Quitandinha","codigo":"962","bairro":"JOSÉ ALVES CARVALHO NUNES","cep":""},"geometry":{"type":"LineString","coordinates":[[-38.2776201,-7.9909573,0.0],[-38.276743,-7.9911539,0.0]]}},
{"type":"Feature","properties":{"name":"Rua Francisco Assis Alves","descricao":"Lei 1691 de 01.04.19 (antiga Rua Projetada 01)","codigo":"386","bairro":"BOM JESUS","cep":"56906315"},"geometry":{"type":"LineString","coordinates":[[-38.3059589,-7.986284,0.0],[-38.3044623,-7.9868152,0.0]]}},
{"type":"Feature","properties":{"name":"Travessa Joana Nunes de Sousa","descricao":"Conhecida como Travessa dos Amigos","codigo":"7109","bairro":"AABB","cep":""},"geometry":{"type":"LineString","coordinates":[[-38.2849566,-7.9921795,0.0],[-38.2848681,-7.9919006,0.0]]}},
{"type":"Feature","properties":{"name":"Beco do Videl","descricao":"","codigo":"67","bairro":"NOSSA SENHORA DA PENHA","cep":"0"},"geometry":{"type":"LineString","coordinates":[[-38.2975738,-7.9874308,0.0],[-38.2977722,-7.9878,0.0]]}},
{"type":"Feature","properties":{"name":"Travessa Francisco Gomes","descricao":"","codigo":"17","bairro":"NOSSA SENHORA DA PENHA","cep":"56903559"},"geometry":{"type":"LineString","coordinates":[[-38.300876,-7.9906248,0.0],[-38.3009913,-7.9911135,0.0]]}},
{"type":"Feature","properties":{"name":"Rua Projetada paralela à Vila Ferroviária","descricao":"","codigo":"8028","bairro":"SÃO CRISTÓVÃO","cep":""},"geometry":{"type":"LineString","coordinates":[[-38.2963126,-7.9825519,0.0],[-38.2961369,-7.9823832,0.0]]}},
{"type":"Feature","properties":{"name":"Rua Alta Tensão","descricao":"","codigo":"264","bairro":"SÃO SEBASTIÃO","cep":"56906325"},"geometry":{"type":"LineString","coordinates":[[-38.3058806,-7.977829,0.0],[-38.3070393,-7.9778503,0.0]]}},
{"type":"Feature","properties":{"name":"Rua Geraldo Severino de Andrada Filho","descricao":"Lei 1922 de 06.07.2022 (Antiga Rua São Severino)","codigo":"191","bairro":"TANCREDO NEVES","cep":"56909248"},"geometry":{"type":"LineString","coordinates":[[-38.2819202,-7.9803288,0.0],[-38.2803029,-7.9812904,0.0]]}},
{"type":"Feature","properties":{"name":"Rua Benjamim de Melo Lima","descricao":"Lei 675 de 28.10.88 (Ouro Melo, antiga Rua Santos Dumont)","codigo":"122","bairro":"SÃO CRISTÓVÃO","cep":"56903010"},"geometry":{"type":"LineString","coordinates":[[-38.28855,-7.9869506,0.0],[-38.2856959,-7.9829398,0.0]]}},
{"type":"Feature","properties":{"name":"Rua Vereador Expedito Eliodorio da Silva","descricao":"Lei 1284 de 31.03.11 (Louro Eliodorio, antiga Rua Maria das Neves de Souza Nogueira)","codigo":"372","bairro":"AABB","cep":"56912275"},"geometry":{"type":"LineString","coordinates":[[-38.2923058,-7.9979214,0.0],[-38.2905717,-7.9992468,0.0]]}},
{"type":"Feature","properties":{"name":"Praça Luiz Godoy Lima","descricao":"Lei 732 de 30.04.90","codigo":"147","bairro":"AABB","cep":"56912520"},"geometry":{"type":"LineString","coordinates":[[-38.2881388,-7.9974955,0.0],[-38.2884177,-7.9983242,0.0]]}},
{"type":"Feature","properties":{"name":"Viela Maria França","descricao":"entre as casas 563 e 571 na Rua Coronel Cornélio Soares","codigo":"257","bairro":"NOSSA SENHORA DA PENHA","cep":"56903440"},"geometry":{"type":"LineString","coordinates":[[-38.3000932,-7.9923319,0.0],[-38.3000423,-7.9920689,0.0]]}},
{"type":"Feature","properties":{"name":"Travessa Projetada 25","descricao":"","codigo":"","bairro":"TANCREDO NEVES","cep":""},"geometry":{"type":"LineString","coordinates":[[-38.2813294,-7.9802805,0.0],[-38.2807635,-7.9806152,0.0]]}},
{"type":"Feature","properties":{"name":"Travessa Antônio Inácio Medeiros","descricao":"","codigo":"250","bairro":"SÃO CRISTÓVAO","cep":""},"geometry":{"type":"LineString","coordinates":[[-38.2897119,-7.9865194,0.0],[-38.2892156,-7.9865353,0.0]]}},
{"type":"Feature","properties":{"name":"Rua S/D","descricao":"","codigo":"","bairro":"AABB","cep":""},"geometry":{"type":"LineString","coordinates":[[-38.2845815,-7.998821,0.0],[-38.2851823,-8.0010362,0.0]]}},
{"type":"Feature","properties":{"name":"Rua Projetada 02","descricao":"início na Rua João Simião da Silva","codigo":"1527","bairro":"AABB","cep":""},"geometry":{"type":"LineString","coordinates":[[-38.2861399,-7.9989219,0.0],[-38.2847022,-7.9993947,0.0]]}},
{"type":"Feature","properties":{"name":"Rua S/D","descricao":"","codigo":"","bairro":"AABB","cep":""},"geometry":{"type":"LineString","coordinates":[[-38.2851636,-7.99923,0.0],[-38.2849866,-7.9986191,0.0]]}},
{"type":"Feature","properties":{"name":"Rua S/D","descricao":"","codigo":"","bairro":"AABB","cep":""},"geometry":{"type":"LineString","coordinates":[[-38.2858395,-7.9989937,0.0],[-38.2856705,-7.9983775,0.0]]}},
{"type":"Feature","properties":{"name":"Rua S/D","descricao":"","codigo":"","bairro":"AABB","cep":""},"geometry":{"type":"LineString","coordinates":[[-38.2835381,-7.999647,0.0],[-38.2843535,-7.9993575,0.0]]}},
{"type":"Feature","properties":{"name":"Rua Manoel de Lima Magalhães","descricao":"Prolongamento","codigo":"134","bairro":"BOM JESUS","cep":"56906072"},"geometry":{"type":"LineString","coordinates":[[-38.3091821,-7.9814784,0.0],[-38.3092116,-7.9814678,0.0],[-38.3094316,-7.981412,0.0]]}},
{"type":"Feature","properties":{"name":"Rua S/D","descricao":"","codigo":"","bairro":"NOSSA SENHORA DE FÁTIMA","cep":""},"geometry":{"type":"LineString","coordinates":[[-38.2886106,-7.9786415,0.0],[-38.288404,-7.9783174,0.0]]}},
{"type":"Feature","properties":{"name":"Travessa Eneias Inácio de Oliveira","descricao":"","codigo":"","bairro":"TANCREDO NEVES","cep":""},"geometry":{"type":"LineString","coordinates":[[-38.2845691,-7.9796734,0.0],[-38.2842607,-7.9798089,0.0]]}},
{"type":"Feature","properties":{"name":"Travessa Sargento João Eliodório da Silva","descricao":"","codigo":"9155","bairro":"NOSSA SENHORA DE FÁTIMA","cep":""},"geometry":{"type":"LineString","coordinates":[[-38.2854411,-7.9807072,0.0],[-38.2851326,-7.9810286,0.0]]}},
{"type":"Feature","properties":{"name":"Travessa São Braz","descricao":"","codigo":"","bairro":"TANCREDO NEVES","cep":""},"geometry":{"type":"LineString","coordinates":[[-38.2853928,-7.9794788,0.0],[-38.285248,-7.9795877,0.0],[-38.2848805,-7.9791308,0.0]]}},
{"type":"Feature","properties":{"name":"Rua Projetada 23","descricao":"COHAB","codigo":"194","bairro":"TANCREDO NEVES","cep":"56909150"},"geometry":{"type":"LineString","coordinates":[[-38.2808297,-7.979289,0.0],[-38.2803844,-7.9785028,0.0]]}},
{"type":"Feature","properties":{"name":"Travessa Mário Alves de Melo Lima","descricao":"","codigo":"","bairro":"TANCREDO NEVES","cep":"56909216"},"geometry":{"type":"LineString","coordinates":[[-38.2786234,-7.979992,0.0],[-38.2785027,-7.979474,0.0]]}},
{"type":"Feature","properties":{"name":"Praça José Marcolino Alves","descricao":"","codigo":"945","bairro":"TANCREDO NEVES","cep":""},"geometry":{"type":"LineString","coordinates":[[-38.2777758,-7.980146,0.0],[-38.2776551,-7.9796121,0.0]]}},
{"type":"Feature","properties":{"name":"Travessa Andrelino Serafim de Lima","descricao":"","codigo":"830","bairro":"TANCREDO NEVES","cep":""},"geometry":{"type":"LineString","coordinates":[[-38.2789282,-7.9805521,0.0],[-38.2788075,-7.9800182,0.0]]}},
{"type":"Feature","properties":{"name":"Rua Projetada","descricao":"Passagem d'água (Loteamento Poço do Cruz II)","codigo":"","bairro":"VILA BELA","cep":""},"geometry":{"type":"LineString","coordinates":[[-38.3228329,-7.9930178,0.0],[-38.3224628,-7.9933817,0.0]]}},
{"type":"Feature","properties":{"name":"Rua Espedito Constantino Gregório","descricao":"Lei 1936 de 25.10.2022 (antigos trechos de prolongamento da Rua Maria Gomes de Souza e Rua Projetada 01, Loteamento Zona Sul - Jorge Andrada Magalhães)","codigo":"1994","bairro":"JOSÉ RUFINO ALVES","cep":"56915340"},"geometry":{"type":"LineString","coordinates":[[-38.305069,-7.998488,0.0],[-38.307112,-7.997578,0.0]]}},
{"type":"Feature","properties":{"name":"Rua Anichela Priscila Ferraz de Souza","descricao":"Lei 1937 de 25.10.2022 (antigos trechos de prolongamento da Rua Francisco Rufino Alves  e Rua Projetada 02, Loteamento Zona Sul - Jorge Andrada Magalhães)","codigo":"9228","bairro":"JOSÉ RUFINO ALVES","cep":"56915350"},"geometry":{"type":"LineString","coordinates":[[-38.3052954,-7.9989666,0.0],[-38.3071086,-7.998122,0.0]]}},
{"type":"Feature","properties":{"name":"Rua José de Oliveira Neto","descricao":"Lei 1869 de 04.11.2021 (Antiga Rua Projetada 09, Loteamento Zona Sul - Jorge Andrada Magalhães)","codigo":"9195","bairro":"JOSÉ RUFINO ALVES","cep":""},"geometry":{"type":"LineString","coordinates":[[-38.3056022,-8.0028385,0.0],[-38.3075111,-8.002013,0.0]]}},
{"type":"Feature","properties":{"name":"Rua Antônio Gustavo Filho","descricao":"Lei 1919 de 31.05.2022 (antiga Rua Projetada 07)","codigo":"","bairro":"TANCREDO NEVES","cep":"56909318"},"geometry":{"type":"LineString","coordinates":[[-38.2838289,-7.9761336,0.0],[-38.2815382,-7.9774458,0.0]]}},
{"type":"Feature","properties":{"name":"Rua Damião Wilson da Silva","descricao":"Lei 2112 de 16.06.2025 (Antiga Rua Projetada 14, Loteamento Nova Serra II)","codigo":"1001","bairro":"TANCREDO NEVES","cep":"56909157"},"geometry":{"type":"LineString","coordinates":[[-38.2693795,-7.9832813,0.0],[-38.2689235,-7.9814485,0.0]]}},
{"type":"Feature","properties":{"name":"Rua Projetada 13","descricao":"Loteamento Nova Serra II","codigo":"1000","bairro":"TANCREDO NEVES","cep":""},"geometry":{"type":"LineString","coordinates":[[-38.2716122,-7.9818024,0.0],[-38.2724383,-7.9815049,0.0]]}},
{"type":"Feature","properties":{"name":"Travessa Maria Aliete de Melo Lima e Sá","descricao":"","codigo":"970","bairro":"TANCREDO NEVES","cep":""},"geometry":{"type":"LineString","coordinates":[[-38.2769772,-7.9771695,0.0],[-38.2768484,-7.9766409,0.0]]}},
{"type":"Feature","properties":{"name":"Rua Maria Emília de Carvalho","descricao":"Lei 1432 de 13.11.14 (Antiga Rua Projetada 04 - Lot. João Inácio de Medeiros)","codigo":"1051","bairro":"NOSSA SENHORA DA CONCEIÇÃO","cep":"56903241"},"geometry":{"type":"LineString","coordinates":[[-38.2808752,-7.9909392,0.0],[-38.2795314,-7.9913084,0.0]]}},
{"type":"Feature","properties":{"name":"Avenida José Pedro Jurubeba","descricao":"Lei 504 de 27.07.80","codigo":"79","bairro":"AABB","cep":"56912280"},"geometry":{"type":"LineString","coordinates":[[-38.2952397,-7.9939546,0.0],[-38.2940663,-7.9953503,0.0]]}},
{"type":"Feature","properties":{"name":"Rua Lindaura Gomes Gregório","descricao":"PROLONGAMENTO","codigo":"828","bairro":"JOSÉ RUFINO ALVES","cep":"56915035"},"geometry":{"type":"LineString","coordinates":[[-38.304517,-7.997241,0.0],[-38.304356,-7.996843,0.0],[-38.304057,-7.9958099,0.0]]}},
{"type":"Feature","properties":{"name":"Rua Projetada V","descricao":"Loteamento Pedro Ferreira Lima","codigo":"","bairro":"TANCREDO NEVES","cep":""},"geometry":{"type":"LineString","coordinates":[[-38.2749953,-7.9744555,0.0],[-38.2765778,-7.974158,0.0]]}},
{"type":"Feature","properties":{"name":"Rua Projetada","descricao":"Loteamento Pedro Ferreira Lima","codigo":"","bairro":"TANCREDO NEVES","cep":""},"geometry":{"type":"LineString","coordinates":[[-38.2756245,-7.9737134,0.0],[-38.2748306,-7.9738568,0.0]]}},
{"type":"Feature","properties":{"name":"Travessa Maria Helena Nogueira","descricao":"Loteamento Quitandinha","codigo":"2283","bairro":"JOSÉ ALVES CARVALHO NUNES","cep":""},"geometry":{"type":"LineString","coordinates":[[-38.2790532,-7.9910361,0.0],[-38.2791471,-7.9914318,0.0]]}},
{"type":"Feature","properties":{"name":"Rua Projetada 03","descricao":"início na Rua João Simião da Silva","codigo":"1536","bairro":"AABB","cep":""},"geometry":{"type":"LineString","coordinates":[[-38.2862815,-7.9993829,0.0],[-38.2848224,-7.9998716,0.0]]}},
{"type":"Feature","properties":{"name":"Rua Projetada 04","descricao":"início na Rua João Simião da Silva","codigo":"1542","bairro":"AABB","cep":""},"geometry":{"type":"LineString","coordinates":[[-38.2863834,-7.9998169,0.0],[-38.2849779,-8.0002897,0.0]]}},
{"type":"Feature","properties":{"name":"Avenida Clovis Alves de Carvalho","descricao":"Lei 1248 de 30.11.09 (Via Pública na BR-232)","codigo":"9213","bairro":"TANCREDO NEVES - JOSÉ ALVES CARVALHO NUNES","cep":""},"geometry":{"type":"LineString","coordinates":[[-38.2443391,-7.9999551,0.0],[-38.2445195,-7.9962307,0.0],[-38.2445842,-7.9954744,0.0],[-38.2446486,-7.9950919,0.0],[-38.2447639,-7.9946935,0.0],[-38.2449057,-7.9943555,0.0],[-38.2450241,-7.9941091,0.0],[-38.2451341,-7.9939259,0.0],[-38.2453808,-7.9935938,0.0],[-38.2457832,-7.9931476,0.0],[-38.2479527,-7.9910034,0.0],[-38.248865,-7.9902418,0.0],[-38.2494068,-7.989923,0.0],[-38.2498843,-7.9897318,0.0],[-38.2504851,-7.989583,0.0],[-38.2599566,-7.9877287,0.0],[-38.2711553,-7.9855235,0.0],[-38.2724893,-7.9852873,0.0]]}},
{"type":"Feature","properties":{"name":"ROD BR 232 LUIZ GONZAGA - URB/LESTE-JAZIGO","descricao":"","codigo":"88","bairro":"FORA DO PERÍMETRO URBANO","cep":""},"geometry":{"type":"LineString","coordinates":[[-38.2443391,-7.9999551,0.0],[-38.2441386,-8.0063398,0.0],[-38.2440617,-8.0083527,0.0],[-38.2440027,-8.0086396,0.0],[-38.2439169,-8.0089105,0.0],[-38.2438043,-8.0091761,0.0],[-38.243654,-8.0094205,0.0],[-38.2434126,-8.0096914,0.0],[-38.2432088,-8.0098773,0.0],[-38.2429674,-8.0100473,0.0],[-38.2427796,-8.0101429,0.0],[-38.2425275,-8.0102438,0.0],[-38.2421896,-8.0103182,0.0],[-38.231965,-8.0123527,0.0]]}},
{"type":"Feature","properties":{"name":"Rua Cleonice Florentino de Medeiros","descricao":"Lei 1938 de 25.10.2022 (Dona Nicinha, antiga Rua Projetada 01, paralela a Avenida Edvirges de Souza Magalhaes)","codigo":"9156","bairro":"AABB","cep":""},"geometry":{"type":"LineString","coordinates":[[-38.2838583,-8.0012341,0.0],[-38.2844108,-8.003274,0.0]]}},
{"type":"Feature","properties":{"name":"Rua Projetada Paralela a Antônio Baião da Silva","descricao":"","codigo":"17370","bairro":"AABB","cep":""},"geometry":{"type":"LineString","coordinates":[[-38.293577,-7.9979884,0.0],[-38.2931907,-7.9974152,0.0]]}},
{"type":"Feature","properties":{"name":"Rua Projetada 01","descricao":"Parcelamento Adauto Carvalho","codigo":"9046","bairro":"JOSÉ ALVES CARVALHO NUNES","cep":""},"geometry":{"type":"LineString","coordinates":[[-38.2777493,-7.9930811,0.0],[-38.2776179,-7.9926136,0.0]]}},
{"type":"Feature","properties":{"name":"Travessa Projetada Doutor Carlos Chagas","descricao":"","codigo":"9164","bairro":"JOSE TOME DE SOUZA","cep":""},"geometry":{"type":"LineString","coordinates":[[-38.2915425,-7.979192,0.0],[-38.2920535,-7.9789795,0.0],[-38.2924572,-7.9789317,0.0]]}},
{"type":"Feature","properties":{"name":"Travessa Antônio Baião da Silva","descricao":"","codigo":"17906","bairro":"AABB","cep":""},"geometry":{"type":"LineString","coordinates":[[-38.2938167,-7.9968964,0.0],[-38.2929346,-7.9975063,0.0]]}},
{"type":"Feature","properties":{"name":"Rua Rêmulo Callou de Alencar","descricao":"Lei 1804 de 30.12.2020 (antiga Rua Projetada ao lado do Pereirão)","codigo":"9173","bairro":"AABB","cep":"56912552"},"geometry":{"type":"LineString","coordinates":[[-38.2938342,-7.996903,0.0],[-38.2957355,-7.9995762,0.0]]}},
{"type":"Feature","properties":{"name":"Rua Projetada Paralela a Rua Tabelião Antônio Alves (Malhada)","descricao":"","codigo":"9170","bairro":"BOM JESUS","cep":""},"geometry":{"type":"LineString","coordinates":[[-38.3154586,-7.9847247,0.0],[-38.3149356,-7.9851563,0.0]]}},
{"type":"Feature","properties":{"name":"Rua Projetada das Flores (Vale Verde)","descricao":"Condomínio Vale Verde","codigo":"9169","bairro":"AABB","cep":""},"geometry":{"type":"LineString","coordinates":[[-38.2824396,-7.99567,0.0],[-38.2808396,-7.9960697,0.0]]}},
{"type":"Feature","properties":{"name":"Via Local 56","descricao":"Loteamento Poço da Cruz VI","codigo":"7026","bairro":"VILA BELA","cep":""},"geometry":{"type":"LineString","coordinates":[[-38.3247146,-7.9964399,0.0],[-38.3249748,-7.9961955,0.0],[-38.3252725,-7.9964904,0.0],[-38.3251948,-7.9969313,0.0]]}},
{"type":"Feature","properties":{"name":"Via Local 58","descricao":"Loteamento Poço da Cruz IV","codigo":"7028","bairro":"VILA BELA","cep":""},"geometry":{"type":"LineString","coordinates":[[-38.3249093,-7.9974367,0.0],[-38.325038,-7.9977103,0.0]]}},
{"type":"Feature","properties":{"name":"Via Local 43","descricao":"Loteamento Poço da Cruz IV","codigo":"","bairro":"VILA BELA","cep":""},"geometry":{"type":"LineString","coordinates":[[-38.3296006,-7.995415,0.0],[-38.329386,-7.9956248,0.0]]}},
{"type":"Feature","properties":{"name":"Via Local 45","descricao":"Loteamento Poço da Cruz IV","codigo":"","bairro":"VILA BELA","cep":""},"geometry":{"type":"LineString","coordinates":[[-38.326855,-7.9932569,0.0],[-38.3266244,-7.9934747,0.0]]}},
{"type":"Feature","properties":{"name":"Via Local 49","descricao":"Loteamento Poço da Cruz IV","codigo":"2299","bairro":"VILA BELA","cep":""},"geometry":{"type":"LineString","coordinates":[[-38.3278176,-7.9960482,0.0],[-38.3257938,-7.9940481,0.0]]}},
{"type":"Feature","properties":{"name":"Rua Projetada 06","descricao":"Loteamento Monte das Oliveiras","codigo":"8090","bairro":"SÃO SEBASTIÃO","cep":""},"geometry":{"type":"LineString","coordinates":[[-38.3057915,-7.9778401,0.0],[-38.30572,-7.975989,0.0]]}},
{"type":"Feature","properties":{"name":"Rua Projetada 06","descricao":"Loteamento Monte das Oliveiras","codigo":"","bairro":"SÃO SEBASTIÃO","cep":""},"geometry":{"type":"LineString","coordinates":[[-38.30543,-7.969326,0.0],[-38.305487,-7.970628,0.0]]}},
{"type":"Feature","properties":{"name":"Rua Projetada 06","descricao":"Loteamento Monte das Oliveiras","codigo":"8090","bairro":"SÃO SEBASTIÃO","cep":""},"geometry":{"type":"LineString","coordinates":[[-38.305654,-7.970621,0.0],[-38.305893,-7.976109,0.0]]}},
{"type":"Feature","properties":{"name":"Rua Projetada 07","descricao":"Loteamento Monte das Oliveiras","codigo":"8096","bairro":"SÃO SEBASTIÃO","cep":""},"geometry":{"type":"LineString","coordinates":[[-38.306095,-7.970602,0.0],[-38.30634,-7.976238,0.0]]}},
{"type":"Feature","properties":{"name":"Rua Projetada 08","descricao":"Loteamento Monte das Oliveiras","codigo":"","bairro":"SÃO SEBASTIÃO","cep":""},"geometry":{"type":"LineString","coordinates":[[-38.306642,-7.969273,0.0],[-38.306699,-7.970575,0.0]]}},
{"type":"Feature","properties":{"name":"Rua Projetada 08","descricao":"Loteamento Monte das Oliveiras","codigo":"8097","bairro":"SÃO SEBASTIÃO","cep":""},"geometry":{"type":"LineString","coordinates":[[-38.306536,-7.970583,0.0],[-38.306782,-7.976224,0.0]]}},
{"type":"Feature","properties":{"name":"Rua Projetada 01","descricao":"Loteamento Monte das Oliveiras","codigo":"8091","bairro":"SÃO SEBASTIÃO","cep":""},"geometry":{"type":"LineString","coordinates":[[-38.306987,-7.975935,0.0],[-38.30572,-7.975989,0.0]]}},
{"type":"Feature","properties":{"name":"Rua Projetada 01","descricao":"Loteamento Monte das Oliveiras","codigo":"8091","bairro":"SÃO SEBASTIÃO","cep":""},"geometry":{"type":"LineString","coordinates":[[-38.306992,-7.976061,0.0],[-38.305726,-7.976116,0.0]]}},
{"type":"Feature","properties":{"name":"Rua Projetada 02","descricao":"Loteamento Monte das Oliveiras","codigo":"8092","bairro":"SÃO SEBASTIÃO","cep":""},"geometry":{"type":"LineString","coordinates":[[-38.306934,-7.974719,0.0],[-38.305597,-7.974465,0.0]]}},
{"type":"Feature","properties":{"name":"Rua Projetada 03","descricao":"Loteamento Monte das Oliveiras","codigo":"8093","bairro":"SÃO SEBASTIÃO","cep":""},"geometry":{"type":"LineString","coordinates":[[-38.306789,-7.97264,0.0],[-38.305576,-7.972693,0.0]]}},
{"type":"Feature","properties":{"name":"Rua Projetada 04","descricao":"Loteamento Monte das Oliveiras","codigo":"8094","bairro":"SÃO SEBASTIÃO","cep":""},"geometry":{"type":"LineString","coordinates":[[-38.306699,-7.970575,0.0],[-38.305487,-7.970628,0.0]]}},
{"type":"Feature","properties":{"name":"Rua Projetada 05","descricao":"Loteamento Monte das Oliveiras","codigo":"8095","bairro":"SÃO SEBASTIÃO","cep":""},"geometry":{"type":"LineString","coordinates":[[-38.306642,-7.969273,0.0],[-38.30543,-7.969326,0.0]]}},
{"type":"Feature","properties":{"name":"Rua Projetada 01","descricao":"Loteamento Vale do Pajeú I","codigo":"","bairro":"JOSÉ RUFINO ALVES","cep":""},"geometry":{"type":"LineString","coordinates":[[-38.301497,-8.000209,0.0],[-38.302149,-8.000775,0.0],[-38.30222,-8.00087,0.0],[-38.300996,-8.004832,0.0],[-38.301137,-8.005098,0.0],[-38.300446,-8.007333,0.0]]}},
{"type":"Feature","properties":{"name":"Rua Projetada 01","descricao":"Loteamento Vale do Pajeú I","codigo":"","bairro":"JOSÉ RUFINO ALVES","cep":""},"geometry":{"type":"LineString","coordinates":[[-38.2998458,-8.0085467,0.0],[-38.300242,-8.007271,0.0]]}},
{"type":"Feature","properties":{"name":"Rua Projetada 04","descricao":"Loteamento Vale do Pajeú I","codigo":"","bairro":"JOSÉ RUFINO ALVES","cep":""},"geometry":{"type":"LineString","coordinates":[[-38.299981,-8.007191,0.0],[-38.300446,-8.007333,0.0]]}},
{"type":"Feature","properties":{"name":"Rua Projetada 01","descricao":"LOTEAMENTO JARDIM DAS OLIVEIRAS II","codigo":"9204","bairro":"TANCREDO NEVES","cep":""},"geometry":{"type":"LineString","coordinates":[[-38.2636923,-7.9859416,0.0],[-38.2625443,-7.9861753,0.0]]}},
{"type":"Feature","properties":{"name":"Rua Projetada 02","descricao":"LOTEAMENTO JARDIM DAS OLIVEIRAS II","codigo":"","bairro":"TANCREDO NEVES","cep":""},"geometry":{"type":"LineString","coordinates":[[-38.2634563,-7.9849561,0.0],[-38.2623066,-7.9852243,0.0]]}},
{"type":"Feature","properties":{"name":"Rua Projetada 05","descricao":"LOTEAMENTO JARDIM DAS OLIVEIRAS II","codigo":"","bairro":"TANCREDO NEVES","cep":""},"geometry":{"type":"LineString","coordinates":[[-38.2630796,-7.9835985,0.0],[-38.2618699,-7.9838721,0.0]]}},
{"type":"Feature","properties":{"name":"Rua Projetada 06","descricao":"LOTEAMENTO JARDIM DAS OLIVEIRAS II","codigo":"","bairro":"TANCREDO NEVES","cep":""},"geometry":{"type":"LineString","coordinates":[[-38.2628069,-7.9826431,0.0],[-38.2616321,-7.9829035,0.0]]}},
{"type":"Feature","properties":{"name":"Avenida Projetada 06","descricao":"LOTEAMENTO JARDIM DAS OLIVEIRAS II","codigo":"1432","bairro":"TANCREDO NEVES","cep":""},"geometry":{"type":"LineString","coordinates":[[-38.2637168,-7.985941,0.0],[-38.2604846,-7.9734472,0.0],[-38.2574297,-7.9610437,0.0]]}},
{"type":"Feature","properties":{"name":"Avenida Projetada 05","descricao":"LOTEAMENTO JARDIM DAS OLIVEIRAS II","codigo":"","bairro":"TANCREDO NEVES","cep":""},"geometry":{"type":"LineString","coordinates":[[-38.262754,-7.9871192,0.0],[-38.2625099,-7.9861736,0.0],[-38.2616258,-7.9829355,0.0],[-38.2582587,-7.9695348,0.0],[-38.2557884,-7.9598577,0.0]]}},
{"type":"Feature","properties":{"name":"Rua Projetada 03","descricao":"LOTEAMENTO JARDIM DAS OLIVEIRAS II","codigo":"","bairro":"TANCREDO NEVES","cep":""},"geometry":{"type":"LineString","coordinates":[[-38.2627782,-7.9860907,0.0],[-38.2622284,-7.9838356,0.0]]}},
{"type":"Feature","properties":{"name":"Rua Projetada 04","descricao":"LOTEAMENTO JARDIM DAS OLIVEIRAS II","codigo":"","bairro":"TANCREDO NEVES","cep":""},"geometry":{"type":"LineString","coordinates":[[-38.2626656,-7.9837307,0.0],[-38.2632626,-7.9860008,0.0]]}},
{"type":"Feature","properties":{"name":"Rua Projetada 07","descricao":"LOTEAMENTO JARDIM DAS OLIVEIRAS II","codigo":"","bairro":"TANCREDO NEVES","cep":""},"geometry":{"type":"LineString","coordinates":[[-38.2619572,-7.9828077,0.0],[-38.2613216,-7.9803587,0.0]]}},
{"type":"Feature","properties":{"name":"Rua Projetada 08","descricao":"LOTEAMENTO JARDIM DAS OLIVEIRAS II","codigo":"","bairro":"TANCREDO NEVES","cep":""},"geometry":{"type":"LineString","coordinates":[[-38.2623991,-7.9827182,0.0],[-38.2617556,-7.9802594,0.0]]}},
{"type":"Feature","properties":{"name":"Beco Projetado","descricao":"Loteamento Bela Vista","codigo":"","bairro":"BOM JESUS","cep":""},"geometry":{"type":"LineString","coordinates":[[-38.306386,-7.9849498,0.0],[-38.306563,-7.9853137,0.0]]}},
{"type":"Feature","properties":{"name":"Rua Projetada 05","descricao":"Loteamento Vale do Pajeú I","codigo":"","bairro":"JOSÉ RUFINO ALVES","cep":""},"geometry":{"type":"LineString","coordinates":[[-38.301041,-8.005409,0.0],[-38.300577,-8.005269,0.0]]}},
{"type":"Feature","properties":{"name":"Rua Projetada Início Avenida Edvirges de Souza Km 1","descricao":"","codigo":"9177","bairro":"JOSÉ ALVES CARVALHO NUNES","cep":""},"geometry":{"type":"LineString","coordinates":[[-38.2793158,-8.0010625,0.0],[-38.2798791,-8.0034688,0.0]]}},
{"type":"Feature","properties":{"name":"Avenida Projetada Givaldo Andrada Araújo","descricao":"Avenida Projetada 01 - Distrito Industrial","codigo":"9105","bairro":"VANETE ALMEIDA","cep":"56908020"},"geometry":{"type":"LineString","coordinates":[[-38.348322,-7.997761,0.0],[-38.345112,-8.00223,0.0],[-38.342968,-8.005243,0.0],[-38.340076,-8.009307,0.0],[-38.337351,-8.013137,0.0]]}},
{"type":"Feature","properties":{"name":"Rua Projetada 01 Angico","descricao":"","codigo":"9178","bairro":"CACHOEIRA","cep":"56900000"},"geometry":{"type":"LineString","coordinates":[[-38.3540296,-7.999158,0.0],[-38.350017,-7.9972456,0.0]]}},
{"type":"Feature","properties":{"name":"Rua Projetada 02 Angico","descricao":"","codigo":"9179","bairro":"CACHOEIRA","cep":"56900000"},"geometry":{"type":"LineString","coordinates":[[-38.3535802,-7.9998723,0.0],[-38.3563483,-7.9959705,0.0]]}},
{"type":"Feature","properties":{"name":"Rua Projetada 03 Angico","descricao":"","codigo":"9180","bairro":"CACHOEIRA","cep":"56900000"},"geometry":{"type":"LineString","coordinates":[[-38.3534885,-7.9988469,0.0],[-38.3556235,-7.9958508,0.0]]}},
{"type":"Feature","properties":{"name":"Rua Projetada 04 Angico","descricao":"","codigo":"9181","bairro":"CACHOEIRA","cep":"56900000"},"geometry":{"type":"LineString","coordinates":[[-38.352952,-7.9986185,0.0],[-38.3548715,-7.9957891,0.0]]}},
{"type":"Feature","properties":{"name":"Rua Projetada 05 Angico","descricao":"","codigo":"9182","bairro":"CACHOEIRA","cep":"56900000"},"geometry":{"type":"LineString","coordinates":[[-38.3524711,-7.9984143,0.0],[-38.3541448,-7.9957847,0.0]]}},
{"type":"Feature","properties":{"name":"Rua Projetada 06 Angico","descricao":"","codigo":"9183","bairro":"CACHOEIRA","cep":"56900000"},"geometry":{"type":"LineString","coordinates":[[-38.3517684,-7.9980637,0.0],[-38.3535225,-7.9953146,0.0]]}},
{"type":"Feature","properties":{"name":"Rua Projetada 07 Angico","descricao":"","codigo":"9184","bairro":"CACHOEIRA","cep":"56900000"},"geometry":{"type":"LineString","coordinates":[[-38.3511917,-7.9977805,0.0],[-38.3529512,-7.9950606,0.0]]}},
{"type":"Feature","properties":{"name":"Rua Projetada 08 Angico","descricao":"","codigo":"9185","bairro":"CACHOEIRA","cep":"56900000"},"geometry":{"type":"LineString","coordinates":[[-38.3506356,-7.9975246,0.0],[-38.3521453,-7.9950545,0.0]]}},
{"type":"Feature","properties":{"name":"Rua Projetada 09 Angico","descricao":"","codigo":"9186","bairro":"CACHOEIRA","cep":"56900000"},"geometry":{"type":"LineString","coordinates":[[-38.3495114,-7.9979563,0.0],[-38.3516367,-7.994842,0.0]]}},
{"type":"Feature","properties":{"name":"Rua Natanael Henrique da Silva","descricao":"Lei 1866 de 18.10.2021 (Seu Natal, antiga rua Projetada - Empresarial H&M)","codigo":"9192","bairro":"NOSSA SENHORA DA PENHA","cep":"56906502"},"geometry":{"type":"LineString","coordinates":[[-38.3023248,-7.9848308,0.0],[-38.3022068,-7.9869665,0.0]]}},
{"type":"Feature","properties":{"name":"Rua Projetada 01","descricao":"Loteamento Reserva da Serra","codigo":"","bairro":"ZONA RURAL (1º DISTRITO)","cep":""},"geometry":{"type":"LineString","coordinates":[[-38.2527205,-7.9897001,0.0],[-38.2516208,-7.9899179,0.0]]}},
{"type":"Feature","properties":{"name":"Rua Projetada 02","descricao":"Loteamento Reserva da Serra","codigo":"","bairro":"ZONA RURAL (1º DISTRITO)","cep":""},"geometry":{"type":"LineString","coordinates":[[-38.2528305,-7.9901582,0.0],[-38.2516422,-7.9904185,0.0]]}},
{"type":"Feature","properties":{"name":"Rua Projetada 03","descricao":"Loteamento Reserva da Serra","codigo":"","bairro":"ZONA RURAL (1º DISTRITO)","cep":""},"geometry":{"type":"LineString","coordinates":[[-38.252919,-7.9906177,0.0],[-38.2517227,-7.9908807,0.0]]}},
{"type":"Feature","properties":{"name":"Rua Projetada 04","descricao":"Loteamento Reserva da Serra","codigo":"","bairro":"ZONA RURAL (1º DISTRITO)","cep":""},"geometry":{"type":"LineString","coordinates":[[-38.2530173,-7.9910646,0.0],[-38.2518398,-7.9913303,0.0]]}},
{"type":"Feature","properties":{"name":"Rua Projetada 05","descricao":"Loteamento Reserva da Serra","codigo":"","bairro":"ZONA RURAL (1º DISTRITO)","cep":""},"geometry":{"type":"LineString","coordinates":[[-38.2531148,-7.9915323,0.0],[-38.2519507,-7.9917634,0.0]]}},
{"type":"Feature","properties":{"name":"Rua Projetada 06","descricao":"Loteamento Reserva da Serra","codigo":"","bairro":"ZONA RURAL (1º DISTRITO)","cep":""},"geometry":{"type":"LineString","coordinates":[[-38.2532006,-7.9919812,0.0],[-38.2520285,-7.9922309,0.0]]}},
{"type":"Feature","properties":{"name":"Rua Projetada 07","descricao":"Loteamento Reserva da Serra","codigo":"9187","bairro":"ZONA RURAL (1º DISTRITO)","cep":""},"geometry":{"type":"LineString","coordinates":[[-38.2533106,-7.9924309,0.0],[-38.2520928,-7.9926885,0.0]]}},
{"type":"Feature","properties":{"name":"Rua Projetada 08","descricao":"Loteamento Reserva da Serra","codigo":"","bairro":"ZONA RURAL (1º DISTRITO)","cep":""},"geometry":{"type":"LineString","coordinates":[[-38.252978,-7.9925345,0.0],[-38.2530557,-7.9931002,0.0]]}},
{"type":"Feature","properties":{"name":"Rua Projetada 09","descricao":"Loteamento Reserva da Serra","codigo":"","bairro":"ZONA RURAL (1º DISTRITO)","cep":""},"geometry":{"type":"LineString","coordinates":[[-38.2520472,-7.9927204,0.0],[-38.2520767,-7.9929515,0.0]]}},
{"type":"Feature","properties":{"name":"Rua Projetada 10","descricao":"Loteamento Reserva da Serra","codigo":"","bairro":"ZONA RURAL (1º DISTRITO)","cep":""},"geometry":{"type":"LineString","coordinates":[[-38.2521062,-7.9929701,0.0],[-38.252632,-7.9928798,0.0]]}},
{"type":"Feature","properties":{"name":"Avenida Projetada Principal","descricao":"Loteamento Reserva da Serra","codigo":"","bairro":"ZONA RURAL (1º DISTRITO)","cep":""},"geometry":{"type":"LineString","coordinates":[[-38.2549997,-7.9887798,0.0],[-38.2549166,-7.9891278,0.0],[-38.2527601,-7.9895607,0.0],[-38.2533455,-7.9924129,0.0]]}},
{"type":"Feature","properties":{"name":"Rua Pedro Victor","descricao":"Lei 261 de 19.03.1969","codigo":"554","bairro":"CAIÇARINHA DA PENHA","cep":""},"geometry":{"type":"LineString","coordinates":[[-38.1337161,-8.1198449,0.0],[-38.1325976,-8.1210769,0.0]]}},
{"type":"Feature","properties":{"name":"Rua Joaquim Cordeiro","descricao":"Lei 263 de 19.03.1969","codigo":"","bairro":"CAIÇARINHA DA PENHA","cep":""},"geometry":{"type":"LineString","coordinates":[[-38.1366747,-8.1159985,0.0],[-38.1361562,-8.1178464,0.0],[-38.1360301,-8.1181889,0.0],[-38.1356635,-8.1188991,0.0],[-38.1344378,-8.1202115,0.0],[-38.1343438,-8.1203177,0.0]]}},
{"type":"Feature","properties":{"name":"Rua Luiz de Melo Lima","descricao":"Lei 263 de 19.03.1969","codigo":"518","bairro":"CAIÇARINHA DA PENHA","cep":""},"geometry":{"type":"LineString","coordinates":[[-38.1333494,-8.119188,0.0],[-38.1344378,-8.1202115,0.0],[-38.1343438,-8.1203177,0.0],[-38.1332486,-8.1192857,0.0]]}},
{"type":"Feature","properties":{"name":"Rua Miguel de Melo Lima","descricao":"Lei 1856 de 23.09.2021","codigo":"525","bairro":"CAIÇARINHA DA PENHA","cep":""},"geometry":{"type":"LineString","coordinates":[[-38.1343143,-8.1203575,0.0],[-38.1337688,-8.1209198,0.0]]}},
{"type":"Feature","properties":{"name":"Rua José Avelino de Souza","descricao":"Lei 1870 de 04.11.2021 (Antiga Rua Luiz Andrada) ","codigo":"","bairro":"CAIÇARINHA DA PENHA","cep":""},"geometry":{"type":"LineString","coordinates":[[-38.1346307,-8.1206679,0.0],[-38.1340916,-8.1212069,0.0]]}},
{"type":"Feature","properties":{"name":"Rua João Alves da Silva","descricao":"Lei 1867 de 18.10.2021","codigo":"","bairro":"CAIÇARINHA DA PENHA","cep":""},"geometry":{"type":"LineString","coordinates":[[-38.1347622,-8.1218519,0.0],[-38.1329168,-8.1202454,0.0]]}},
{"type":"Feature","properties":{"name":"Rua Abel Bernardino","descricao":"Lei 265 de 19.03.1969","codigo":"504","bairro":"CAIÇARINHA DA PENHA","cep":""},"geometry":{"type":"LineString","coordinates":[[-38.1344378,-8.1202115,0.0],[-38.1362489,-8.1219197,0.0],[-38.1361684,-8.1220232,0.0],[-38.1343438,-8.1203177,0.0]]}},
{"type":"Feature","properties":{"name":"Rua Manoel Alves de Lima","descricao":"Lei 1987 de 18.08.2023 (Antiga Rua da Cadeia)","codigo":"553","bairro":"CAIÇARINHA DA PENHA","cep":""},"geometry":{"type":"LineString","coordinates":[[-38.1356415,-8.1189852,0.0],[-38.135502,-8.1194864,0.0],[-38.1356093,-8.1198124,0.0],[-38.1348904,-8.1205811,0.0]]}},
{"type":"Feature","properties":{"name":"Estrada Sem Nome","descricao":"","codigo":"","bairro":"CAIÇARINHA DA PENHA","cep":""},"geometry":{"type":"LineString","coordinates":[[-38.1334366,-8.1190676,0.0],[-38.1331845,-8.1193543,0.0],[-38.13286,-8.120212,0.0],[-38.1324174,-8.120759,0.0],[-38.1315993,-8.1213432,0.0],[-38.1314813,-8.1214096,0.0],[-38.1312694,-8.1214096,0.0]]}},
{"type":"Feature","properties":{"name":"Estrada Sem Nome","descricao":"","codigo":"","bairro":"CAIÇARINHA DA PENHA","cep":""},"geometry":{"type":"LineString","coordinates":[[-38.1361684,-8.1220232,0.0],[-38.1363796,-8.1221849,0.0],[-38.1372326,-8.1225699,0.0],[-38.1379573,-8.1228733,0.0],[-38.1384777,-8.1231574,0.0]]}},
{"type":"Feature","properties":{"name":"Rua José Moreno do Nascimento","descricao":"Lei 1994 de 04.09.2023, altera a Lei 1904/2022 (Antiga Rua José Alves de Lima)","codigo":"","bairro":"CAIÇARINHA DA PENHA","cep":""},"geometry":{"type":"LineString","coordinates":[[-38.1352185,-8.1211769,0.0],[-38.1348268,-8.1218514,0.0]]}},
{"type":"Feature","properties":{"name":"Rua Luiz Moreno Neto","descricao":"Lei 2022 de 28.12.2023 (Antiga Rua Projetada Luiz Moreno)","codigo":"","bairro":"CAIÇARINHA DA PENHA","cep":""},"geometry":{"type":"LineString","coordinates":[[-38.1362538,-8.1201918,0.0],[-38.1359606,-8.1209949,0.0],[-38.1357631,-8.1213832,0.0],[-38.1354805,-8.1217809,0.0]]}},
{"type":"Feature","properties":{"name":"Rua Projetada 03","descricao":"Distrito Industrial","codigo":"","bairro":"VANETE ALMEIDA","cep":"56908030"},"geometry":{"type":"LineString","coordinates":[[-38.345112,-8.00223,0.0],[-38.346741,-8.003381,0.0]]}},
{"type":"Feature","properties":{"name":"Rua Projetada 04","descricao":"Distrito Industrial","codigo":"","bairro":"VANETE ALMEIDA","cep":"56908035"},"geometry":{"type":"LineString","coordinates":[[-38.342968,-8.005243,0.0],[-38.344596,-8.006395,0.0]]}},
{"type":"Feature","properties":{"name":"Rua Projetada 05","descricao":"Distrito Industrial","codigo":"","bairro":"VANETE ALMEIDA","cep":"56908040"},"geometry":{"type":"LineString","coordinates":[[-38.342255,-8.006245,0.0],[-38.343883,-8.007397,0.0]]}},
{"type":"Feature","properties":{"name":"Rua Projetada 06","descricao":"Distrito Industrial","codigo":"","bairro":"VANETE ALMEIDA","cep":"56908045"},"geometry":{"type":"LineString","coordinates":[[-38.340076,-8.009307,0.0],[-38.341704,-8.010458,0.0]]}},
{"type":"Feature","properties":{"name":"Rua Projetada 01","descricao":"Distrito Industrial","codigo":"","bairro":"VANETE ALMEIDA","cep":""},"geometry":{"type":"LineString","coordinates":[[-38.337351,-8.013137,0.0],[-38.339557,-8.013477,0.0]]}},
{"type":"Feature","properties":{"name":"Rua Projetada 02","descricao":"Distrito Industrial","codigo":"","bairro":"VANETE ALMEIDA","cep":"56908025"},"geometry":{"type":"LineString","coordinates":[[-38.339557,-8.013477,0.0],[-38.3467315,-8.0034022,0.0]]}},
{"type":"Feature","properties":{"name":"Rua Projetada Sapateiro Raimundo Morais","descricao":"Loteamento Quitandinha","codigo":"9201","bairro":"José Alves de Carvalho Nunes","cep":""},"geometry":{"type":"LineString","coordinates":[[-38.2689719,-7.9923374,0.0],[-38.2684489,-7.9927598,0.0]]}},
{"type":"Feature","properties":{"name":"Rua Major João Rufino Alves","descricao":"Prolongamento","codigo":"161","bairro":"JOSÉ RUFINO ALVES","cep":"56915010"},"geometry":{"type":"LineString","coordinates":[[-38.304694,-7.99763,0.0],[-38.305791,-7.99714,0.0],[-38.306982,-7.996612,0.0]]}},
{"type":"Feature","properties":{"name":"Avenida Luiz Rufino Alves","descricao":"Prolongamento","codigo":"1431","bairro":"JOSÉ RUFINO ALVES","cep":"56915260"},"geometry":{"type":"LineString","coordinates":[[-38.306101,-7.998028,0.0],[-38.305988,-7.997788,0.0],[-38.305915,-7.99757,0.0],[-38.305534,-7.996324,0.0]]}},
{"type":"Feature","properties":{"name":"Rua Darlineia Lopes Fernandes Silva","descricao":"Lei 1980 de 25.07.2023 (antiga Rua Projetada 01 Quadra 54 Quitandinha)","codigo":"9198","bairro":"JOSÉ ALVES CARVALHO NUNES","cep":""},"geometry":{"type":"LineString","coordinates":[[-38.2753079,-7.9920631,0.0],[-38.2749057,-7.9901916,0.0]]}},
{"type":"Feature","properties":{"name":"Avenida Paulo Nazzon Araújo Leão","descricao":"Lei 1907 de  01.04.2022","codigo":"","bairro":"JOSE RUFINO ALVES","cep":"56915115"},"geometry":{"type":"LineString","coordinates":[[-38.3058563,-8.0076425,0.0],[-38.2596572,-8.0164692,0.0]]}},
{"type":"Feature","properties":{"name":"Rodovia Vereador Bartolomeu Ferraz (PE 390)","descricao":"Lei Estadual 17327 de 28.06.2021 (Rodovia PE 390, que liga os municípios de Serra Talhada e Floresta)","codigo":"","bairro":"","cep":""},"geometry":{"type":"LineString","coordinates":[[-38.3228503,-8.0715024,0.0],[-38.2442894,-8.0032339,0.0]]}},
{"type":"Feature","properties":{"name":"Avenida Manoel Firmino Sobrinho","descricao":"Lei 1493 de 28.10.2015 (Antiga Rua do Comércio)","codigo":"","bairro":"VARZINHA","cep":"56923000"},"geometry":{"type":"LineString","coordinates":[[-38.1254423,-8.0325451,0.0],[-38.1252144,-8.0326514,0.0],[-38.1235487,-8.0328001,0.0],[-38.1223364,-8.0328665,0.0],[-38.121639,-8.0329023,0.0],[-38.1214378,-8.032901,0.0],[-38.1200377,-8.0326806,0.0]]}},
{"type":"Feature","properties":{"name":"Rua Vicente Tavares da Silva","descricao":"","codigo":"","bairro":"Varzinha","cep":"56923000"},"geometry":{"type":"LineString","coordinates":[[-38.124368,-8.031471,0.0],[-38.1233667,-8.0314467,0.0],[-38.1223474,-8.0314945,0.0],[-38.1212853,-8.0315158,0.0]]}},
{"type":"Feature","properties":{"name":"Avenida Joaquim Tiburtino de Lima","descricao":"Lei 1501 de 25.11.2015 (Antiga Rua Barão de Lucena)","codigo":"","bairro":"VARZINHA","cep":"56923000"},"geometry":{"type":"LineString","coordinates":[[-38.1233988,-8.0324435,0.0],[-38.1233371,-8.0306269,0.0],[-38.1233289,-8.0301899,0.0],[-38.1233279,-8.0294212,0.0],[-38.1233065,-8.0283721,0.0]]}},
{"type":"Feature","properties":{"name":"Rua José Bezerra de Lima","descricao":"Lei 1498 de 18.11.2015 (Antiga Rua Boa Vista)","codigo":"","bairro":"VARZINHA","cep":"56923000"},"geometry":{"type":"LineString","coordinates":[[-38.1224839,-8.0324482,0.0],[-38.1224678,-8.0313274,0.0],[-38.1224356,-8.0305625,0.0],[-38.122427,-8.029973,0.0]]}},
{"type":"Feature","properties":{"name":"Rua Soldado José Arderval de Melo Lima","descricao":"Lei 1504 de 25.11.2015 (Antiga Travessa do Grupo)","codigo":"","bairro":"VARZINHA","cep":"56923000"},"geometry":{"type":"LineString","coordinates":[[-38.1256156,-8.0333384,0.0],[-38.123553,-8.0334499,0.0],[-38.1215923,-8.0335429,0.0]]}},
{"type":"Feature","properties":{"name":"Rua Maria Francisca de Lima","descricao":"Lei 1511 de 23.12.2015 (Antiga Travessa do Grupo I)","codigo":"","bairro":"VARZINHA","cep":"56923000"},"geometry":{"type":"LineString","coordinates":[[-38.1233961,-8.0340325,0.0],[-38.1224278,-8.0340909,0.0],[-38.1215159,-8.0341254,0.0]]}},
{"type":"Feature","properties":{"name":"Avenida Vereador Orlando Silva de Lima","descricao":"Lei 1499 de 18.11.2015 (Antiga Rua do Grupo)","codigo":"9225","bairro":"VARZINHA","cep":"56923000"},"geometry":{"type":"LineString","coordinates":[[-38.1233643,-8.0382975,0.0],[-38.1234502,-8.0374662,0.0],[-38.1235575,-8.036542,0.0],[-38.1235306,-8.0355062,0.0],[-38.1234877,-8.034242,0.0],[-38.123467,-8.033533,0.0],[-38.1234287,-8.0328768,0.0]]}},
{"type":"Feature","properties":{"name":"Rua José Hildo de Lima ","descricao":"Lei 1509 de 23.12.2015 (Dé d Zé Amarante, antiga Rua da Caixa D'água I)","codigo":"","bairro":"VARZINHA","cep":"56923000"},"geometry":{"type":"LineString","coordinates":[[-38.12344,-8.035047,0.0],[-38.1223317,-8.0350042,0.0],[-38.1213902,-8.0349538,0.0]]}},
{"type":"Feature","properties":{"name":"Rua José Serafim de Souza","descricao":"Lei 1508 de 07.12.2015 (Antiga Travessa do Comércio)","codigo":"","bairro":"Varzinha","cep":"56923000"},"geometry":{"type":"LineString","coordinates":[[-38.1216247,-8.0329558,0.0],[-38.1208967,-8.038344,0.0]]}},
{"type":"Feature","properties":{"name":"Rua Sebastião Lucindo de Souza","descricao":"Lei n° 1.541, de 15 de Abril de 2016. ","codigo":"","bairro":"Varzinha","cep":"56923000"},"geometry":{"type":"LineString","coordinates":[[-38.1214956,-8.0334508,0.0],[-38.1197897,-8.0332091,0.0]]}},
{"type":"Feature","properties":{"name":"Rua João Freire de Siqueira","descricao":"Lei 1911 de 18.04.2022","codigo":"","bairro":"VARZINHA","cep":"56923000"},"geometry":{"type":"LineString","coordinates":[[-38.1239797,-8.0356015,0.0],[-38.1213293,-8.0354514,0.0]]}},
{"type":"Feature","properties":{"name":"Rua Sem Denominação","descricao":"","codigo":"","bairro":"Varzinha","cep":""},"geometry":{"type":"LineString","coordinates":[[-38.1223776,-8.0335967,0.0],[-38.1223964,-8.0341028,0.0],[-38.1223317,-8.0350042,0.0],[-38.1219402,-8.0380733,0.0]]}},
{"type":"Feature","properties":{"name":"Rua Sem Denominação","descricao":"","codigo":"","bairro":"Varzinha","cep":""},"geometry":{"type":"LineString","coordinates":[[-38.1213455,-8.0345587,0.0],[-38.1198757,-8.03441,0.0]]}},
{"type":"Feature","properties":{"name":"Rua Sem Denominação","descricao":"","codigo":"","bairro":"Varzinha","cep":""},"geometry":{"type":"LineString","coordinates":[[-38.1207689,-8.0333822,0.0],[-38.1204752,-8.0349345,0.0],[-38.1202183,-8.0363083,0.0],[-38.1201788,-8.0367256,0.0],[-38.120091,-8.0372811,0.0],[-38.1199925,-8.0376347,0.0],[-38.1198832,-8.0382379,0.0],[-38.1199344,-8.0384041,0.0],[-38.1200044,-8.0385505,0.0]]}},
{"type":"Feature","properties":{"name":"Rua Sem Denominação","descricao":"","codigo":"","bairro":"Varzinha","cep":""},"geometry":{"type":"LineString","coordinates":[[-38.1229711,-8.0341175,0.0],[-38.1229658,-8.0350019,0.0]]}},
{"type":"Feature","properties":{"name":"Rua Antônio Tavares da Silva","descricao":"Lei 2035 de 20.03.2024","codigo":"","bairro":"Varzinha","cep":""},"geometry":{"type":"LineString","coordinates":[[-38.1238908,-8.0360824,0.0],[-38.1222412,-8.0360028,0.0]]}},
{"type":"Feature","properties":{"name":"Rua José Florentino de Lima","descricao":"Lei 2034 de 20.03.2024","codigo":"","bairro":"Varzinha","cep":""},"geometry":{"type":"LineString","coordinates":[[-38.1235126,-8.0365605,0.0],[-38.1221742,-8.0364729,0.0]]}},
{"type":"Feature","properties":{"name":"Rua Sem Denominação","descricao":"","codigo":"","bairro":"Varzinha","cep":""},"geometry":{"type":"LineString","coordinates":[[-38.1234634,-8.037051,0.0],[-38.1221062,-8.0369607,0.0]]}},
{"type":"Feature","properties":{"name":"Rua Sem Denominação","descricao":"","codigo":"","bairro":"Varzinha","cep":""},"geometry":{"type":"LineString","coordinates":[[-38.1234124,-8.0375423,0.0],[-38.1220418,-8.0374733,0.0]]}},
{"type":"Feature","properties":{"name":"Rua Sem Denominação","descricao":"","codigo":"","bairro":"Varzinha","cep":""},"geometry":{"type":"LineString","coordinates":[[-38.1235521,-8.0350882,0.0],[-38.1251802,-8.035144,0.0]]}},
{"type":"Feature","properties":{"name":"Rua Sem Denominação","descricao":"","codigo":"","bairro":"Varzinha","cep":""},"geometry":{"type":"LineString","coordinates":[[-38.1273851,-8.0328564,0.0],[-38.1269935,-8.0328882,0.0]]}},
{"type":"Feature","properties":{"name":"Rua Sem Denominação","descricao":"","codigo":"","bairro":"Varzinha","cep":""},"geometry":{"type":"LineString","coordinates":[[-38.1255937,-8.0326538,0.0],[-38.1256581,-8.0333257,0.0]]}},
{"type":"Feature","properties":{"name":"Rua Sem Denominação","descricao":"","codigo":"","bairro":"Varzinha","cep":""},"geometry":{"type":"LineString","coordinates":[[-38.1230094,-8.0334228,0.0],[-38.1229853,-8.0329262,0.0]]}},
{"type":"Feature","properties":{"name":"Rua Sem Denominação","descricao":"","codigo":"","bairro":"Varzinha","cep":""},"geometry":{"type":"LineString","coordinates":[[-38.122819,-8.0329288,0.0],[-38.1228163,-8.0334361,0.0]]}},
{"type":"Feature","properties":{"name":"Rua Sem Denominação","descricao":"","codigo":"","bairro":"Varzinha","cep":""},"geometry":{"type":"LineString","coordinates":[[-38.1202231,-8.0327736,0.0],[-38.1201453,-8.0332437,0.0]]}},
{"type":"Feature","properties":{"name":"Avenida Manoel Firmino Sobrinho","descricao":"","codigo":"","bairro":"","cep":""},"geometry":{"type":"LineString","coordinates":[[-38.1206757,-8.0321451,0.0],[-38.1213708,-8.0322561,0.0],[-38.1217249,-8.0323597,0.0],[-38.1221433,-8.0325323,0.0],[-38.1224779,-8.0325621,0.0],[-38.123414,-8.0325249,0.0],[-38.1251414,-8.0323576,0.0],[-38.1254793,-8.0324081,0.0]]}},
{"type":"Feature","properties":{"name":"BR-232","descricao":"","codigo":"","bairro":"","cep":""},"geometry":{"type":"LineString","coordinates":[[-38.1180551,-8.0319768,0.0],[-38.1216171,-8.0326301,0.0],[-38.1226365,-8.0327156,0.0],[-38.1235028,-8.0326625,0.0],[-38.133237,-8.0317216,0.0]]}},
{"type":"Feature","properties":{"name":"Via Local 01","descricao":"","codigo":"","bairro":"NOVO HORIZONTE","cep":""},"geometry":{"type":"LineString","coordinates":[[-38.1232084,-8.0388431,0.0],[-38.1218888,-8.0388165,0.0]]}},
{"type":"Feature","properties":{"name":"Via Local 02","descricao":"","codigo":"","bairro":"NOVO HORIZONTE","cep":""},"geometry":{"type":"LineString","coordinates":[[-38.1218244,-8.0392787,0.0],[-38.1231333,-8.0393052,0.0]]}},
{"type":"Feature","properties":{"name":"Rua Maria Cilene de Lima Teles","descricao":"Lei 1713 de 08.11.2011 (antiga Via Local 03)","codigo":"","bairro":"NOVO HORIZONTE","cep":""},"geometry":{"type":"LineString","coordinates":[[-38.1217547,-8.0397594,0.0],[-38.1230985,-8.0398045,0.0]]}},
{"type":"Feature","properties":{"name":"Avenida Vereador Orlando Silva de Lima","descricao":"Prolongamento","codigo":"","bairro":"","cep":""},"geometry":{"type":"LineString","coordinates":[[-38.1233643,-8.0382975,0.0],[-38.1222547,-8.0476688,0.0]]}},
{"type":"Feature","properties":{"name":"Rua José Gomes da Silva","descricao":"Prolongamento","codigo":"1519","bairro":"JOSÉ ALVES CARVALHO NUNES","cep":"56904240"},"geometry":{"type":"LineString","coordinates":[[-38.2768345,-7.9918082,0.0],[-38.2760557,-7.9919666,0.0]]}},
{"type":"Feature","properties":{"name":"Rua Antônio Alves de Oliveira","descricao":"Lei 1978 de 11.07.2023","codigo":"138","bairro":"AABB - NOSSA SENHORA DA CONCEIÇÃO","cep":"56912160"},"geometry":{"type":"LineString","coordinates":[[-38.2925766,-8.0034047,0.0],[-38.2921402,-8.0018438,0.0],[-38.2919233,-8.0010607,0.0],[-38.2917441,-8.000267,0.0],[-38.2915596,-7.9997902,0.0],[-38.2912588,-7.9990775,0.0],[-38.2908931,-7.998243,0.0],[-38.2906511,-7.9975928,0.0],[-38.2903074,-7.9966361,0.0],[-38.2900146,-7.995808,0.0],[-38.2897236,-7.9949974,0.0],[-38.2892418,-7.99372,0.0],[-38.2888036,-7.9924879,0.0],[-38.2859802,-7.9848283,0.0]]}},
{"type":"Feature","properties":{"name":"Avenida Luiz Cordeiro de Siqueira","descricao":"Lei 1924 de 20.07.2022 (Trecho da PE 320)","codigo":"","bairro":"1º Distrito","cep":""},"geometry":{"type":"LineString","coordinates":[[-38.1726625,-7.9431795,0.0],[-38.1684139,-7.9417131,0.0],[-38.1640472,-7.9401936,0.0],[-38.1579425,-7.9380897,0.0],[-38.1557968,-7.9373352,0.0]]}},
{"type":"Feature","properties":{"name":"Travessa Augusto Alves de Almeida","descricao":"","codigo":"","bairro":"SAO SEBASTIAO","cep":""},"geometry":{"type":"LineString","coordinates":[[-38.3068823,-7.9791627,0.0],[-38.306818,-7.9786925,0.0]]}},
{"type":"Feature","properties":{"name":"Estrada Antônio Pereira de Sousa","descricao":"Lei 1941 de 06.12.2022 (antiga Estrada Projetada no Assentamento São Lourenço, Distrito de Santa Rita)","codigo":"","bairro":"SANTA RITA","cep":""},"geometry":{"type":"LineString","coordinates":[[-38.5144037,-7.7658458,0.0],[-38.5174951,-7.7673149,0.0]]}},
{"type":"Feature","properties":{"name":"Rua Maria Edileuza de Melo","descricao":"Lei 1801 de 18.12.2020 (Didi, antiga Rua 11 COHAB)","codigo":"236","bairro":"TANCREDO NEVES","cep":"56909208"},"geometry":{"type":"LineString","coordinates":[[-38.2827648,-7.9788897,0.0],[-38.280647,-7.9751072,0.0]]}},
{"type":"Feature","properties":{"name":"Rua Maria Barbosa da Silva","descricao":"Lei 1939 de 25.10.2022 (Mercês, antiga Rua Projetada 02)","codigo":"","bairro":"AABB","cep":""},"geometry":{"type":"LineString","coordinates":[[-38.2834948,-8.0013028,0.0],[-38.2840085,-8.0031873,0.0]]}},
{"type":"Feature","properties":{"name":"Rua Maria do Carmo Pereira de Souza","descricao":"Lei 726 de 11.04.90","codigo":"263","bairro":"NOSSA SENHORA DA PENHA - SÃO CRISTÓVÃO","cep":"56903047"},"geometry":{"type":"LineString","coordinates":[[-38.3000844,-7.9863993,0.0],[-38.2988494,-7.985135,0.0],[-38.2975902,-7.9839372,0.0]]}},
{"type":"Feature","properties":{"name":"Avenida Adriano Duque de Godoy Sousa","descricao":"prolongamento do Anel Viário","codigo":"8040","bairro":"VILA BELA","cep":""},"geometry":{"type":"LineString","coordinates":[[-38.3122948,-7.9916081,0.0],[-38.3132886,-7.9923052,0.0],[-38.3138133,-7.9927048,0.0],[-38.3143252,-7.9931963,0.0],[-38.3147973,-7.9936877,0.0],[-38.3152854,-7.994195,0.0],[-38.316184,-7.9951141,0.0],[-38.3165085,-7.9953558,0.0],[-38.3166453,-7.9954022,0.0],[-38.3167351,-7.9954102,0.0],[-38.3168223,-7.9953664,0.0],[-38.3171831,-7.9950224,0.0]]}},
{"type":"Feature","properties":{"name":"Avenida Adriano Duque de Godoy Sousa","descricao":"prolongamento do Anel Viário","codigo":"","bairro":"JOSÉ TOMÉ DE SOUSA - TANCREDO NEVES","cep":""},"geometry":{"type":"LineString","coordinates":[[-38.2902448,-7.9724595,0.0],[-38.2865885,-7.9694684,0.0],[-38.2828898,-7.9663472,0.0],[-38.2798786,-7.9638641,0.0],[-38.2783309,-7.9626127,0.0],[-38.2779351,-7.962334,0.0],[-38.2744906,-7.9605511,0.0],[-38.2719291,-7.9592226,0.0],[-38.2717508,-7.9591187,0.0],[-38.2715376,-7.958954,0.0],[-38.2712925,-7.958761,0.0],[-38.2709438,-7.9583093,0.0],[-38.2693706,-7.9552669,0.0],[-38.2691627,-7.9549203,0.0],[-38.2689548,-7.9546347,0.0],[-38.2687523,-7.9544156,0.0],[-38.2686021,-7.9542841,0.0],[-38.268476,-7.9541977,0.0],[-38.2680304,-7.9539401,0.0],[-38.2678024,-7.9538418,0.0],[-38.2674053,-7.9537458,0.0],[-38.2644334,-7.9531418,0.0],[-38.2624004,-7.9528061,0.0]]}},
{"type":"Feature","properties":{"name":"Avenida Adriano Duque de Godoy Sousa","descricao":"prolongamento do Anel Viário (antigo trecho da Rua Maria do Carmo Pereira de Souza)","codigo":"8040","bairro":"BOM JESUS - NOSSA SENHORA DA PENHA","cep":""},"geometry":{"type":"LineString","coordinates":[[-38.3038747,-7.9876643,0.0],[-38.3048671,-7.9878781,0.0],[-38.3055913,-7.9881118,0.0],[-38.3060432,-7.9883549,0.0]]}},
{"type":"Feature","properties":{"name":"Avenida Adriano Duque de Godoy Sousa","descricao":"prolongamento do Anel Viário (antigo trecho da Rua Joaquim Timóteo de Lima)","codigo":"8040","bairro":"BOM JESUS","cep":""},"geometry":{"type":"LineString","coordinates":[[-38.3061111,-7.988391,0.0],[-38.306622,-7.9889408,0.0]]}},
{"type":"Feature","properties":{"name":"Rua Projetada Paral Av Waldemar Ignácio","descricao":"","codigo":"157","bairro":"NOSSA SENHORA DA PENHA","cep":""},"geometry":{"type":"LineString","coordinates":[[-38.2987141,-7.9842938,0.0],[-38.2987364,-7.9841477,0.0],[-38.2987439,-7.9840774,0.0],[-38.2986433,-7.9841642,0.0],[-38.2987439,-7.9840774,0.0],[-38.2992925,-7.9834009,0.0],[-38.2999738,-7.9826482,0.0]]}},
{"type":"Feature","properties":{"name":"Avenida Adriano Duque de Godoy Sousa","descricao":"prolongamento do Anel Viário (antigo trecho da Avenida Projetada Linha Férrea)","codigo":"","bairro":"TANCREDO NEVES","cep":""},"geometry":{"type":"LineString","coordinates":[[-38.2620932,-7.9527198,0.0],[-38.2614602,-7.9526082,0.0],[-38.2609935,-7.9524914,0.0],[-38.2605513,-7.9523031,0.0],[-38.2600298,-7.9520164,0.0]]}},
{"type":"Feature","properties":{"name":"Rua Projetada 20","descricao":"Loteamento Zona Sul","codigo":"","bairro":"JOSÉ RUFINO ALVES","cep":""},"geometry":{"type":"LineString","coordinates":[[-38.3040428,-8.0074369,0.0],[-38.3047562,-8.0076653,0.0]]}},
{"type":"Feature","properties":{"name":"Rua José Olavo de Andrada","descricao":"prolongamento","codigo":"10","bairro":"NOSSA SENHORA DA PENHA","cep":"56903512"},"geometry":{"type":"LineString","coordinates":[[-38.3038408,-7.9904516,0.0],[-38.3044899,-7.9902816,0.0]]}},
{"type":"Feature","properties":{"name":"Avenida Projetada das Bromélias Leste","descricao":"Loteamento Villa São Miguel","codigo":"9114","bairro":"TANCREDO NEVES","cep":""},"geometry":{"type":"LineString","coordinates":[[-38.2783662,-7.9740411,0.0],[-38.2779799,-7.9735085,0.0],[-38.2764795,-7.971356,0.0],[-38.2753244,-7.9694602,0.0],[-38.2740216,-7.966987,0.0],[-38.273291,-7.965569,0.0],[-38.272615,-7.964341,0.0]]}},
{"type":"Feature","properties":{"name":"Avenida Projetada Linha da Chesf","descricao":"","codigo":"1427","bairro":"TANCREDO NEVES","cep":""},"geometry":{"type":"LineString","coordinates":[[-38.2782381,-7.9744293,0.0],[-38.277875,-7.974215,0.0],[-38.2587157,-7.969435,0.0]]}},
{"type":"Feature","properties":{"name":"Rua Projetada 09","descricao":"Loteamento Manoel Carvalho","codigo":"","bairro":"TANCREDO NEVES","cep":""},"geometry":{"type":"LineString","coordinates":[[-38.2749788,-7.9734164,0.0],[-38.274558,-7.97196,0.0]]}},
{"type":"Feature","properties":{"name":"Rua Projetada 10","descricao":"Loteamento Manoel Carvalho","codigo":"1425","bairro":"TANCREDO NEVES","cep":""},"geometry":{"type":"LineString","coordinates":[[-38.2740333,-7.9731873,0.0],[-38.2737194,-7.9716905,0.0]]}},
{"type":"Feature","properties":{"name":"Rua Projetada 01 Início Linha da Chesf","descricao":"","codigo":"","bairro":"TANCREDO NEVES","cep":""},"geometry":{"type":"LineString","coordinates":[[-38.2728614,-7.9729159,0.0],[-38.27266,-7.97195,0.0]]}},
{"type":"Feature","properties":{"name":"Rua Projetada 01","descricao":"Loteamento Manoel Carvalho","codigo":"1416","bairro":"TANCREDO NEVES","cep":""},"geometry":{"type":"LineString","coordinates":[[-38.275998,-7.971098,0.0],[-38.273722,-7.971718,0.0]]}},
{"type":"Feature","properties":{"name":"Rua Projetada 02","descricao":"Loteamento Manoel Carvalho","codigo":"1417","bairro":"TANCREDO NEVES","cep":""},"geometry":{"type":"LineString","coordinates":[[-38.275554,-7.971667,0.0],[-38.2738277,-7.9721729,0.0]]}},
{"type":"Feature","properties":{"name":"Rua José Domiciliano Paixão","descricao":"Lei 1992 de 23.08.2023 (antiga Rua Projetada 03, Loteamento Manoel Carvalho)","codigo":"1418","bairro":"TANCREDO NEVES","cep":"56909322"},"geometry":{"type":"LineString","coordinates":[[-38.275818,-7.972048,0.0],[-38.273909,-7.972617,0.0]]}},
{"type":"Feature","properties":{"name":"Rua Projetada 04","descricao":"Loteamento Manoel Carvalho","codigo":"1419","bairro":"TANCREDO NEVES","cep":""},"geometry":{"type":"LineString","coordinates":[[-38.276557,-7.972309,0.0],[-38.2739947,-7.9730227,0.0]]}},
{"type":"Feature","properties":{"name":"Rua Projetada 05","descricao":"Loteamento Manoel Carvalho","codigo":"1420","bairro":"TANCREDO NEVES","cep":""},"geometry":{"type":"LineString","coordinates":[[-38.276354,-7.972835,0.0],[-38.2746493,-7.9733507,0.0]]}},
{"type":"Feature","properties":{"name":"Rua Projetada 06","descricao":"Loteamento Manoel Carvalho","codigo":"1421","bairro":"TANCREDO NEVES","cep":""},"geometry":{"type":"LineString","coordinates":[[-38.276889,-7.972781,0.0],[-38.2757207,-7.9735889,0.0]]}},
{"type":"Feature","properties":{"name":"Rua Domingos Sávio dos Santos Diniz","descricao":"Lei 2055 de 11.11.2024 (antiga Rua Projetada 07, Loteamento Manoel Carvalho)","codigo":"1422","bairro":"TANCREDO NEVES","cep":"56909"},"geometry":{"type":"LineString","coordinates":[[-38.276756,-7.973418,0.0],[-38.2762335,-7.9737794,0.0]]}},
{"type":"Feature","properties":{"name":"Rua Projetada 14 Paralela Linha da Chesf","descricao":"","codigo":"","bairro":"TANCREDO NEVES","cep":""},"geometry":{"type":"LineString","coordinates":[[-38.2737194,-7.9716905,0.0],[-38.2716234,-7.9722063,0.0]]}},
{"type":"Feature","properties":{"name":"Rua Projetada 13 Paralela Linha da Chesf","descricao":"","codigo":"9222","bairro":"TANCREDO NEVES","cep":""},"geometry":{"type":"LineString","coordinates":[[-38.273783,-7.972026,0.0],[-38.2716981,-7.9725347,0.0]]}},
{"type":"Feature","properties":{"name":"Rua Projetada 12 Paralela Linha da Chesf","descricao":"","codigo":"","bairro":"TANCREDO NEVES","cep":""},"geometry":{"type":"LineString","coordinates":[[-38.273853,-7.972375,0.0],[-38.2722361,-7.9727482,0.0]]}},
{"type":"Feature","properties":{"name":"Rua Projetada 11 Paralela Linha da Chesf","descricao":"","codigo":"","bairro":"TANCREDO NEVES","cep":""},"geometry":{"type":"LineString","coordinates":[[-38.27393,-7.97271,0.0],[-38.2728971,-7.9729581,0.0]]}},
{"type":"Feature","properties":{"name":"Rua Projetada 10 Paralela Linha da Chesf","descricao":"","codigo":"","bairro":"TANCREDO NEVES","cep":""},"geometry":{"type":"LineString","coordinates":[[-38.274002,-7.9730508,0.0],[-38.2736721,-7.9731278,0.0]]}},
{"type":"Feature","properties":{"name":"Rua Via Local 03","descricao":"Loteamento Brisas da Serra","codigo":"9002","bairro":"SÃO SEBASTIÃO","cep":""},"geometry":{"type":"LineString","coordinates":[[-38.296103,-7.97243,0.0],[-38.296056,-7.972504,0.0],[-38.295141,-7.972464,0.0],[-38.294974,-7.972396,0.0]]}},
{"type":"Feature","properties":{"name":"Rua Via Local 04","descricao":"Loteamento Brisas da Serra","codigo":"","bairro":"SÃO SEBASTIÃO","cep":""},"geometry":{"type":"LineString","coordinates":[[-38.294974,-7.972396,0.0],[-38.293916,-7.97196,0.0]]}},
{"type":"Feature","properties":{"name":"Rua Via Local 01","descricao":"Loteamento Brisas da Serra","codigo":"9001","bairro":"SÃO SEBASTIÃO","cep":""},"geometry":{"type":"LineString","coordinates":[[-38.292279,-7.971499,0.0],[-38.292641,-7.971637,0.0],[-38.292797,-7.971697,0.0],[-38.293182,-7.971878,0.0],[-38.293331,-7.971927,0.0],[-38.29383,-7.971946,0.0],[-38.293916,-7.97196,0.0],[-38.294992,-7.972002,0.0],[-38.295416,-7.972021,0.0],[-38.296072,-7.972051,0.0],[-38.296261,-7.972054,0.0],[-38.296287,-7.972063,0.0],[-38.2963,-7.972082,0.0],[-38.296306,-7.972107,0.0],[-38.2963,-7.972134,0.0],[-38.296257,-7.972195,0.0],[-38.296072,-7.972051,0.0]]}},
{"type":"Feature","properties":{"name":"Rua Via Local 02","descricao":"Loteamento Brisas da Serra","codigo":"","bairro":"SÃO SEBASTIÃO","cep":""},"geometry":{"type":"LineString","coordinates":[[-38.294992,-7.972002,0.0],[-38.294974,-7.972396,0.0]]}},
{"type":"Feature","properties":{"name":"Rua Via Local 05","descricao":"Loteamento Brisas da Serra","codigo":"9003","bairro":"SÃO SEBASTIÃO","cep":""},"geometry":{"type":"LineString","coordinates":[[-38.296603,-7.971583,0.0],[-38.29658,-7.971587,0.0],[-38.295599,-7.971395,0.0],[-38.29554,-7.971389,0.0],[-38.294083,-7.971228,0.0],[-38.293922,-7.971224,0.0],[-38.293867,-7.971227,0.0],[-38.293812,-7.971235,0.0],[-38.293687,-7.971266,0.0],[-38.292641,-7.971637,0.0]]}},
{"type":"Feature","properties":{"name":"Rua Projetada","descricao":"Loteamento Brisas da Serra","codigo":"","bairro":"SÃO SEBASTIÃO","cep":""},"geometry":{"type":"LineString","coordinates":[[-38.2909552,-7.9729853,0.0],[-38.291002,-7.972924,0.0],[-38.292279,-7.971499,0.0]]}},
{"type":"Feature","properties":{"name":"Rua Via Local 16","descricao":"Loteamento Brisas da Serra","codigo":"","bairro":"SÃO SEBASTIÃO","cep":""},"geometry":{"type":"LineString","coordinates":[[-38.29243,-7.971331,0.0],[-38.292484,-7.971338,0.0],[-38.292499,-7.971342,0.0],[-38.29253,-7.971357,0.0],[-38.292552,-7.971382,0.0],[-38.292564,-7.971406,0.0],[-38.292592,-7.971482,0.0],[-38.292641,-7.971637,0.0]]}},
{"type":"Feature","properties":{"name":"Rua Via Local 11","descricao":"Loteamento Brisas da Serra","codigo":"9007","bairro":"SÃO SEBASTIÃO","cep":""},"geometry":{"type":"LineString","coordinates":[[-38.293804,-7.970664,0.0],[-38.293867,-7.971227,0.0]]}},
{"type":"Feature","properties":{"name":"Travessa Via Local 14","descricao":"Loteamento Brisas da Serra","codigo":"9011","bairro":"SÃO SEBASTIÃO","cep":""},"geometry":{"type":"LineString","coordinates":[[-38.296947,-7.96989,0.0],[-38.296891,-7.970165,0.0]]}},
{"type":"Feature","properties":{"name":"Travessa Via Local 15","descricao":"Loteamento Brisas da Serra","codigo":"9012","bairro":"SÃO SEBASTIÃO","cep":""},"geometry":{"type":"LineString","coordinates":[[-38.296418,-7.969717,0.0],[-38.296353,-7.97006,0.0]]}},
{"type":"Feature","properties":{"name":"Rua Via Local 08","descricao":"Loteamento Brisas da Serra","codigo":"9010","bairro":"SÃO SEBASTIÃO","cep":""},"geometry":{"type":"LineString","coordinates":[[-38.29741,-7.970266,0.0],[-38.296891,-7.970165,0.0],[-38.296353,-7.97006,0.0],[-38.295822,-7.969957,0.0],[-38.294247,-7.969779,0.0],[-38.294186,-7.969734,0.0]]}},
{"type":"Feature","properties":{"name":"Rua Via Local 09","descricao":"Loteamento Brisas da Serra","codigo":"9013","bairro":"SÃO SEBASTIÃO","cep":""},"geometry":{"type":"LineString","coordinates":[[-38.295877,-7.96959,0.0],[-38.295854,-7.969572,0.0],[-38.295579,-7.969473,0.0],[-38.294566,-7.96936,0.0],[-38.294545,-7.969366,0.0]]}},
{"type":"Feature","properties":{"name":"Rua Via Local 10","descricao":"Loteamento Brisas da Serra","codigo":"9014","bairro":"SÃO SEBASTIÃO","cep":""},"geometry":{"type":"LineString","coordinates":[[-38.294545,-7.969366,0.0],[-38.294186,-7.969734,0.0],[-38.293757,-7.970199,0.0],[-38.293387,-7.970583,0.0],[-38.29325,-7.97073,0.0],[-38.293114,-7.970882,0.0]]}},
{"type":"Feature","properties":{"name":"Rua Via Local 13","descricao":"Loteamento Brisas da Serra","codigo":"9008","bairro":"SÃO SEBASTIÃO","cep":""},"geometry":{"type":"LineString","coordinates":[[-38.29741,-7.970266,0.0],[-38.297157,-7.970683,0.0],[-38.296909,-7.971096,0.0],[-38.296603,-7.971583,0.0]]}},
{"type":"Feature","properties":{"name":"Rua Via Local 07","descricao":"Loteamento Brisas da Serra","codigo":"9009","bairro":"SÃO SEBASTIÃO","cep":""},"geometry":{"type":"LineString","coordinates":[[-38.2971485,-7.970681,0.0],[-38.29711,-7.970673,0.0],[-38.295734,-7.970402,0.0],[-38.294065,-7.970215,0.0],[-38.293757,-7.970199,0.0]]}},
{"type":"Feature","properties":{"name":"Rua Via Local 06","descricao":"Loteamento Brisas da Serra","codigo":"8026","bairro":"SÃO SEBASTIÃO","cep":""},"geometry":{"type":"LineString","coordinates":[[-38.296909,-7.971096,0.0],[-38.295645,-7.970847,0.0],[-38.293958,-7.970657,0.0],[-38.293804,-7.970664,0.0],[-38.293713,-7.970678,0.0],[-38.293512,-7.97074,0.0],[-38.293114,-7.970882,0.0],[-38.292742,-7.971011,0.0],[-38.292709,-7.97103,0.0],[-38.29243,-7.971331,0.0],[-38.292279,-7.971499,0.0]]}},
{"type":"Feature","properties":{"name":"Rua Via Local 12","descricao":"Loteamento Brisas da Serra","codigo":"9006","bairro":"SÃO SEBASTIÃO","cep":""},"geometry":{"type":"LineString","coordinates":[[-38.295877,-7.96959,0.0],[-38.295886,-7.969612,0.0],[-38.295822,-7.969957,0.0],[-38.295734,-7.970402,0.0],[-38.295645,-7.970847,0.0],[-38.29554,-7.971389,0.0],[-38.295416,-7.972021,0.0]]}},
{"type":"Feature","properties":{"name":"Rua Custódio Conrado de Lorena e Sá","descricao":"Prolongamento","codigo":"1535","bairro":"AABB","cep":"56912550"},"geometry":{"type":"LineString","coordinates":[[-38.2915186,-7.9998122,0.0],[-38.2908776,-8.0002691,0.0]]}},
{"type":"Feature","properties":{"name":"Rua José Alves Conserva","descricao":"Prolongamento","codigo":"412","bairro":"AABB","cep":"56912156"},"geometry":{"type":"LineString","coordinates":[[-38.2913065,-7.9993898,0.0],[-38.2907584,-7.9998081,0.0]]}},
{"type":"Feature","properties":{"name":"Rua Regina Pereira Lima","descricao":"Antiga Rua Projetada 01 Paral Rua Custódio Conrado","codigo":"9215","bairro":"AABB","cep":""},"geometry":{"type":"LineString","coordinates":[[-38.2917065,-8.0003055,0.0],[-38.2909595,-8.0005034,0.0]]}},
{"type":"Feature","properties":{"name":"Rua Projetada 02 Paral Rua Custódio Conrado","descricao":"","codigo":"17337","bairro":"AABB","cep":""},"geometry":{"type":"LineString","coordinates":[[-38.2918277,-8.0008186,0.0],[-38.2910968,-8.0010205,0.0]]}},
{"type":"Feature","properties":{"name":"Rua Antônio Liobino de Souza","descricao":"prolongamento","codigo":"","bairro":"NOSSA SENHORA DE FÁTIMA","cep":"56909512"},"geometry":{"type":"LineString","coordinates":[[-38.2890986,-7.9803454,0.0],[-38.2889385,-7.9801259,0.0]]}},
{"type":"Feature","properties":{"name":"Rua Projetada Início Avenida Luiz Cosme de Magalhães","descricao":"","codigo":"9220","bairro":"TANCREDO NEVES","cep":""},"geometry":{"type":"LineString","coordinates":[[-38.2727542,-7.9641116,0.0],[-38.272423,-7.9644251,0.0],[-38.2720206,-7.9647832,0.0],[-38.2719119,-7.9648576,0.0],[-38.2718073,-7.9649891,0.0],[-38.2715364,-7.9654168,0.0],[-38.2709767,-7.9662625,0.0],[-38.2707555,-7.9666517,0.0],[-38.2705409,-7.967005,0.0],[-38.2702002,-7.9674645,0.0],[-38.2700997,-7.9675708,0.0]]}},
{"type":"Feature","properties":{"name":"Rua Projetada 01","descricao":"Condomínio Alden Ville","codigo":"2234","bairro":"TANCREDO NEVES","cep":""},"geometry":{"type":"LineString","coordinates":[[-38.2701464,-7.9618599,0.0],[-38.2689619,-7.9605847,0.0]]}},
{"type":"Feature","properties":{"name":"Rua Projetada 02","descricao":"Condomínio Alden Ville","codigo":"8024","bairro":"TANCREDO NEVES","cep":""},"geometry":{"type":"LineString","coordinates":[[-38.2699958,-7.9617808,0.0],[-38.2682748,-7.9627336,0.0]]}},
{"type":"Feature","properties":{"name":"Rua Projetada 03","descricao":"Condomínio Alden Ville","codigo":"2236","bairro":"TANCREDO NEVES","cep":""},"geometry":{"type":"LineString","coordinates":[[-38.2696772,-7.9614332,0.0],[-38.2679403,-7.962391,0.0]]}},
{"type":"Feature","properties":{"name":"Rua Projetada 04","descricao":"Condomínio Alden Ville","codigo":"2238","bairro":"TANCREDO NEVES","cep":""},"geometry":{"type":"LineString","coordinates":[[-38.2693704,-7.9611088,0.0],[-38.2676259,-7.9620416,0.0]]}},
{"type":"Feature","properties":{"name":"Rua Projetada 05","descricao":"Condomínio Alden Ville","codigo":"2242","bairro":"TANCREDO NEVES","cep":""},"geometry":{"type":"LineString","coordinates":[[-38.2690445,-7.9607537,0.0],[-38.2672971,-7.9617033,0.0]]}},
{"type":"Feature","properties":{"name":"Rua Projetada 06","descricao":"Condomínio Alden Ville","codigo":"2239","bairro":"TANCREDO NEVES","cep":""},"geometry":{"type":"LineString","coordinates":[[-38.2671181,-7.9615735,0.0],[-38.2683376,-7.962901,0.0]]}},
{"type":"Feature","properties":{"name":"Travessa Projetada 01","descricao":"Condomínio Alden Ville","codigo":"","bairro":"TANCREDO NEVES","cep":""},"geometry":{"type":"LineString","coordinates":[[-38.2688123,-7.9618747,0.0],[-38.2686299,-7.9615426,0.0]]}},
{"type":"Feature","properties":{"name":"Rua Projetada 02 Quadra 55 Quitandinha","descricao":"","codigo":"9218","bairro":"JOSÉ ALVES CARVALHO NUNES","cep":""},"geometry":{"type":"LineString","coordinates":[[-38.2747341,-7.9922264,0.0],[-38.2743221,-7.990346,0.0]]}},
{"type":"Feature","properties":{"name":"Rua Projetada 03 Quadra 56 Quitandinha","descricao":"","codigo":"9219","bairro":"JOSÉ ALVES CARVALHO NUNES","cep":""},"geometry":{"type":"LineString","coordinates":[[-38.2740788,-7.9923791,0.0],[-38.2736523,-7.9904852,0.0]]}},
{"type":"Feature","properties":{"name":"Travessa José Clarival de Souza","descricao":"","codigo":"","bairro":"TANCREDO NEVES","cep":""},"geometry":{"type":"LineString","coordinates":[[-38.2778372,-7.9770238,0.0],[-38.2777111,-7.9764819,0.0]]}},
{"type":"Feature","properties":{"name":"Rua Projetada","descricao":"","codigo":"","bairro":"BOM JESUS","cep":""},"geometry":{"type":"LineString","coordinates":[[-38.3110894,-7.9913696,0.0],[-38.3106776,-7.9916406,0.0]]}},
{"type":"Feature","properties":{"name":"Travessa Projetada","descricao":"","codigo":"","bairro":"BOM JESUS","cep":""},"geometry":{"type":"LineString","coordinates":[[-38.3098957,-7.9906488,0.0],[-38.3098689,-7.9911628,0.0]]}},
{"type":"Feature","properties":{"name":"Praça Melânia Nunes de Souza","descricao":"Lei 2007 de 19.10.2023 (Dona Mocinha)","codigo":"","bairro":"SÃO CRISTÓVÃO","cep":""},"geometry":{"type":"LineString","coordinates":[[-38.2956366,-7.9824902,0.0],[-38.2953013,-7.9826509,0.0],[-38.2951021,-7.9828328,0.0],[-38.2953013,-7.9826509,0.0],[-38.2950076,-7.9827677,0.0]]}},
{"type":"Feature","properties":{"name":"Rua João Dionísio Alves","descricao":"Lei 2006 de 19.10.2023 (João Caiçara)","codigo":"","bairro":"CAIÇARINHA DA PENHA","cep":""},"geometry":{"type":"LineString","coordinates":[[-38.135327,-8.12098,0.0],[-38.1360202,-8.1200444,0.0]]}},
{"type":"Feature","properties":{"name":"Rua Projetada Dona Iraci Cuchatruz Godoy","descricao":"Rua Projetada 21 (Loteamento Quitandinha)","codigo":"991","bairro":"JOSÉ ALVES CARVALHO NUNES","cep":""},"geometry":{"type":"LineString","coordinates":[[-38.2743963,-7.9922879,0.0],[-38.2740235,-7.9904073,0.0]]}},
{"type":"Feature","properties":{"name":"Travessa Projetada","descricao":"","codigo":"","bairro":"AABB","cep":""},"geometry":{"type":"LineString","coordinates":[[-38.2808779,-7.992805,0.0],[-38.2809865,-7.9932088,0.0]]}},
{"type":"Feature","properties":{"name":"Rua Projetada G","descricao":"Loteamento Bela Vista","codigo":"","bairro":"NOSSA SENHORA DA PENHA","cep":""},"geometry":{"type":"LineString","coordinates":[[-38.3032671,-7.9834585,0.0],[-38.303133,-7.9849261,0.0]]}},
{"type":"Feature","properties":{"name":"Rua Maria do Carmo Pereira de Souza","descricao":"Lei 726 de 11.04.90","codigo":"263","bairro":"NOSSA SENHORA DA PENHA","cep":"56903047"},"geometry":{"type":"LineString","coordinates":[[-38.3013368,-7.9869335,0.0],[-38.3007534,-7.9867423,0.0],[-38.3001968,-7.9864036,0.0],[-38.3000533,-7.9862602,0.0],[-38.2999863,-7.9862589,0.0]]}},
{"type":"Feature","properties":{"name":"Rua Projetada 04 Paralela Linha da Chesf","descricao":"","codigo":"9231","bairro":"TANCREDO NEVES","cep":""},"geometry":{"type":"LineString","coordinates":[[-38.2712092,-7.971123,0.0],[-38.2695677,-7.9707584,0.0],[-38.2686115,-7.9705336,0.0],[-38.2671537,-7.9701495,0.0]]}},
{"type":"Feature","properties":{"name":"Rua Projetada 06","descricao":"Loteamento Vila Bela","codigo":"9232","bairro":"TANCREDO NEVES","cep":""},"geometry":{"type":"LineString","coordinates":[[-38.2781462,-7.9678188,0.0],[-38.2774659,-7.9663119,0.0]]}},
{"type":"Feature","properties":{"name":"Rua Sem Denominação","descricao":"","codigo":"","bairro":"Varzinha","cep":""},"geometry":{"type":"LineString","coordinates":[[-38.1214383,-8.0339315,0.0],[-38.1207302,-8.0338359,0.0]]}},
{"type":"Feature","properties":{"name":"Rua Sem Denominação","descricao":"","codigo":"","bairro":"Varzinha","cep":""},"geometry":{"type":"LineString","coordinates":[[-38.1204269,-8.0349645,0.0],[-38.1200916,-8.0349141,0.0]]}},
{"type":"Feature","properties":{"name":"Rua Sem Denominação","descricao":"","codigo":"","bairro":"Varzinha","cep":""},"geometry":{"type":"LineString","coordinates":[[-38.1213023,-8.0349416,0.0],[-38.1205406,-8.0348194,0.0]]}},
{"type":"Feature","properties":{"name":"Rua Sem Denominação","descricao":"","codigo":"","bairro":"Varzinha","cep":""},"geometry":{"type":"LineString","coordinates":[[-38.1255022,-8.0378204,0.0],[-38.1233833,-8.0380222,0.0],[-38.1228227,-8.0380435,0.0],[-38.1209344,-8.038317,0.0],[-38.1200573,-8.0385029,0.0]]}},
{"type":"Feature","properties":{"name":"Rua Sem Denominação","descricao":"","codigo":"","bairro":"Varzinha","cep":""},"geometry":{"type":"LineString","coordinates":[[-38.1254955,-8.0382453,0.0],[-38.1205045,-8.0386803,0.0]]}},
{"type":"Feature","properties":{"name":"Rua Sem Denominação","descricao":"","codigo":"","bairro":"Varzinha","cep":""},"geometry":{"type":"LineString","coordinates":[[-38.1218247,-8.0387237,0.0],[-38.1206513,-8.047543,0.0]]}},
{"type":"Feature","properties":{"name":"Travessa Severino Arlindo da Silva","descricao":"Lei 2033 de 20.03.2024 (antiga Travessa Boa Vista)","codigo":"","bairro":"VARZINHA","cep":""},"geometry":{"type":"LineString","coordinates":[[-38.1243401,-8.0307213,0.0],[-38.1220227,-8.0307426,0.0]]}},
{"type":"Feature","properties":{"name":"Rua José Gonçalo de Lima","descricao":"Lei 2032 de 20.03.2024","codigo":"","bairro":"VARZINHA","cep":""},"geometry":{"type":"LineString","coordinates":[[-38.1239515,-8.0299383,0.0],[-38.1248795,-8.022329,0.0]]}},
{"type":"Feature","properties":{"name":"Travessa Barão de Lucena","descricao":"","codigo":"","bairro":"VARZINHA","cep":""},"geometry":{"type":"LineString","coordinates":[[-38.1244578,-8.0299442,0.0],[-38.1233742,-8.0299814,0.0]]}},
{"type":"Feature","properties":{"name":"Rua Projetada da ETA","descricao":"","codigo":"9238","bairro":"CACHOEIRA","cep":""},"geometry":{"type":"LineString","coordinates":[[-38.313749,-7.9796976,0.0],[-38.3150995,-7.978084,0.0],[-38.3152658,-7.9779312,0.0],[-38.3158659,-7.9774094,0.0],[-38.3161422,-7.9771783,0.0],[-38.3164077,-7.9769698,0.0],[-38.3167095,-7.9767746,0.0],[-38.3172325,-7.976489,0.0],[-38.3177971,-7.9761637,0.0],[-38.3182196,-7.9759591,0.0],[-38.3185134,-7.9758303,0.0],[-38.3191638,-7.9755209,0.0],[-38.3199363,-7.9751569,0.0]]}},
{"type":"Feature","properties":{"name":"Rua Projetada 01 Paralela Linha da Chesf","descricao":"","codigo":"9251","bairro":"TANCREDO NEVES","cep":""},"geometry":{"type":"LineString","coordinates":[[-38.2715396,-7.9722642,0.0],[-38.267071,-7.971199,0.0]]}},
{"type":"Feature","properties":{"name":"Rua Projetada 02 Paralela Linha da Chesf","descricao":"","codigo":"9250","bairro":"TANCREDO NEVES","cep":""},"geometry":{"type":"LineString","coordinates":[[-38.2714243,-7.9719109,0.0],[-38.2670766,-7.9708478,0.0]]}},
{"type":"Feature","properties":{"name":"Rua Projetada 03 Paralela Linha da Chesf","descricao":"","codigo":"9254","bairro":"TANCREDO NEVES","cep":""},"geometry":{"type":"LineString","coordinates":[[-38.2713273,-7.9715225,0.0],[-38.2671095,-7.9705118,0.0]]}},
{"type":"Feature","properties":{"name":"Rua Projetada 05 Paralela Linha da Chesf","descricao":"","codigo":"9241","bairro":"TANCREDO NEVES","cep":""},"geometry":{"type":"LineString","coordinates":[[-38.2711411,-7.9707878,0.0],[-38.2672099,-7.9698273,0.0]]}},
{"type":"Feature","properties":{"name":"Rua Projetada 06 Paralela Linha da Chesf","descricao":"","codigo":"17400","bairro":"TANCREDO NEVES","cep":""},"geometry":{"type":"LineString","coordinates":[[-38.2710159,-7.9704343,0.0],[-38.2672474,-7.9694966,0.0]]}},
{"type":"Feature","properties":{"name":"Rua Projetada 07 Paralela Linha da Chesf","descricao":"","codigo":"","bairro":"TANCREDO NEVES","cep":""},"geometry":{"type":"LineString","coordinates":[[-38.2709113,-7.9700225,0.0],[-38.2673038,-7.9691725,0.0]]}},
{"type":"Feature","properties":{"name":"Rua Projetada 08 Paralela Linha da Chesf","descricao":"","codigo":"9247","bairro":"TANCREDO NEVES","cep":""},"geometry":{"type":"LineString","coordinates":[[-38.2707839,-7.9696533,0.0],[-38.2673775,-7.9688166,0.0]]}},
{"type":"Feature","properties":{"name":"Rua Projetada 07","descricao":"Loteamento Vila Bela","codigo":"","bairro":"TANCREDO NEVES","cep":""},"geometry":{"type":"LineString","coordinates":[[-38.2784881,-7.9677167,0.0],[-38.2778015,-7.9662079,0.0]]}},
{"type":"Feature","properties":{"name":"Rua Projetada 08","descricao":"Loteamento Vila Bela","codigo":"","bairro":"TANCREDO NEVES","cep":""},"geometry":{"type":"LineString","coordinates":[[-38.2787939,-7.9676158,0.0],[-38.2781394,-7.966099,0.0]]}},
{"type":"Feature","properties":{"name":"Rua Projetada 09","descricao":"Loteamento Vila Bela","codigo":"","bairro":"TANCREDO NEVES","cep":""},"geometry":{"type":"LineString","coordinates":[[-38.2791614,-7.9674962,0.0],[-38.2784881,-7.9659901,0.0]]}},
{"type":"Feature","properties":{"name":"Rua Projetada 10","descricao":"Loteamento Vila Bela","codigo":"","bairro":"TANCREDO NEVES","cep":""},"geometry":{"type":"LineString","coordinates":[[-38.2795098,-7.9673972,0.0],[-38.278821,-7.9658653,0.0]]}},
{"type":"Feature","properties":{"name":"Rua Projetada 05","descricao":"Loteamento Vila Bela","codigo":"","bairro":"TANCREDO NEVES","cep":""},"geometry":{"type":"LineString","coordinates":[[-38.2777973,-7.9679342,0.0],[-38.2771401,-7.96646,0.0]]}},
{"type":"Feature","properties":{"name":"Rua da Baraúna","descricao":"Loteamento Rocha","codigo":"","bairro":"JOSÉ RUFINO ALVES","cep":""},"geometry":{"type":"LineString","coordinates":[[-38.3086259,-7.9936522,0.0],[-38.3068235,-7.9937027,0.0]]}},
{"type":"Feature","properties":{"name":"Rua do Mameleiro","descricao":"Loteamento Rocha","codigo":"","bairro":"JOSÉ RUFINO ALVES","cep":""},"geometry":{"type":"LineString","coordinates":[[-38.3086852,-7.9948645,0.0],[-38.306872,-7.9949229,0.0]]}},
{"type":"Feature","properties":{"name":"Rua Paulo Rodrigues da Silva","descricao":"Prolongamento (antiga Avenida Projetada 00, Loteamento Zona Sul)","codigo":"9163","bairro":"JOSÉ RUFINO ALVES","cep":""},"geometry":{"type":"LineString","coordinates":[[-38.307112,-7.997578,0.0],[-38.307043,-7.997067,0.0],[-38.306982,-7.996612,0.0],[-38.3069234,-7.9961727,0.0],[-38.3069027,-7.9956886,0.0],[-38.3068235,-7.9937027,0.0]]}},
{"type":"Feature","properties":{"name":"Rua da Catingueira","descricao":"Loteamento Rocha","codigo":"","bairro":"JOSÉ RUFINO ALVES","cep":""},"geometry":{"type":"LineString","coordinates":[[-38.3087289,-7.9969051,0.0],[-38.3070552,-7.9971335,0.0]]}},
{"type":"Feature","properties":{"name":"Rua Espedito Constantino Gregório","descricao":"Prolongamento (Loteamento Rocha)","codigo":"1994","bairro":"JOSÉ RUFINO ALVES","cep":"56915340"},"geometry":{"type":"LineString","coordinates":[[-38.3087496,-7.9973665,0.0],[-38.307112,-7.997578,0.0]]}},
{"type":"Feature","properties":{"name":"Rua da Quixaba","descricao":"Loteamento Rocha","codigo":"1987","bairro":"JOSÉ RUFINO ALVES","cep":""},"geometry":{"type":"LineString","coordinates":[[-38.3077924,-7.9991271,0.0],[-38.3073203,-7.9991975,0.0]]}},
{"type":"Feature","properties":{"name":"Rua da Carnaúba","descricao":"Loteamento Rocha","codigo":"1985","bairro":"JOSÉ RUFINO ALVES","cep":""},"geometry":{"type":"LineString","coordinates":[[-38.3087933,-8.0001045,0.0],[-38.3074973,-8.0002847,0.0]]}},
{"type":"Feature","properties":{"name":"Rua do Angico","descricao":"Loteamento Rocha","codigo":"","bairro":"JOSÉ RUFINO ALVES","cep":""},"geometry":{"type":"LineString","coordinates":[[-38.3085082,-8.0022376,0.0],[-38.3080978,-8.0024182,0.0]]}},
{"type":"Feature","properties":{"name":"Rua da Cansanção","descricao":"Loteamento Rocha","codigo":"1989","bairro":"JOSÉ RUFINO ALVES","cep":""},"geometry":{"type":"LineString","coordinates":[[-38.3080624,-8.0044294,0.0],[-38.3069493,-8.0040283,0.0]]}},
{"type":"Feature","properties":{"name":"Rua do Caroá","descricao":"Loteamento Rocha","codigo":"1991","bairro":"JOSÉ RUFINO ALVES","cep":""},"geometry":{"type":"LineString","coordinates":[[-38.3073907,-8.0059426,0.0],[-38.3065098,-8.0056323,0.0]]}},
{"type":"Feature","properties":{"name":"Rua da Palma","descricao":"Loteamento Rocha","codigo":"","bairro":"JOSÉ RUFINO ALVES","cep":""},"geometry":{"type":"LineString","coordinates":[[-38.307052,-8.0070316,0.0],[-38.3059537,-8.0072746,0.0]]}},
{"type":"Feature","properties":{"name":"Rua Projetada","descricao":"Loteamento Rocha","codigo":"","bairro":"JOSÉ RUFINO ALVES","cep":""},"geometry":{"type":"LineString","coordinates":[[-38.3086259,-7.9936522,0.0],[-38.3086852,-7.9948645,0.0],[-38.3087289,-7.9969051,0.0],[-38.3087496,-7.9973665,0.0],[-38.3088513,-8.0001047,0.0],[-38.3088992,-8.0018853,0.0],[-38.3088971,-8.0020297,0.0],[-38.3087295,-8.0025503,0.0],[-38.3085084,-8.0031853,0.0],[-38.3084467,-8.003346,0.0],[-38.30792,-8.0047763,0.0],[-38.3074429,-8.005961,0.0],[-38.307052,-8.0070316,0.0]]}},
{"type":"Feature","properties":{"name":"Rua da Oiticica","descricao":"Loteamento Rocha","codigo":"1980","bairro":"JOSÉ RUFINO ALVES","cep":""},"geometry":{"type":"LineString","coordinates":[[-38.3083146,-7.9936935,0.0],[-38.308384,-7.9960787,0.0],[-38.3084864,-7.9969232,0.0]]}},
{"type":"Feature","properties":{"name":"Rua do Pereiro","descricao":"Loteamento Rocha","codigo":"1981","bairro":"JOSÉ RUFINO ALVES","cep":""},"geometry":{"type":"LineString","coordinates":[[-38.3078169,-7.9937188,0.0],[-38.3078922,-7.9960403,0.0],[-38.3079975,-7.9969951,0.0]]}},
{"type":"Feature","properties":{"name":"Rua da Jurema","descricao":"Loteamento Rocha","codigo":"1982","bairro":"JOSÉ RUFINO ALVES","cep":""},"geometry":{"type":"LineString","coordinates":[[-38.3073354,-7.9937042,0.0],[-38.3074115,-7.9961292,0.0],[-38.3075186,-7.9970604,0.0]]}},
{"type":"Feature","properties":{"name":"Rua do Mandacaru","descricao":"Loteamento Rocha","codigo":"1984","bairro":"JOSÉ RUFINO ALVES","cep":""},"geometry":{"type":"LineString","coordinates":[[-38.3080305,-7.9974973,0.0],[-38.3085373,-8.0010831,0.0],[-38.308882,-8.0019078,0.0]]}},
{"type":"Feature","properties":{"name":"Rua do Umbuzeiro","descricao":"Loteamento Rocha","codigo":"1986","bairro":"JOSÉ RUFINO ALVES","cep":""},"geometry":{"type":"LineString","coordinates":[[-38.3075647,-7.9975566,0.0],[-38.3080866,-8.0012109,0.0],[-38.30867,-8.0025722,0.0]]}},
{"type":"Feature","properties":{"name":"Avenida Luiz Rufino Alves","descricao":"Prolongamento (Loteamento Rocha)","codigo":"1431","bairro":"JOSÉ RUFINO ALVES","cep":"56915260"},"geometry":{"type":"LineString","coordinates":[[-38.3076607,-8.0014199,0.0],[-38.3084652,-8.0032155,0.0]]}},
{"type":"Feature","properties":{"name":"Avenida Luiz Rufino Alves","descricao":"Prolongamento (Loteamento Rocha)","codigo":"1431","bairro":"JOSÉ RUFINO ALVES","cep":"56915260"},"geometry":{"type":"LineString","coordinates":[[-38.3084188,-8.0033273,0.0],[-38.3076476,-8.0015557,0.0]]}},
{"type":"Feature","properties":{"name":"Rua da Aroeira","descricao":"Loteamento Rocha","codigo":"1990","bairro":"JOSÉ RUFINO ALVES","cep":""},"geometry":{"type":"LineString","coordinates":[[-38.3082361,-8.0031284,0.0],[-38.3072404,-8.0058645,0.0]]}},
{"type":"Feature","properties":{"name":"Rua da Carqueja","descricao":"Loteamento Rocha","codigo":"1988","bairro":"JOSÉ RUFINO ALVES","cep":""},"geometry":{"type":"LineString","coordinates":[[-38.3079786,-8.0024443,0.0],[-38.3067924,-8.0057097,0.0]]}},
{"type":"Feature","properties":{"name":"Rua do Juazeiro","descricao":"Loteamento Rocha","codigo":"1992","bairro":"JOSÉ RUFINO ALVES","cep":""},"geometry":{"type":"LineString","coordinates":[[-38.3069777,-8.0058214,0.0],[-38.3065195,-8.007111,0.0]]}},
{"type":"Feature","properties":{"name":"Vila Isidoro Conrado de Lorena e Sá","descricao":"","codigo":"9249","bairro":"NOSSA SENHORA DA PENHA","cep":""},"geometry":{"type":"LineString","coordinates":[[-38.2958954,-7.9883826,0.0],[-38.295996,-7.9885765,0.0],[-38.295811,-7.9888435,0.0]]}},
{"type":"Feature","properties":{"name":"Rua José Pereira da Silva","descricao":"Lei 2091 de 07.04.2025 (Zé da Mata, antiga Rua Projetada 01, Loteamento Amanhecer da Serra)","codigo":"1110","bairro":"JOSÉ RUFINO ALVES","cep":""},"geometry":{"type":"LineString","coordinates":[[-38.301531,-7.9997814,0.0],[-38.3014344,-8.0003405,0.0],[-38.3007639,-8.0018067,0.0],[-38.3002382,-8.0026965,0.0],[-38.2994272,-8.0037426,0.0],[-38.2987461,-8.0043132,0.0],[-38.2980085,-8.0046572,0.0],[-38.2961495,-8.0051746,0.0],[-38.2938604,-8.0052077,0.0]]}},
{"type":"Feature","properties":{"name":"Rua Maria de Lourdes Alves de Lima","descricao":"Lei 2089 de 07.04.2025 (antiga Rua Projetada 02, Loteamento Amanhecer da Serra)","codigo":"1111","bairro":"JOSÉ RUFINO ALVES","cep":""},"geometry":{"type":"LineString","coordinates":[[-38.2999836,-8.0050828,0.0],[-38.2983984,-8.0046061,0.0]]}},
{"type":"Feature","properties":{"name":"Rua Francisca Generoza de Farias","descricao":"Lei 2085 de 07.04.2025 (antiga Rua Projetada 03, Loteamento Amanhecer da Serra)","codigo":"1112","bairro":"JOSÉ RUFINO ALVES","cep":""},"geometry":{"type":"LineString","coordinates":[[-38.2994042,-8.0069943,0.0],[-38.2938259,-8.0053075,0.0]]}},
{"type":"Feature","properties":{"name":"Rua Iracema Pereira da Silva","descricao":"Lei 2081 de 07.04.2025 (Iracema da Mata, antiga Rua Projetada 04, Loteamento Amanhecer da Serra)","codigo":"1113","bairro":"JOSÉ RUFINO ALVES","cep":""},"geometry":{"type":"LineString","coordinates":[[-38.2985435,-8.0087379,0.0],[-38.297259,-8.008357,0.0]]}},
{"type":"Feature","properties":{"name":"Rua Iracema Pereira da Silva","descricao":"Lei 2081 de 07.04.2025 (Iracema da Mata, antiga Rua Projetada 04, Loteamento Amanhecer da Serra)","codigo":"1113","bairro":"JOSÉ RUFINO ALVES","cep":""},"geometry":{"type":"LineString","coordinates":[[-38.29712,-8.008315,0.0],[-38.293372,-8.007164,0.0]]}},
{"type":"Feature","properties":{"name":"Rua Antônio Rodrigues de Barros","descricao":"Lei 2083 de 07.04.2025 (Antônio de Otôn, antiga Rua Projetada 05, Loteamento Amanhecer da Serra)","codigo":"1114","bairro":"JOSÉ RUFINO ALVES","cep":""},"geometry":{"type":"LineString","coordinates":[[-38.2989184,-8.0086906,0.0],[-38.296789,-8.009065,0.0],[-38.2964224,-8.0090744,0.0],[-38.2956827,-8.0092293,0.0],[-38.2953762,-8.0093592,0.0],[-38.2926221,-8.0098571,0.0]]}},
{"type":"Feature","properties":{"name":"Rua Jacinta Gomes da Silva","descricao":"Lei 2092 de 07.04.2025 (antiga Rua Projetada 06, Loteamento Amanhecer da Serra)","codigo":"1115","bairro":"JOSÉ RUFINO ALVES","cep":""},"geometry":{"type":"LineString","coordinates":[[-38.3004263,-8.0027599,0.0],[-38.2986269,-8.008707,0.0]]}},
{"type":"Feature","properties":{"name":"Rua Antônio Pereira da Silva Neto","descricao":"Lei 2082 de 07.04.2025 (Antônio da Mata, antiga Rua Projetada 07, Loteamento Amanhecer da Serra)","codigo":"1116","bairro":"JOSÉ RUFINO ALVES","cep":""},"geometry":{"type":"LineString","coordinates":[[-38.2997059,-8.0034919,0.0],[-38.298158,-8.008609,0.0]]}},
{"type":"Feature","properties":{"name":"Rua Doutor Lauro Soares Bezerra","descricao":"Lei 2088 de 07.04.2025 (antiga Rua Projetada 08, Loteamento Amanhecer da Serra)","codigo":"1117","bairro":"JOSÉ RUFINO ALVES","cep":""},"geometry":{"type":"LineString","coordinates":[[-38.2990299,-8.0041328,0.0],[-38.29758,-8.008915,0.0]]}},
{"type":"Feature","properties":{"name":"Rua Projetada 09","descricao":"Loteamento Amanhecer da Serra","codigo":"","bairro":"JOSÉ RUFINO ALVES","cep":""},"geometry":{"type":"LineString","coordinates":[[-38.2983997,-8.0045358,0.0],[-38.2970664,-8.0090039,0.0]]}},
{"type":"Feature","properties":{"name":"Rua Projetada 09","descricao":"Loteamento Amanhecer da Serra","codigo":"","bairro":"JOSÉ RUFINO ALVES","cep":""},"geometry":{"type":"LineString","coordinates":[[-38.2983053,-8.0045884,0.0],[-38.298312,-8.004623,0.0],[-38.2969014,-8.0090213,0.0]]}},
{"type":"Feature","properties":{"name":"Rua Francisca Alves Beserra de Sá","descricao":"Lei 2086 de 07.04.2025 (Biata, antiga Rua Projetada 10, Loteamento Amanhecer da Serra)","codigo":"373","bairro":"JOSÉ RUFINO ALVES","cep":""},"geometry":{"type":"LineString","coordinates":[[-38.3009642,-8.0018612,0.0],[-38.3008059,-8.0018134,0.0]]}},
{"type":"Feature","properties":{"name":"Rua Projetada 11","descricao":"Loteamento Amanhecer da Serra","codigo":"","bairro":"JOSÉ RUFINO ALVES","cep":""},"geometry":{"type":"LineString","coordinates":[[-38.297007,-8.007036,0.0],[-38.296552,-8.006896,0.0]]}},
{"type":"Feature","properties":{"name":"Rua Projetada 12","descricao":"Loteamento Amanhecer da Serra","codigo":"","bairro":"JOSÉ RUFINO ALVES","cep":""},"geometry":{"type":"LineString","coordinates":[[-38.297706,-8.004774,0.0],[-38.296384,-8.009052,0.0]]}},
{"type":"Feature","properties":{"name":"Rua Projetada 13","descricao":"Loteamento Amanhecer da Serra","codigo":"","bairro":"JOSÉ RUFINO ALVES","cep":""},"geometry":{"type":"LineString","coordinates":[[-38.297161,-8.004926,0.0],[-38.295855,-8.009151,0.0]]}},
{"type":"Feature","properties":{"name":"Rua Projetada 14","descricao":"Loteamento Amanhecer da Serra","codigo":"","bairro":"JOSÉ RUFINO ALVES","cep":""},"geometry":{"type":"LineString","coordinates":[[-38.296631,-8.005072,0.0],[-38.295311,-8.009345,0.0]]}},
{"type":"Feature","properties":{"name":"Rua Projetada 15","descricao":"Loteamento Amanhecer da Serra","codigo":"","bairro":"JOSÉ RUFINO ALVES","cep":""},"geometry":{"type":"LineString","coordinates":[[-38.296105,-8.00521,0.0],[-38.294797,-8.009442,0.0]]}},
{"type":"Feature","properties":{"name":"Rua Projetada 16","descricao":"Loteamento Amanhecer da Serra","codigo":"","bairro":"JOSÉ RUFINO ALVES","cep":""},"geometry":{"type":"LineString","coordinates":[[-38.295617,-8.005221,0.0],[-38.294282,-8.00954,0.0]]}},
{"type":"Feature","properties":{"name":"Rua Projetada 17","descricao":"Loteamento Amanhecer da Serra","codigo":"","bairro":"JOSÉ RUFINO ALVES","cep":""},"geometry":{"type":"LineString","coordinates":[[-38.2949966,-8.0056704,0.0],[-38.293768,-8.009637,0.0]]}},
{"type":"Feature","properties":{"name":"Rua Projetada 18","descricao":"Loteamento Amanhecer da Serra","codigo":"","bairro":"JOSÉ RUFINO ALVES","cep":""},"geometry":{"type":"LineString","coordinates":[[-38.294645,-8.005231,0.0],[-38.29399,-8.007354,0.0]]}},
{"type":"Feature","properties":{"name":"Rua Projetada 19","descricao":"Loteamento Amanhecer da Serra","codigo":"","bairro":"JOSÉ RUFINO ALVES","cep":""},"geometry":{"type":"LineString","coordinates":[[-38.293979,-8.007847,0.0],[-38.293405,-8.009706,0.0]]}},
{"type":"Feature","properties":{"name":"Rua Neuza Araújo Ferraz","descricao":"Lei 2084 de 07.04.2025 (antiga Rua Projetada 20, Loteamento Amanhecer da Serra)","codigo":"392","bairro":"JOSÉ RUFINO ALVES","cep":""},"geometry":{"type":"LineString","coordinates":[[-38.300708,-8.002847,0.0],[-38.300276,-8.002714,0.0]]}},
{"type":"Feature","properties":{"name":"Rua Projetada 21","descricao":"Loteamento Amanhecer da Serra","codigo":"","bairro":"JOSÉ RUFINO ALVES","cep":""},"geometry":{"type":"LineString","coordinates":[[-38.294292,-8.007943,0.0],[-38.29325,-8.007623,0.0],[-38.293372,-8.007164,0.0]]}},
{"type":"Feature","properties":{"name":"Rua Luiz José da Silva","descricao":"Lei 2087 de 07.04.2025 (antiga Rua Projetada 22, Loteamento Amanhecer da Serra)","codigo":"397","bairro":"JOSÉ RUFINO ALVES","cep":""},"geometry":{"type":"LineString","coordinates":[[-38.300317,-8.004113,0.0],[-38.30007,-8.004037,0.0]]}},
{"type":"Feature","properties":{"name":"Rua Projetada 23","descricao":"Loteamento Amanhecer da Serra","codigo":"","bairro":"JOSÉ RUFINO ALVES","cep":""},"geometry":{"type":"LineString","coordinates":[[-38.2995715,-8.0064339,0.0],[-38.299349,-8.006373,0.0]]}},
{"type":"Feature","properties":{"name":"Rua Projetada 24","descricao":"Loteamento Amanhecer da Serra","codigo":"","bairro":"JOSÉ RUFINO ALVES","cep":""},"geometry":{"type":"LineString","coordinates":[[-38.2941032,-8.0054098,0.0],[-38.293547,-8.007218,0.0]]}},
{"type":"Feature","properties":{"name":"Travessa José Amâncio de Magalhães","descricao":"","codigo":"399","bairro":"JOSÉ TOMÉ DE SOUZA","cep":""},"geometry":{"type":"LineString","coordinates":[[-38.292158,-7.979424,0.0],[-38.2919933,-7.9790059,0.0],[-38.2916889,-7.9776525,0.0]]}},
{"type":"Feature","properties":{"name":"Travessa Projetada Arnaldo Bittencout Costa","descricao":"Loteamento Quitandinha","codigo":"400","bairro":"JOSE ALVES CARVALHO NUNES","cep":""},"geometry":{"type":"LineString","coordinates":[[-38.2761207,-7.9927984,0.0],[-38.2747581,-7.9931357,0.0]]}},
{"type":"Feature","properties":{"name":"Travessa Rodolfo Lourenço da Silva","descricao":"","codigo":"17264","bairro":"BOM JESUS","cep":""},"geometry":{"type":"LineString","coordinates":[[-38.3103508,-7.9834465,0.0],[-38.3110133,-7.9832605,0.0]]}},
{"type":"Feature","properties":{"name":"Rua Projetada 01 Condomínio Preto Inácio","descricao":"","codigo":"","bairro":"AABB","cep":""},"geometry":{"type":"LineString","coordinates":[[-38.2823256,-7.9951322,0.0],[-38.2806841,-7.9955944,0.0]]}},
{"type":"Feature","properties":{"name":"Rua Projetada 03 Condomínio Preto Inácio","descricao":"","codigo":"","bairro":"AABB","cep":""},"geometry":{"type":"LineString","coordinates":[[-38.2825668,-7.9961246,0.0],[-38.2809413,-7.996515,0.0]]}},
{"type":"Feature","properties":{"name":"Rua Projetada 04 Condomínio Preto Inácio","descricao":"","codigo":"17310","bairro":"AABB","cep":""},"geometry":{"type":"LineString","coordinates":[[-38.2826954,-7.9965767,0.0],[-38.2810619,-7.9969831,0.0]]}},
{"type":"Feature","properties":{"name":"Rua Projetada 05 Condomínio Preto Inácio","descricao":"","codigo":"","bairro":"AABB","cep":""},"geometry":{"type":"LineString","coordinates":[[-38.282978,-7.9975516,0.0],[-38.281307,-7.99795,0.0]]}},
{"type":"Feature","properties":{"name":"Rua Projetada 10 Condomínio Preto Inácio","descricao":"","codigo":"17329","bairro":"AABB","cep":""},"geometry":{"type":"LineString","coordinates":[[-38.2837315,-8.0003361,0.0],[-38.2834888,-8.0003799,0.0],[-38.2833761,-8.0004291,0.0],[-38.2832622,-8.0004928,0.0],[-38.283175,-8.000534,0.0],[-38.2830878,-8.0005459,0.0],[-38.2829443,-8.0005619,0.0],[-38.2827834,-8.0005804,0.0],[-38.2825836,-8.0006123,0.0],[-38.2823918,-8.0006455,0.0],[-38.2822563,-8.0006721,0.0],[-38.2820699,-8.0007133,0.0]]}},
{"type":"Feature","properties":{"name":"Rua Projetada 01 Transversal José Alves de Carvalho Nunes","descricao":"","codigo":"8025","bairro":"JOSE ALVES CARVALHO NUNES","cep":""},"geometry":{"type":"LineString","coordinates":[[-38.2758184,-7.9993767,0.0],[-38.2749453,-7.9965452,0.0]]}},
{"type":"Feature","properties":{"name":"Rua Projetada 01","descricao":"Loteamento Reserva do Pajeú","codigo":"","bairro":"JOSÉ RUFINO ALVES","cep":""},"geometry":{"type":"LineString","coordinates":[[-38.3025441,-7.9962945,0.0],[-38.301915,-7.997349,0.0],[-38.3018304,-7.9975502,0.0],[-38.3017585,-7.9979882,0.0],[-38.3017384,-7.9984982,0.0],[-38.3016633,-7.9990214,0.0],[-38.3015265,-7.9994106,0.0],[-38.3014997,-7.9995938,0.0]]}},
{"type":"Feature","properties":{"name":"Rua Projetada 02","descricao":"Loteamento Reserva do Pajeú","codigo":"","bairro":"JOSÉ RUFINO ALVES","cep":""},"geometry":{"type":"LineString","coordinates":[[-38.3028503,-7.997025,0.0],[-38.3018908,-7.9974399,0.0]]}},
{"type":"Feature","properties":{"name":"Rua Projetada 03","descricao":"Loteamento Reserva do Pajeú","codigo":"","bairro":"JOSÉ RUFINO ALVES","cep":""},"geometry":{"type":"LineString","coordinates":[[-38.3030227,-7.9974423,0.0],[-38.3017876,-7.9979828,0.0]]}},
{"type":"Feature","properties":{"name":"Rua Projetada 04","descricao":"Loteamento Reserva do Pajeú","codigo":"","bairro":"JOSÉ RUFINO ALVES","cep":""},"geometry":{"type":"LineString","coordinates":[[-38.3032132,-7.9978513,0.0],[-38.3018037,-7.9984773,0.0]]}},
{"type":"Feature","properties":{"name":"Rua Projetada 05","descricao":"Loteamento Reserva do Pajeú","codigo":"","bairro":"JOSÉ RUFINO ALVES","cep":""},"geometry":{"type":"LineString","coordinates":[[-38.3033867,-7.9982793,0.0],[-38.301715,-7.999012,0.0]]}},
{"type":"Feature","properties":{"name":"Avenida Projetada Principal","descricao":"Loteamento Reserva do Pajeú","codigo":"","bairro":"JOSÉ RUFINO ALVES","cep":""},"geometry":{"type":"LineString","coordinates":[[-38.3035552,-7.9985947,0.0],[-38.303392,-7.998774,0.0],[-38.3015275,-7.9995854,0.0]]}},
{"type":"Feature","properties":{"name":"Avenida Projetada Principal","descricao":"Loteamento Reserva do Pajeú","codigo":"","bairro":"JOSÉ RUFINO ALVES","cep":""},"geometry":{"type":"LineString","coordinates":[[-38.30368,-7.9988712,0.0],[-38.303429,-7.998853,0.0],[-38.3015545,-7.9996838,0.0]]}},
{"type":"Feature","properties":{"name":"Rua Projetada 06","descricao":"Loteamento Reserva do Pajeú","codigo":"","bairro":"JOSÉ RUFINO ALVES","cep":""},"geometry":{"type":"LineString","coordinates":[[-38.3038009,-7.9991581,0.0],[-38.3019058,-8.000003,0.0]]}},
{"type":"Feature","properties":{"name":"Rua Projetada 07","descricao":"Loteamento Reserva do Pajeú","codigo":"","bairro":"JOSÉ RUFINO ALVES","cep":""},"geometry":{"type":"LineString","coordinates":[[-38.3039925,-7.9995659,0.0],[-38.3022692,-8.0003349,0.0]]}},
{"type":"Feature","properties":{"name":"Rua Projetada 08","descricao":"Loteamento Reserva do Pajeú","codigo":"","bairro":"JOSÉ RUFINO ALVES","cep":""},"geometry":{"type":"LineString","coordinates":[[-38.3041581,-7.9999882,0.0],[-38.3026562,-8.0006632,0.0]]}},
{"type":"Feature","properties":{"name":"Rua Projetada 09","descricao":"Loteamento Reserva do Pajeú","codigo":"","bairro":"JOSÉ RUFINO ALVES","cep":""},"geometry":{"type":"LineString","coordinates":[[-38.3042255,-8.0004529,0.0],[-38.3024908,-8.0012302,0.0]]}},
{"type":"Feature","properties":{"name":"Rua Projetada 10","descricao":"Loteamento Reserva do Pajeú","codigo":"","bairro":"JOSÉ RUFINO ALVES","cep":""},"geometry":{"type":"LineString","coordinates":[[-38.3042691,-8.0009292,0.0],[-38.3023595,-8.0017808,0.0]]}},
{"type":"Feature","properties":{"name":"Rua Projetada 11","descricao":"Loteamento Reserva do Pajeú","codigo":"","bairro":"JOSÉ RUFINO ALVES","cep":""},"geometry":{"type":"LineString","coordinates":[[-38.3043188,-8.0014083,0.0],[-38.3022547,-8.0023305,0.0]]}},
{"type":"Feature","properties":{"name":"Rua Projetada 12","descricao":"Loteamento Reserva do Pajeú","codigo":"","bairro":"JOSÉ RUFINO ALVES","cep":""},"geometry":{"type":"LineString","coordinates":[[-38.3044884,-8.0018042,0.0],[-38.3024512,-8.0027445,0.0]]}},
{"type":"Feature","properties":{"name":"Rua Projetada 13","descricao":"Loteamento Reserva do Pajeú","codigo":"","bairro":"JOSÉ RUFINO ALVES","cep":""},"geometry":{"type":"LineString","coordinates":[[-38.3042721,-8.0024187,0.0],[-38.3026319,-8.0031637,0.0]]}},
{"type":"Feature","properties":{"name":"Rua Projetada 14","descricao":"Loteamento Reserva do Pajeú","codigo":"","bairro":"JOSÉ RUFINO ALVES","cep":""},"geometry":{"type":"LineString","coordinates":[[-38.3040139,-8.0030426,0.0],[-38.3027995,-8.0035774,0.0]]}},
{"type":"Feature","properties":{"name":"Rua Projetada 15","descricao":"Loteamento Reserva do Pajeú","codigo":"","bairro":"JOSÉ RUFINO ALVES","cep":""},"geometry":{"type":"LineString","coordinates":[[-38.3038461,-8.0036194,0.0],[-38.3029891,-8.0039886,0.0]]}},
{"type":"Feature","properties":{"name":"Rua Projetada 16","descricao":"Loteamento Reserva do Pajeú","codigo":"","bairro":"JOSÉ RUFINO ALVES","cep":""},"geometry":{"type":"LineString","coordinates":[[-38.3036629,-8.0041816,0.0],[-38.3031721,-8.0043954,0.0]]}},
{"type":"Feature","properties":{"name":"Rua Projetada 29","descricao":"Loteamento Reserva do Pajeú","codigo":"","bairro":"JOSÉ RUFINO ALVES","cep":""},"geometry":{"type":"LineString","coordinates":[[-38.302363,-7.9993347,0.0],[-38.3040266,-8.0030569,0.0],[-38.302534,-8.007781,0.0]]}},
{"type":"Feature","properties":{"name":"Rua Projetada 17","descricao":"Loteamento Reserva do Pajeú","codigo":"","bairro":"JOSÉ RUFINO ALVES","cep":""},"geometry":{"type":"LineString","coordinates":[[-38.3015111,-7.9996033,0.0],[-38.3015545,-7.9996838,0.0],[-38.3019058,-8.000003,0.0],[-38.3022692,-8.0003349,0.0],[-38.3026261,-8.0006784,0.0],[-38.30247,-8.001241,0.0],[-38.302293,-8.001807,0.0],[-38.302163,-8.002177,0.0],[-38.3015574,-8.0040776,0.0],[-38.30059,-8.007084,0.0],[-38.3002593,-8.0082099,0.0]]}},
{"type":"Feature","properties":{"name":"Rua Projetada 18","descricao":"Loteamento Reserva do Pajeú","codigo":"","bairro":"JOSÉ RUFINO ALVES","cep":""},"geometry":{"type":"LineString","coordinates":[[-38.302163,-8.002177,0.0],[-38.3033893,-8.0050399,0.0]]}},
{"type":"Feature","properties":{"name":"Rua Projetada 07","descricao":"Loteamento Vale do Pajeú I","codigo":"","bairro":"JOSÉ RUFINO ALVES","cep":""},"geometry":{"type":"LineString","coordinates":[[-38.3026014,-8.0006878,0.0],[-38.3011181,-8.0011752,0.0]]}},
{"type":"Feature","properties":{"name":"Rua Projetada 06","descricao":"Loteamento Vale do Pajeú I","codigo":"","bairro":"JOSÉ RUFINO ALVES","cep":""},"geometry":{"type":"LineString","coordinates":[[-38.3018366,-8.0031761,0.0],[-38.3012586,-8.0030167,0.0]]}},
{"type":"Feature","properties":{"name":"Rua Projetada 19","descricao":"Loteamento Reserva do Pajeú","codigo":"","bairro":"JOSÉ RUFINO ALVES","cep":""},"geometry":{"type":"LineString","coordinates":[[-38.3031841,-8.0045956,0.0],[-38.3015791,-8.0040994,0.0]]}},
{"type":"Feature","properties":{"name":"Rua Projetada 20","descricao":"Loteamento Reserva do Pajeú","codigo":"","bairro":"JOSÉ RUFINO ALVES","cep":""},"geometry":{"type":"LineString","coordinates":[[-38.3033176,-8.005136,0.0],[-38.3014361,-8.004529,0.0]]}},
{"type":"Feature","properties":{"name":"Rua Projetada 21","descricao":"Loteamento Reserva do Pajeú","codigo":"","bairro":"JOSÉ RUFINO ALVES","cep":""},"geometry":{"type":"LineString","coordinates":[[-38.3031782,-8.005549,0.0],[-38.301301,-8.004944,0.0]]}},
{"type":"Feature","properties":{"name":"Rua Projetada 22","descricao":"Loteamento Reserva do Pajeú","codigo":"","bairro":"JOSÉ RUFINO ALVES","cep":""},"geometry":{"type":"LineString","coordinates":[[-38.3030591,-8.0059791,0.0],[-38.3011701,-8.0053801,0.0]]}},
{"type":"Feature","properties":{"name":"Rua Projetada 23","descricao":"Loteamento Reserva do Pajeú","codigo":"","bairro":"JOSÉ RUFINO ALVES","cep":""},"geometry":{"type":"LineString","coordinates":[[-38.3029531,-8.006437,0.0],[-38.3010332,-8.0058182,0.0]]}},
{"type":"Feature","properties":{"name":"Rua Projetada 24","descricao":"Loteamento Reserva do Pajeú","codigo":"","bairro":"JOSÉ RUFINO ALVES","cep":""},"geometry":{"type":"LineString","coordinates":[[-38.3028078,-8.0068505,0.0],[-38.3009111,-8.0062501,0.0]]}},
{"type":"Feature","properties":{"name":"Rua Projetada 25","descricao":"Loteamento Reserva do Pajeú","codigo":"","bairro":"JOSÉ RUFINO ALVES","cep":""},"geometry":{"type":"LineString","coordinates":[[-38.3026693,-8.0072886,0.0],[-38.3007708,-8.0066788,0.0]]}},
{"type":"Feature","properties":{"name":"Rua Projetada 27","descricao":"Loteamento Reserva do Pajeú","codigo":"","bairro":"JOSÉ RUFINO ALVES","cep":""},"geometry":{"type":"LineString","coordinates":[[-38.3016812,-8.0079153,0.0],[-38.3004929,-8.0075381,0.0]]}},
{"type":"Feature","properties":{"name":"Via Projetada","descricao":"Loteamento Reserva do Pajeú","codigo":"","bairro":"JOSÉ RUFINO ALVES","cep":""},"geometry":{"type":"LineString","coordinates":[[-38.302534,-8.007781,0.0],[-38.3002731,-8.0082146,0.0]]}},
{"type":"Feature","properties":{"name":"Rua Projetada 26","descricao":"Loteamento Reserva do Pajeú","codigo":"","bairro":"JOSÉ RUFINO ALVES","cep":""},"geometry":{"type":"LineString","coordinates":[[-38.3024759,-8.0077124,0.0],[-38.300652,-8.0071281,0.0]]}},
{"type":"Feature","properties":{"name":"Avenida Adriano Duque de Godoy Sousa","descricao":"Lei 1555 de 22.07.16 (Anel Viário, antiga Rua Projetada - Anel Viário)","codigo":"8040","bairro":"NOSSA SENHORA DA PENHA - SÃO CRISTÓVÃO","cep":"56903525"},"geometry":{"type":"LineString","coordinates":[[-38.3038747,-7.9876643,0.0],[-38.3013686,-7.9869417,0.0],[-38.3038747,-7.9876643,0.0],[-38.3038082,-7.9874919,0.0],[-38.3037816,-7.9874169,0.0],[-38.3037175,-7.9873419,0.0],[-38.3034817,-7.9872836,0.0],[-38.3022707,-7.9870103,0.0],[-38.3014525,-7.9867983,0.0],[-38.30094,-7.986608,0.0],[-38.3004167,-7.9863152,0.0],[-38.2999708,-7.9860217,0.0],[-38.2993767,-7.98544,0.0],[-38.2988054,-7.9848079,0.0],[-38.2987316,-7.9846737,0.0],[-38.298698,-7.9845236,0.0],[-38.2986672,-7.9843045,0.0],[-38.2986465,-7.9842354,0.0],[-38.2985935,-7.9841849,0.0],[-38.2983063,-7.9839149,0.0],[-38.2981204,-7.9835845,0.0],[-38.2980042,-7.9834639,0.0],[-38.2982241,-7.9841687,0.0],[-38.2983432,-7.9844152,0.0],[-38.2984944,-7.9846431,0.0],[-38.2988199,-7.9850012,0.0],[-38.2991508,-7.9853248,0.0],[-38.3000185,-7.9862134,0.0],[-38.2991508,-7.9853248,0.0],[-38.2988199,-7.9850012,0.0],[-38.2984944,-7.9846431,0.0],[-38.2983432,-7.9844152,0.0],[-38.2982241,-7.9841687,0.0],[-38.2980042,-7.9834639,0.0],[-38.2979237,-7.9833773,0.0],[-38.2975844,-7.9830964,0.0],[-38.2972619,-7.9828315,0.0],[-38.2970533,-7.9826489,0.0],[-38.2968559,-7.9825441,0.0],[-38.2966558,-7.9824554,0.0],[-38.2964624,-7.9823866,0.0],[-38.2963697,-7.9823375,0.0],[-38.2962918,-7.9822639,0.0]]}},
{"type":"Feature","properties":{"name":"Via Sem Denominção","descricao":"","codigo":"","bairro":"VILA BELA - VANETE ALMEIDA","cep":""},"geometry":{"type":"LineString","coordinates":[[-38.3361986,-8.0034917,0.0],[-38.3360791,-8.0036539,0.0],[-38.336016,-8.0037071,0.0],[-38.3359329,-8.0037336,0.0],[-38.3358256,-8.003731,0.0],[-38.3357237,-8.0037017,0.0],[-38.335648,-8.0036596,0.0],[-38.3355421,-8.0035812,0.0],[-38.3352095,-8.0032984,0.0],[-38.3348947,-8.0030096,0.0],[-38.3344562,-8.0025899,0.0],[-38.3331622,-8.0013433,0.0],[-38.3326579,-8.0008346,0.0],[-38.3322743,-8.0004415,0.0],[-38.3320396,-8.0002064,0.0],[-38.3316172,-7.9997774,0.0],[-38.3312658,-7.9994321,0.0],[-38.3305979,-7.9987694,0.0],[-38.3292179,-7.997379,0.0],[-38.3289296,-7.9970934,0.0],[-38.3278983,-7.9960881,0.0]]}},
{"type":"Feature","properties":{"name":"Rua Projetada 02 Lagoa Maria Timóteo","descricao":"","codigo":"","bairro":"NOSSA SENHORA DA PENHA","cep":""},"geometry":{"type":"LineString","coordinates":[[-38.3041553,-7.9878064,0.0],[-38.304648,-7.989533,0.0]]}},
{"type":"Feature","properties":{"name":"Rua Projetada 03 Lagoa Maria Timóteo","descricao":"","codigo":"9075","bairro":"NOSSA SENHORA DA PENHA","cep":""},"geometry":{"type":"LineString","coordinates":[[-38.3052656,-7.9893515,0.0],[-38.304922,-7.988001,0.0]]}},
{"type":"Feature","properties":{"name":"Rua Projetada Antônio Vieira Gomes","descricao":"","codigo":"17396","bairro":"TANCREDO NEVES","cep":""},"geometry":{"type":"LineString","coordinates":[[-38.2842256,-7.9689896,0.0],[-38.2844724,-7.9696191,0.0]]}},
{"type":"Feature","properties":{"name":"Rua Projetada 01 Início Rua Paulo Rodrigues","descricao":"","codigo":"","bairro":"JOSÉ RUFINO ALVES","cep":""},"geometry":{"type":"LineString","coordinates":[[-38.307043,-7.997067,0.0],[-38.305915,-7.99757,0.0]]}},
{"type":"Feature","properties":{"name":"Rua Projetada 02 Início Rua Paulo Rodrigues","descricao":"","codigo":"","bairro":"JOSÉ RUFINO ALVES","cep":""},"geometry":{"type":"LineString","coordinates":[[-38.3069234,-7.9961727,0.0],[-38.304517,-7.997241,0.0]]}},
{"type":"Feature","properties":{"name":"Rua Projetada 03 Início Rua Paulo Rodrigues","descricao":"","codigo":"","bairro":"JOSÉ RUFINO ALVES","cep":""},"geometry":{"type":"LineString","coordinates":[[-38.3069027,-7.9956886,0.0],[-38.304356,-7.996843,0.0]]}},
{"type":"Feature","properties":{"name":"Rua Projetada 15 Paralela Linha da Chesf","descricao":"","codigo":"","bairro":"TANCREDO NEVES","cep":""},"geometry":{"type":"LineString","coordinates":[[-38.2715014,-7.9718651,0.0],[-38.2724294,-7.971626,0.0]]}},
{"type":"Feature","properties":{"name":"Rua Projetada 16 Paralela Linha da Chesf","descricao":"","codigo":"","bairro":"TANCREDO NEVES","cep":""},"geometry":{"type":"LineString","coordinates":[[-38.2714236,-7.9715175,0.0],[-38.2722336,-7.9713077,0.0]]}},
{"type":"Feature","properties":{"name":"Rua Projetada 17 Paralela Linha da Chesf","descricao":"","codigo":"","bairro":"TANCREDO NEVES","cep":""},"geometry":{"type":"LineString","coordinates":[[-38.2713045,-7.9712036,0.0],[-38.272085,-7.9709911,0.0]]}},
{"type":"Feature","properties":{"name":"Rua Projetada 02 Início Linha da Chesf","descricao":"","codigo":"","bairro":"TANCREDO NEVES","cep":""},"geometry":{"type":"LineString","coordinates":[[-38.2707107,-7.9691426,0.0],[-38.2716558,-7.9726178,0.0]]}},
{"type":"Feature","properties":{"name":"Rua Projetada 18 Paralela Linha da Chesf","descricao":"","codigo":"","bairro":"TANCREDO NEVES","cep":""},"geometry":{"type":"LineString","coordinates":[[-38.2718444,-7.9706756,0.0],[-38.2712087,-7.9708456,0.0]]}},
{"type":"Feature","properties":{"name":"Rua Projetada 19 Paralela Linha da Chesf","descricao":"","codigo":"","bairro":"TANCREDO NEVES","cep":""},"geometry":{"type":"LineString","coordinates":[[-38.2711113,-7.9705022,0.0],[-38.271625,-7.9703495,0.0]]}},
{"type":"Feature","properties":{"name":"Rua Projetada 20 Paralela Linha da Chesf","descricao":"","codigo":"","bairro":"TANCREDO NEVES","cep":""},"geometry":{"type":"LineString","coordinates":[[-38.2710108,-7.9701782,0.0],[-38.271405,-7.9700692,0.0]]}},
{"type":"Feature","properties":{"name":"Rua Projetada 09 Paralela da Linha Chesf","descricao":"","codigo":"","bairro":"TANCREDO NEVES","cep":""},"geometry":{"type":"LineString","coordinates":[[-38.2707202,-7.9693107,0.0],[-38.2674801,-7.9685085,0.0]]}},
{"type":"Feature","properties":{"name":"Rua Projetada 03 Início Linha da Chesf","descricao":"","codigo":"","bairro":"TANCREDO NEVES","cep":""},"geometry":{"type":"LineString","coordinates":[[-38.269901,-7.9689401,0.0],[-38.2693377,-7.9720453,0.0]]}},
{"type":"Feature","properties":{"name":"Avenida João Kehrle","descricao":"Lei 1700 de 07.05.2019 alterada pela Lei 2148 de 29.12.2025.","codigo":"125","bairro":"AABB","cep":"56912060"},"geometry":{"type":"LineString","coordinates":[[-38.2876898,-7.9986683,0.0],[-38.2890095,-8.0033908,0.0]]}},
{"type":"Feature","properties":{"name":"Avenida Projetada 01","descricao":"Loteamento Rocha Bela Serra","codigo":"","bairro":"VILA BELA","cep":""},"geometry":{"type":"LineString","coordinates":[[-38.328707,-8.000777,0.0],[-38.327035,-8.002547,0.0]]}},
{"type":"Feature","properties":{"name":"Avenida Projetada 02","descricao":"Loteamento Rocha Bela Serra","codigo":"","bairro":"VILA BELA","cep":""},"geometry":{"type":"LineString","coordinates":[[-38.326791,-8.002554,0.0],[-38.323291,-7.999267,0.0]]}},
{"type":"Feature","properties":{"name":"Rua Projetada José de Sá Maranhão","descricao":"","codigo":"1107","bairro":"CACHOEIRA","cep":""},"geometry":{"type":"LineString","coordinates":[[-38.3265608,-7.9795774,0.0],[-38.326644,-7.9784963,0.0]]}},
{"type":"Feature","properties":{"name":"Rua Projetada 27 Paralela Linha da Chesf","descricao":"","codigo":"","bairro":"TANCREDO NEVES","cep":""},"geometry":{"type":"LineString","coordinates":[[-38.2646243,-7.9701278,0.0],[-38.2614513,-7.9693841,0.0]]}},
{"type":"Feature","properties":{"name":"Rua Projetada 01","descricao":"Loteamento Rocha Bela Serra","codigo":"","bairro":"VILA BELA","cep":""},"geometry":{"type":"LineString","coordinates":[[-38.329809,-8.002136,0.0],[-38.328597,-8.000999,0.0]]}},
{"type":"Feature","properties":{"name":"Rua Projetada 02","descricao":"Loteamento Rocha Bela Serra","codigo":"","bairro":"VILA BELA","cep":""},"geometry":{"type":"LineString","coordinates":[[-38.329481,-8.002474,0.0],[-38.328274,-8.001341,0.0]]}},
{"type":"Feature","properties":{"name":"Rua Projetada 03","descricao":"Loteamento Rocha Bela Serra","codigo":"","bairro":"VILA BELA","cep":""},"geometry":{"type":"LineString","coordinates":[[-38.329152,-8.002812,0.0],[-38.32795,-8.001683,0.0]]}},
{"type":"Feature","properties":{"name":"Rua Projetada 04","descricao":"Loteamento Rocha Bela Serra","codigo":"","bairro":"VILA BELA","cep":""},"geometry":{"type":"LineString","coordinates":[[-38.328824,-8.003149,0.0],[-38.327627,-8.002026,0.0]]}},
{"type":"Feature","properties":{"name":"Rua Projetada 05","descricao":"Loteamento Rocha Bela Serra","codigo":"","bairro":"VILA BELA","cep":""},"geometry":{"type":"LineString","coordinates":[[-38.328495,-8.003487,0.0],[-38.327303,-8.002368,0.0]]}},
{"type":"Feature","properties":{"name":"Rua Projetada 06","descricao":"Loteamento Rocha Bela Serra","codigo":"","bairro":"VILA BELA","cep":""},"geometry":{"type":"LineString","coordinates":[[-38.328167,-8.003825,0.0],[-38.327052,-8.002778,0.0]]}},
{"type":"Feature","properties":{"name":"Rua Projetada 07","descricao":"Loteamento Rocha Bela Serra","codigo":"","bairro":"VILA BELA","cep":""},"geometry":{"type":"LineString","coordinates":[[-38.328333,-8.000434,0.0],[-38.32659,-8.002278,0.0]]}},
{"type":"Feature","properties":{"name":"Rua Projetada 08","descricao":"Loteamento Rocha Bela Serra","codigo":"","bairro":"VILA BELA","cep":""},"geometry":{"type":"LineString","coordinates":[[-38.327985,-8.000117,0.0],[-38.326247,-8.001956,0.0]]}},
{"type":"Feature","properties":{"name":"Rua Projetada 09","descricao":"Loteamento Rocha Bela Serra","codigo":"","bairro":"VILA BELA","cep":""},"geometry":{"type":"LineString","coordinates":[[-38.326652,-7.998902,0.0],[-38.323103,-8.002658,0.0]]}},
{"type":"Feature","properties":{"name":"Rua Projetada 10","descricao":"Loteamento Rocha Bela Serra","codigo":"","bairro":"VILA BELA","cep":""},"geometry":{"type":"LineString","coordinates":[[-38.326303,-7.998585,0.0],[-38.322839,-8.002251,0.0]]}},
{"type":"Feature","properties":{"name":"Rua Projetada 11","descricao":"Loteamento Rocha Bela Serra","codigo":"","bairro":"VILA BELA","cep":""},"geometry":{"type":"LineString","coordinates":[[-38.325408,-7.999453,0.0],[-38.324676,-7.998766,0.0]]}},
{"type":"Feature","properties":{"name":"Rua Projetada 12","descricao":"Loteamento Rocha Bela Serra","codigo":"","bairro":"VILA BELA","cep":""},"geometry":{"type":"LineString","coordinates":[[-38.325073,-7.999201,0.0],[-38.322575,-8.001845,0.0]]}},
{"type":"Feature","properties":{"name":"Rua Projetada 13","descricao":"Loteamento Rocha Bela Serra","codigo":"","bairro":"VILA BELA","cep":""},"geometry":{"type":"LineString","coordinates":[[-38.32473,-7.998879,0.0],[-38.32231,-8.001439,0.0]]}},
{"type":"Feature","properties":{"name":"Rua Projetada 14","descricao":"Loteamento Rocha Bela Serra","codigo":"","bairro":"VILA BELA","cep":""},"geometry":{"type":"LineString","coordinates":[[-38.324632,-7.998787,0.0],[-38.321411,-8.000056,0.0]]}},
{"type":"Feature","properties":{"name":"Rua Projetada 15","descricao":"Loteamento Rocha Bela Serra","codigo":"","bairro":"VILA BELA","cep":""},"geometry":{"type":"LineString","coordinates":[[-38.323149,-7.999786,0.0],[-38.322874,-7.999529,0.0]]}},
{"type":"Feature","properties":{"name":"Rua Projetada 16","descricao":"Loteamento Rocha Bela Serra","codigo":"","bairro":"VILA BELA","cep":""},"geometry":{"type":"LineString","coordinates":[[-38.322831,-8.000122,0.0],[-38.322399,-7.999716,0.0]]}},
{"type":"Feature","properties":{"name":"Rua Projetada 17","descricao":"Loteamento Rocha Bela Serra","codigo":"","bairro":"VILA BELA","cep":""},"geometry":{"type":"LineString","coordinates":[[-38.322514,-8.000458,0.0],[-38.321923,-7.999903,0.0]]}},
{"type":"Feature","properties":{"name":"Rua Projetada 18","descricao":"Loteamento Rocha Bela Serra","codigo":"","bairro":"VILA BELA","cep":""},"geometry":{"type":"LineString","coordinates":[[-38.322179,-8.000212,0.0],[-38.321784,-8.00063,0.0]]}},
{"type":"Feature","properties":{"name":"Rua Projetada 19","descricao":"Loteamento Rocha Bela Serra","codigo":"","bairro":"VILA BELA","cep":""},"geometry":{"type":"LineString","coordinates":[[-38.323471,-7.999524,0.0],[-38.322046,-8.001032,0.0]]}},
{"type":"Feature","properties":{"name":"Rua Projetada 20","descricao":"Loteamento Rocha Bela Serra","codigo":"","bairro":"VILA BELA","cep":""},"geometry":{"type":"LineString","coordinates":[[-38.321366,-8.000071,0.0],[-38.325555,-8.00651,0.0]]}},
{"type":"Feature","properties":{"name":"Rua Projetada 21","descricao":"Loteamento Rocha Bela Serra","codigo":"","bairro":"VILA BELA","cep":""},"geometry":{"type":"LineString","coordinates":[[-38.325189,-8.001136,0.0],[-38.323367,-8.003064,0.0]]}},
{"type":"Feature","properties":{"name":"Rua Projetada 22","descricao":"Loteamento Rocha Bela Serra","codigo":"","bairro":"VILA BELA","cep":""},"geometry":{"type":"LineString","coordinates":[[-38.325532,-8.001459,0.0],[-38.323632,-8.00347,0.0]]}},
{"type":"Feature","properties":{"name":"Rua Projetada 23","descricao":"Loteamento Rocha Bela Serra","codigo":"","bairro":"VILA BELA","cep":""},"geometry":{"type":"LineString","coordinates":[[-38.325975,-8.001874,0.0],[-38.32539,-8.002493,0.0]]}},
{"type":"Feature","properties":{"name":"Rua Projetada 24","descricao":"Loteamento Rocha Bela Serra","codigo":"","bairro":"VILA BELA","cep":""},"geometry":{"type":"LineString","coordinates":[[-38.326417,-8.00229,0.0],[-38.326191,-8.002529,0.0]]}},
{"type":"Feature","properties":{"name":"Rua Projetada 25","descricao":"Loteamento Rocha Bela Serra","codigo":"","bairro":"VILA BELA","cep":""},"geometry":{"type":"LineString","coordinates":[[-38.326755,-8.002613,0.0],[-38.324607,-8.002517,0.0]]}},
{"type":"Feature","properties":{"name":"Rua Projetada 26","descricao":"Loteamento Rocha Bela Serra","codigo":"","bairro":"","cep":""},"geometry":{"type":"LineString","coordinates":[[-38.32663,-8.003028,0.0],[-38.327838,-8.004162,0.0]]}},
{"type":"Feature","properties":{"name":"Rua Projetada 27","descricao":"Loteamento Rocha Bela Serra","codigo":"","bairro":"VILA BELA","cep":""},"geometry":{"type":"LineString","coordinates":[[-38.325775,-8.003774,0.0],[-38.324527,-8.002602,0.0]]}},
{"type":"Feature","properties":{"name":"Rua Projetada 28","descricao":"Loteamento Rocha Bela Serra","codigo":"","bairro":"VILA BELA","cep":""},"geometry":{"type":"LineString","coordinates":[[-38.32478,-8.002921,0.0],[-38.323888,-8.003865,0.0]]}},
{"type":"Feature","properties":{"name":"Rua Projetada 29","descricao":"Loteamento Rocha Bela Serra","codigo":"","bairro":"VILA BELA","cep":""},"geometry":{"type":"LineString","coordinates":[[-38.325111,-8.003231,0.0],[-38.324143,-8.004255,0.0]]}},
{"type":"Feature","properties":{"name":"Rua Projetada 30","descricao":"Loteamento Rocha Bela Serra","codigo":"","bairro":"VILA BELA","cep":""},"geometry":{"type":"LineString","coordinates":[[-38.325441,-8.003541,0.0],[-38.324397,-8.004646,0.0]]}},
{"type":"Feature","properties":{"name":"Rua Projetada 31","descricao":"Loteamento Rocha Bela Serra","codigo":"","bairro":"VILA BELA","cep":""},"geometry":{"type":"LineString","coordinates":[[-38.326786,-8.002784,0.0],[-38.324653,-8.00504,0.0]]}},
{"type":"Feature","properties":{"name":"Rua Projetada 32","descricao":"Loteamento Rocha Bela Serra","codigo":"","bairro":"VILA BELA","cep":""},"geometry":{"type":"LineString","coordinates":[[-38.32691,-8.003365,0.0],[-38.324928,-8.005462,0.0]]}},
{"type":"Feature","properties":{"name":"Rua Projetada 33","descricao":"Loteamento Rocha Bela Serra","codigo":"","bairro":"VILA BELA","cep":""},"geometry":{"type":"LineString","coordinates":[[-38.327253,-8.003688,0.0],[-38.325192,-8.005869,0.0]]}},
{"type":"Feature","properties":{"name":"Rua Projetada 34","descricao":"Loteamento Rocha Bela Serra","codigo":"","bairro":"VILA BELA","cep":""},"geometry":{"type":"LineString","coordinates":[[-38.327597,-8.00401,0.0],[-38.325456,-8.006275,0.0]]}},
{"type":"Feature","properties":{"name":"Rua Projetada 35","descricao":"Loteamento Rocha Bela Serra","codigo":"","bairro":"VILA BELA","cep":""},"geometry":{"type":"LineString","coordinates":[[-38.326579,-8.005167,0.0],[-38.326726,-8.005305,0.0]]}},
{"type":"Feature","properties":{"name":"Rua Projetada","descricao":"","codigo":"","bairro":"VILA BELA","cep":""},"geometry":{"type":"LineString","coordinates":[[-38.323291,-7.999267,0.0],[-38.32283,-7.998653,0.0]]}},
{"type":"Feature","properties":{"name":"Rua Dorgival Pereira da Silva","descricao":"Prolongamento","codigo":"195","bairro":"TANCREDO NEVES","cep":"56909270"},"geometry":{"type":"LineString","coordinates":[[-38.2803952,-7.9755272,0.0],[-38.2801136,-7.9750039,0.0]]}},
{"type":"Feature","properties":{"name":"Rua Projetada 04 Início Linha da Chesf","descricao":"","codigo":"","bairro":"TANCREDO NEVES","cep":""},"geometry":{"type":"LineString","coordinates":[[-38.2674719,-7.9680352,0.0],[-38.2669355,-7.9714512,0.0]]}},
{"type":"Feature","properties":{"name":"Rua Projetada 26 Paralela Linha da Chesf","descricao":"","codigo":"","bairro":"TANCREDO NEVES","cep":""},"geometry":{"type":"LineString","coordinates":[[-38.264566,-7.9705039,0.0],[-38.2614868,-7.9697548,0.0]]}},
{"type":"Feature","properties":{"name":"Rua Projetada 28 Paralela Linha da Chesf","descricao":"","codigo":"","bairro":"TANCREDO NEVES","cep":""},"geometry":{"type":"LineString","coordinates":[[-38.2646679,-7.9697654,0.0],[-38.2614224,-7.9690482,0.0]]}},
{"type":"Feature","properties":{"name":"Rua Projetada 06 Início Linha da Chesf","descricao":"","codigo":"","bairro":"TANCREDO NEVES","cep":""},"geometry":{"type":"LineString","coordinates":[[-38.2645552,-7.9708492,0.0],[-38.2650032,-7.9674518,0.0]]}},
{"type":"Feature","properties":{"name":"Rua Projetada 07 Início Linha da Chesf","descricao":"","codigo":"","bairro":"TANCREDO NEVES","cep":""},"geometry":{"type":"LineString","coordinates":[[-38.2615086,-7.9700988,0.0],[-38.2611358,-7.9673044,0.0]]}},
{"type":"Feature","properties":{"name":"Rua Projetada 05 Início Linha da Chesf","descricao":"","codigo":"","bairro":"TANCREDO NEVES","cep":""},"geometry":{"type":"LineString","coordinates":[[-38.2655295,-7.9710969,0.0],[-38.2659748,-7.9676702,0.0]]}},
{"type":"Feature","properties":{"name":"Rua Projetada Maria de Jesus Alves de Souza","descricao":"","codigo":"17884","bairro":"TANCREDO NEVES","cep":""},"geometry":{"type":"LineString","coordinates":[[-38.2835519,-7.9692373,0.0],[-38.2837718,-7.9698642,0.0]]}},
{"type":"Feature","properties":{"name":"Avenida Projetada 01 (Acesso ao Samu)","descricao":"","codigo":"9212","bairro":"VILA BELA","cep":""},"geometry":{"type":"LineString","coordinates":[[-38.3349508,-7.9914829,0.0],[-38.3320299,-7.9943037,0.0],[-38.3291626,-7.9971936,0.0]]}},
{"type":"Feature","properties":{"name":"Travessa Projetada 01 Avenida do Samu","descricao":"","codigo":"17892","bairro":"VILA BELA","cep":""},"geometry":{"type":"LineString","coordinates":[[-38.3340024,-7.9923049,0.0],[-38.333584,-7.9920367,0.0]]}},
{"type":"Feature","properties":{"name":"Travessa Antônio Mariano","descricao":"","codigo":"8613","bairro":"BOM JESUS","cep":""},"geometry":{"type":"LineString","coordinates":[[-38.313311,-7.9816687,0.0],[-38.3136047,-7.9814708,0.0]]}},
{"type":"Feature","properties":{"name":"Rua Projetada 01 Paral Rua Antônio Mariano","descricao":"","codigo":"17914","bairro":"BOM JESUS","cep":""},"geometry":{"type":"LineString","coordinates":[[-38.3136181,-7.9814522,0.0],[-38.3132842,-7.9809595,0.0]]}},
{"type":"Feature","properties":{"name":"Rua Sem Denominação","descricao":"","codigo":"","bairro":"BOM JESUS","cep":""},"geometry":{"type":"LineString","coordinates":[[-38.3154501,-7.9830453,0.0],[-38.3147688,-7.9811116,0.0]]}}
]
}
